{"skeleton":{"hash":"HCc7OpmmeklW0+Gn067KrN6IXVI","spine":"3.4.02","width":1801.04,"height":1971.81,"images":""},"bones":[{"name":"root"},{"name":"aura","parent":"root","length":997.67,"rotation":89.34,"x":3.23,"y":-6.45},{"name":"aura 2","parent":"root","length":489.81,"rotation":91.43,"x":313.61,"y":1305},{"name":"box and barrel","parent":"root","length":1521.35,"rotation":90.08,"x":3.72,"y":44.23},{"name":"glow 1","parent":"root","length":37.7,"rotation":90,"x":-387.22,"y":866.68},{"name":"glow 2","parent":"root","length":34.94,"rotation":86.34,"x":179.25,"y":1510.94},{"name":"glow 3","parent":"root","length":55.72,"rotation":88.97,"x":-554.7,"y":213.03},{"name":"glow 4","parent":"root","length":56.74,"rotation":87.99,"x":-82.33,"y":337.06},{"name":"glow 5","parent":"root","length":37.8,"rotation":90,"x":365.22,"y":460.59},{"name":"glow 6","parent":"root","length":35.83,"rotation":88.4,"x":694.44,"y":146.42}],"slots":[{"name":"box and barrel","bone":"box and barrel","attachment":"box and barrel"},{"name":"aura","bone":"aura","attachment":"aura"},{"name":"glow 6","bone":"glow 6","attachment":"glow 6"},{"name":"glow 5","bone":"glow 5","attachment":"glow 5"},{"name":"glow 4","bone":"glow 4","attachment":"glow 4"},{"name":"glow 3","bone":"glow 3","attachment":"glow 3"},{"name":"glow 2","bone":"glow 2","attachment":"glow 2"},{"name":"glow 1","bone":"glow 1","attachment":"glow 1"},{"name":"aura 2","bone":"aura 2","attachment":"aura 2"}],"skins":{"default":{"aura":{"aura":{"x":826.98,"y":36.85,"rotation":-89.34,"width":1776,"height":1868}},"aura 2":{"aura 2":{"x":-371.08,"y":372.29,"rotation":-91.43,"width":1776,"height":1868}},"box and barrel":{"box and barrel":{"x":794.31,"y":28.53,"rotation":-90.08,"width":1776,"height":1793}},"glow 1":{"glow 1":{"x":-20.18,"y":-2.22,"rotation":-90,"width":252,"height":199}},"glow 2":{"glow 2":{"x":-15.18,"y":-8.44,"rotation":-86.34,"width":245,"height":210}},"glow 3":{"glow 3":{"x":616.43,"y":-47.8,"rotation":-88.97,"width":855,"height":1478}},"glow 4":{"glow 4":{"x":-16.71,"y":-8.48,"rotation":-87.99,"width":245,"height":210}},"glow 5":{"glow 5":{"x":-16.93,"y":-16.79,"rotation":-90,"width":279,"height":211}},"glow 6":{"glow 6":{"x":-18.35,"y":-4.07,"rotation":-88.4,"width":252,"height":211}}}},"animations":{"animation":{"slots":{"aura":{"color":[{"time":0,"color":"ffffff00"},{"time":0.7666,"color":"ffffffff","curve":"stepped"},{"time":0.8666,"color":"ffffffff"},{"time":1.6666,"color":"ffffff00"}]},"aura 2":{"color":[{"time":0,"color":"ffffff00"},{"time":0.7666,"color":"ffffffff","curve":"stepped"},{"time":0.8666,"color":"ffffffff"},{"time":1.6666,"color":"ffffff00"}]},"glow 1":{"color":[{"time":0,"color":"ffffff00","curve":"stepped"},{"time":0.4666,"color":"ffffff00"},{"time":0.6333,"color":"ffffffff","curve":"stepped"},{"time":0.7333,"color":"ffffffff"},{"time":0.9,"color":"ffffff00","curve":"stepped"},{"time":1.6666,"color":"ffffff00"}]},"glow 2":{"color":[{"time":0,"color":"ffffff00","curve":"stepped"},{"time":0.7,"color":"ffffff00"},{"time":0.8666,"color":"ffffffff","curve":"stepped"},{"time":0.9666,"color":"ffffffff"},{"time":1.1333,"color":"ffffff00","curve":"stepped"},{"time":1.6666,"color":"ffffff00"}]},"glow 3":{"color":[{"time":0,"color":"ffffff00"},{"time":0.1666,"color":"ffffffff","curve":"stepped"},{"time":0.2666,"color":"ffffffff"},{"time":0.4333,"color":"ffffff00","curve":"stepped"},{"time":1.6666,"color":"ffffff00"}]},"glow 4":{"color":[{"time":0,"color":"ffffff00","curve":"stepped"},{"time":1.2333,"color":"ffffff00"},{"time":1.4,"color":"ffffffff","curve":"stepped"},{"time":1.5,"color":"ffffffff"},{"time":1.6666,"color":"ffffff00"}]},"glow 5":{"color":[{"time":0,"color":"ffffff00","curve":"stepped"},{"time":0.2333,"color":"ffffff00"},{"time":0.4,"color":"ffffffff","curve":"stepped"},{"time":0.5,"color":"ffffffff"},{"time":0.6666,"color":"ffffff00","curve":"stepped"},{"time":1.6666,"color":"ffffff00"}]},"glow 6":{"color":[{"time":0,"color":"ffffff00","curve":"stepped"},{"time":0.9666,"color":"ffffff00"},{"time":1.1333,"color":"ffffffff","curve":"stepped"},{"time":1.2333,"color":"ffffffff"},{"time":1.4,"color":"ffffff00","curve":"stepped"},{"time":1.6666,"color":"ffffff00"}]}},"bones":{"box and barrel":{"rotate":[{"time":0,"angle":0}],"translate":[{"time":0,"x":0,"y":0}],"scale":[{"time":0,"x":1,"y":1}]},"glow 2":{"rotate":[{"time":0,"angle":0,"curve":"stepped"},{"time":0.7,"angle":0,"curve":"stepped"},{"time":0.8666,"angle":0,"curve":"stepped"},{"time":0.9666,"angle":0,"curve":"stepped"},{"time":1.1333,"angle":0,"curve":"stepped"},{"time":1.6666,"angle":0}],"translate":[{"time":0,"x":0,"y":0,"curve":"stepped"},{"time":0.7,"x":0,"y":0,"curve":"stepped"},{"time":0.8666,"x":0,"y":0,"curve":"stepped"},{"time":0.9666,"x":0,"y":0,"curve":"stepped"},{"time":1.1333,"x":0,"y":0,"curve":"stepped"},{"time":1.6666,"x":0,"y":0}],"scale":[{"time":0,"x":0.05,"y":0.05,"curve":"stepped"},{"time":0.7,"x":0.05,"y":0.05},{"time":0.8666,"x":2.899,"y":2.899,"curve":"stepped"},{"time":0.9666,"x":2.899,"y":2.899},{"time":1.1333,"x":0.05,"y":0.05,"curve":"stepped"},{"time":1.6666,"x":0.05,"y":0.05}]},"glow 1":{"rotate":[{"time":0,"angle":0,"curve":"stepped"},{"time":0.4666,"angle":0,"curve":"stepped"},{"time":0.6333,"angle":0,"curve":"stepped"},{"time":0.7333,"angle":0,"curve":"stepped"},{"time":0.9,"angle":0,"curve":"stepped"},{"time":1.6666,"angle":0}],"translate":[{"time":0,"x":0,"y":0,"curve":"stepped"},{"time":0.4666,"x":0,"y":0,"curve":"stepped"},{"time":0.6333,"x":0,"y":0,"curve":"stepped"},{"time":0.7333,"x":0,"y":0,"curve":"stepped"},{"time":0.9,"x":0,"y":0,"curve":"stepped"},{"time":1.6666,"x":0,"y":0}],"scale":[{"time":0,"x":0.069,"y":0.069,"curve":"stepped"},{"time":0.4666,"x":0.069,"y":0.069},{"time":0.6333,"x":3.02,"y":3.02,"curve":"stepped"},{"time":0.7333,"x":3.02,"y":3.02},{"time":0.9,"x":0.069,"y":0.069,"curve":"stepped"},{"time":1.6666,"x":0.069,"y":0.069}]},"glow 3":{"rotate":[{"time":0,"angle":0,"curve":"stepped"},{"time":0.1666,"angle":0,"curve":"stepped"},{"time":0.2666,"angle":0,"curve":"stepped"},{"time":0.4333,"angle":0,"curve":"stepped"},{"time":1.6666,"angle":0}],"translate":[{"time":0,"x":0,"y":0,"curve":"stepped"},{"time":0.1666,"x":0,"y":0,"curve":"stepped"},{"time":0.2666,"x":0,"y":0,"curve":"stepped"},{"time":0.4333,"x":0,"y":0,"curve":"stepped"},{"time":1.6666,"x":0,"y":0}],"scale":[{"time":0,"x":0.016,"y":0.016},{"time":0.1666,"x":2.179,"y":2.179,"curve":"stepped"},{"time":0.2666,"x":2.179,"y":2.179},{"time":0.4333,"x":0.016,"y":0.016,"curve":"stepped"},{"time":1.6666,"x":0.016,"y":0.016}]},"glow 4":{"rotate":[{"time":0,"angle":0,"curve":"stepped"},{"time":1.2333,"angle":0,"curve":"stepped"},{"time":1.4,"angle":0,"curve":"stepped"},{"time":1.5,"angle":0,"curve":"stepped"},{"time":1.6666,"angle":0}],"translate":[{"time":0,"x":0,"y":0,"curve":"stepped"},{"time":1.2333,"x":0,"y":0,"curve":"stepped"},{"time":1.4,"x":0,"y":0,"curve":"stepped"},{"time":1.5,"x":0,"y":0,"curve":"stepped"},{"time":1.6666,"x":0,"y":0}],"scale":[{"time":0,"x":0.026,"y":0.026,"curve":"stepped"},{"time":1.2333,"x":0.026,"y":0.026},{"time":1.4,"x":2.374,"y":2.374,"curve":"stepped"},{"time":1.5,"x":2.374,"y":2.374},{"time":1.6666,"x":0.026,"y":0.026}]},"aura":{"rotate":[{"time":0,"angle":0,"curve":"stepped"},{"time":0.7666,"angle":0,"curve":"stepped"},{"time":0.8666,"angle":0,"curve":"stepped"},{"time":1.6666,"angle":0}],"translate":[{"time":0,"x":0,"y":0,"curve":"stepped"},{"time":0.7666,"x":0,"y":0,"curve":"stepped"},{"time":0.8666,"x":0,"y":0,"curve":"stepped"},{"time":1.6666,"x":0,"y":0}],"scale":[{"time":0,"x":0.817,"y":0.817},{"time":0.7666,"x":0.967,"y":0.967,"curve":"stepped"},{"time":0.8666,"x":0.967,"y":0.967},{"time":1.6666,"x":0.817,"y":0.817}]},"glow 5":{"rotate":[{"time":0,"angle":0,"curve":"stepped"},{"time":0.2333,"angle":0,"curve":"stepped"},{"time":0.4,"angle":0,"curve":"stepped"},{"time":0.5,"angle":0,"curve":"stepped"},{"time":0.6666,"angle":0,"curve":"stepped"},{"time":1.6666,"angle":0}],"translate":[{"time":0,"x":0,"y":0,"curve":"stepped"},{"time":0.2333,"x":0,"y":0,"curve":"stepped"},{"time":0.4,"x":0,"y":0,"curve":"stepped"},{"time":0.5,"x":0,"y":0,"curve":"stepped"},{"time":0.6666,"x":0,"y":0,"curve":"stepped"},{"time":1.6666,"x":0,"y":0}],"scale":[{"time":0,"x":0.041,"y":0.041,"curve":"stepped"},{"time":0.2333,"x":0.041,"y":0.041},{"time":0.4,"x":2.234,"y":2.234,"curve":"stepped"},{"time":0.5,"x":2.234,"y":2.234},{"time":0.6666,"x":0.041,"y":0.041,"curve":"stepped"},{"time":1.6666,"x":0.041,"y":0.041}]},"glow 6":{"rotate":[{"time":0,"angle":0,"curve":"stepped"},{"time":0.9666,"angle":0,"curve":"stepped"},{"time":1.1333,"angle":0,"curve":"stepped"},{"time":1.2333,"angle":0,"curve":"stepped"},{"time":1.4,"angle":0,"curve":"stepped"},{"time":1.6666,"angle":0}],"translate":[{"time":0,"x":0,"y":0,"curve":"stepped"},{"time":0.9666,"x":0,"y":0,"curve":"stepped"},{"time":1.1333,"x":0,"y":0,"curve":"stepped"},{"time":1.2333,"x":0,"y":0,"curve":"stepped"},{"time":1.4,"x":0,"y":0,"curve":"stepped"},{"time":1.6666,"x":0,"y":0}],"scale":[{"time":0,"x":0.016,"y":0.016,"curve":"stepped"},{"time":0.9666,"x":0.016,"y":0.016},{"time":1.1333,"x":2.517,"y":2.517,"curve":"stepped"},{"time":1.2333,"x":2.517,"y":2.517},{"time":1.4,"x":0.016,"y":0.016,"curve":"stepped"},{"time":1.6666,"x":0.016,"y":0.016}]},"aura 2":{"rotate":[{"time":0,"angle":0,"curve":"stepped"},{"time":0.7666,"angle":0,"curve":"stepped"},{"time":0.8666,"angle":0,"curve":"stepped"},{"time":1.6666,"angle":0}],"translate":[{"time":0,"x":0,"y":0,"curve":"stepped"},{"time":0.7666,"x":0,"y":0,"curve":"stepped"},{"time":0.8666,"x":0,"y":0,"curve":"stepped"},{"time":1.6666,"x":0,"y":0}],"scale":[{"time":0,"x":0.648,"y":0.648},{"time":0.7666,"x":1,"y":1,"curve":"stepped"},{"time":0.8666,"x":1,"y":1},{"time":1.6666,"x":0.648,"y":0.648}]}}}}}