{"skeleton":{"hash":"dgK5RX76GGGgjwgnM6Mdjmfhp9M","spine":"3.4.02","width":2523,"height":3423,"images":"./lvlup images/"},"bones":[{"name":"root"},{"name":"gold_back_glow","parent":"root","length":864.3,"rotation":89.99,"x":-21.41,"y":918.96},{"name":"gold_back_glow copy","parent":"root","length":137.25,"rotation":90,"x":-433.71,"y":1910.87},{"name":"gold_back_glow copy 2","parent":"root","length":210.67,"rotation":90,"x":437.49,"y":2108.77},{"name":"gold_back_glow copy 3","parent":"root","length":162.79,"rotation":89.99,"x":-39.5,"y":2204.53},{"name":"gold_back_glow copy 4","parent":"root","length":110.85,"rotation":90,"x":750.21,"y":1430.77},{"name":"gold_back_glow copy 5","parent":"root","length":99.33,"rotation":90,"x":-750.21,"y":1012.94},{"name":"gold_back_glow copy 6","parent":"root","length":124.48,"rotation":90,"x":-837.5,"y":1660.3},{"name":"gold_back_glow copy 7","parent":"root","length":142.04,"rotation":89.99,"x":-1.19,"y":2544.48},{"name":"gold_back_glow copy 8","parent":"root","length":183.53,"rotation":90,"x":-663.53,"y":2375.31},{"name":"gold_back_glow copy 9","parent":"root","length":165.98,"rotation":90,"x":471.21,"y":2539.69},{"name":"gold_back_glow copy 10","parent":"root","length":181.94,"rotation":89.99,"x":846.07,"y":2022.59},{"name":"gold_back_glow copy 11","parent":"root","length":154.81,"rotation":89.99,"x":-791.21,"y":2014.61},{"name":"lvl_up","parent":"root","length":445.77,"rotation":89.99,"x":-2.44,"y":-6.29}],"slots":[{"name":"gold_back_glow","bone":"gold_back_glow","attachment":"gold_back_glow"},{"name":"gold_back_glow copy","bone":"gold_back_glow copy","attachment":"gold_back_glow copy"},{"name":"gold_back_glow copy 4","bone":"gold_back_glow copy 4","attachment":"gold_back_glow copy 4"},{"name":"gold_back_glow copy 5","bone":"gold_back_glow copy 5","attachment":"gold_back_glow copy 5"},{"name":"gold_back_glow copy 6","bone":"gold_back_glow copy 6","attachment":"gold_back_glow copy 6"},{"name":"gold_back_glow copy 7","bone":"gold_back_glow copy 7","attachment":"gold_back_glow copy 7"},{"name":"gold_back_glow copy 2","bone":"gold_back_glow copy 2","attachment":"gold_back_glow copy 2"},{"name":"gold_back_glow copy 3","bone":"gold_back_glow copy 3","attachment":"gold_back_glow copy 3"},{"name":"gold_back_glow copy 8","bone":"gold_back_glow copy 8","attachment":"gold_back_glow copy 8"},{"name":"gold_back_glow copy 9","bone":"gold_back_glow copy 9","attachment":"gold_back_glow copy 9"},{"name":"gold_back_glow copy 10","bone":"gold_back_glow copy 10","attachment":"gold_back_glow copy 10"},{"name":"gold_back_glow copy 11","bone":"gold_back_glow copy 11","attachment":"gold_back_glow copy 11"},{"name":"lvl_up","bone":"lvl_up","attachment":"lvl up"}],"skins":{"default":{"gold_back_glow":{"gold_back_glow":{"x":-66.96,"y":74.08,"rotation":-89.99,"width":2523,"height":3158}},"gold_back_glow copy":{"gold_back_glow copy":{"x":-0.37,"y":1.78,"rotation":-90,"width":137,"height":171}},"gold_back_glow copy 10":{"gold_back_glow copy 10":{"x":-6.59,"y":4.57,"rotation":-89.99,"width":253,"height":316}},"gold_back_glow copy 11":{"gold_back_glow copy 11":{"x":0.38,"y":3.28,"rotation":-89.99,"width":253,"height":316}},"gold_back_glow copy 2":{"gold_back_glow copy 2":{"x":-5.77,"y":0.99,"rotation":-90,"width":253,"height":316}},"gold_back_glow copy 3":{"gold_back_glow copy 3":{"x":0.46,"y":5.99,"rotation":-89.99,"width":253,"height":316}},"gold_back_glow copy 4":{"gold_back_glow copy 4":{"x":-0.27,"y":0.71,"rotation":-90,"width":137,"height":171}},"gold_back_glow copy 5":{"gold_back_glow copy 5":{"x":-0.44,"y":-3.71,"rotation":-90,"width":137,"height":171}},"gold_back_glow copy 6":{"gold_back_glow copy 6":{"x":-1.8,"rotation":-90,"width":137,"height":171}},"gold_back_glow copy 7":{"gold_back_glow copy 7":{"x":3.01,"y":2.3,"rotation":-89.99,"width":137,"height":171}},"gold_back_glow copy 8":{"gold_back_glow copy 8":{"x":0.68,"y":4.96,"rotation":-90,"width":253,"height":316}},"gold_back_glow copy 9":{"gold_back_glow copy 9":{"x":-1.69,"y":-3.28,"rotation":-90,"width":253,"height":316}},"lvl_up":{"lvl up":{"x":6.29,"y":-2.44,"rotation":-89.99,"width":1500,"height":520}}}},"animations":{"lvl_up":{"slots":{"gold_back_glow":{"color":[{"time":0,"color":"ffffff00"},{"time":0.1666,"color":"ffffffff","curve":"stepped"},{"time":0.5333,"color":"ffffffff"},{"time":1,"color":"ffffff00"}]},"gold_back_glow copy":{"color":[{"time":0,"color":"ffffff00","curve":"stepped"},{"time":0.2333,"color":"ffffff00"},{"time":0.3333,"color":"ffffffff","curve":"stepped"},{"time":0.9,"color":"ffffffff"},{"time":1.0666,"color":"ffffff00"}]},"gold_back_glow copy 2":{"color":[{"time":0,"color":"ffffff00","curve":"stepped"},{"time":0.2333,"color":"ffffff00"},{"time":0.3666,"color":"ffffffff","curve":"stepped"},{"time":1,"color":"ffffffff"},{"time":1.1333,"color":"ffffff00"}]},"gold_back_glow copy 3":{"color":[{"time":0,"color":"ffffff00","curve":"stepped"},{"time":0.1666,"color":"ffffff00"},{"time":0.2666,"color":"ffffffff","curve":"stepped"},{"time":0.9333,"color":"ffffffff"},{"time":1.0666,"color":"ffffff00"}]},"gold_back_glow copy 4":{"color":[{"time":0,"color":"ffffff00","curve":"stepped"},{"time":0.2333,"color":"ffffff00"},{"time":0.4,"color":"ffffffff","curve":"stepped"},{"time":1,"color":"ffffffff"},{"time":1.1333,"color":"ffffff00"}]},"gold_back_glow copy 5":{"color":[{"time":0,"color":"ffffff00","curve":"stepped"},{"time":0.2333,"color":"ffffff00"},{"time":0.4,"color":"ffffffff","curve":"stepped"},{"time":0.9666,"color":"ffffffff"},{"time":1.1,"color":"ffffff00"}]},"gold_back_glow copy 6":{"color":[{"time":0,"color":"ffffff00","curve":"stepped"},{"time":0.2333,"color":"ffffff00"},{"time":0.4,"color":"ffffffff","curve":"stepped"},{"time":0.9333,"color":"ffffffff"},{"time":1.0666,"color":"ffffff00"}]},"gold_back_glow copy 7":{"color":[{"time":0,"color":"ffffff00","curve":"stepped"},{"time":0.2333,"color":"ffffff00"},{"time":0.4,"color":"ffffffff","curve":"stepped"},{"time":0.8666,"color":"ffffffff"},{"time":1.0333,"color":"ffffff00"}]},"gold_back_glow copy 8":{"color":[{"time":0,"color":"ffffff00","curve":"stepped"},{"time":0.2333,"color":"ffffff00"},{"time":0.4666,"color":"ffffffff","curve":"stepped"},{"time":0.8,"color":"ffffffff"},{"time":1,"color":"ffffff00"}]},"gold_back_glow copy 9":{"color":[{"time":0,"color":"ffffff00","curve":"stepped"},{"time":0.2666,"color":"ffffff00"},{"time":0.4333,"color":"ffffffff","curve":"stepped"},{"time":0.7666,"color":"ffffffff"},{"time":0.9,"color":"ffffff00"}]},"gold_back_glow copy 10":{"color":[{"time":0,"color":"ffffff00","curve":"stepped"},{"time":0.2,"color":"ffffff00"},{"time":0.3666,"color":"ffffffff","curve":"stepped"},{"time":0.8,"color":"ffffffff"},{"time":1.0666,"color":"ffffff00"}]},"gold_back_glow copy 11":{"color":[{"time":0,"color":"ffffff00","curve":"stepped"},{"time":0.2,"color":"ffffff00"},{"time":0.3,"color":"ffffffff","curve":"stepped"},{"time":0.9333,"color":"ffffffff"},{"time":1.0666,"color":"ffffff00"}]},"lvl_up":{"color":[{"time":0,"color":"ffffff00"},{"time":0.1666,"color":"ffffffff","curve":"stepped"},{"time":0.5333,"color":"ffffffff"},{"time":1,"color":"ffffff00"}]}},"bones":{"gold_back_glow":{"scale":[{"time":0,"x":0,"y":0},{"time":0.3333,"x":1,"y":1}]},"lvl_up":{"translate":[{"time":0,"x":0,"y":922.15},{"time":0.1333,"x":0,"y":1068.75},{"time":0.2666,"x":0,"y":922.19},{"time":0.4,"x":0,"y":1013.71},{"time":0.5333,"x":0,"y":922.19}]},"gold_back_glow copy 6":{"translate":[{"time":0,"x":395.33,"y":-373.86},{"time":1.1666,"x":216.2,"y":-340.54}]},"gold_back_glow copy 11":{"translate":[{"time":0,"x":1333.59,"y":-1437.98},{"time":1.1666,"x":1450.23,"y":-1483.8}]},"gold_back_glow copy 3":{"translate":[{"time":0,"x":-389.02,"y":-1356.34},{"time":1.1666,"x":-526.49,"y":-1552.12}]},"gold_back_glow copy 10":{"translate":[{"time":0,"x":-1099.69,"y":-1691.83},{"time":1.1666,"x":-1124.68,"y":-1775.15}]},"gold_back_glow copy":{"translate":[{"time":0,"x":852.85,"y":-592.17},{"time":1.1666,"x":1019.47,"y":-363.06}]},"gold_back_glow copy 2":{"translate":[{"time":0,"x":136.18,"y":-935.77},{"time":1.1666,"x":473.6,"y":-839.96}]},"gold_back_glow copy 7":{"translate":[{"time":0,"x":-79.38,"y":-707.02},{"time":1.1666,"x":-341.81,"y":-444.59}]},"gold_back_glow copy 4":{"translate":[{"time":0,"x":-559.94,"y":-1040.08},{"time":1.1666,"x":-384.99,"y":-1223.37}]},"gold_back_glow copy 8":{"translate":[{"time":0,"x":345.19,"y":-871.48},{"time":1.1666,"x":161.91,"y":-725.68}]},"gold_back_glow copy 9":{"translate":[{"time":0,"x":-339.54,"y":-911.09},{"time":1.1666,"x":-197.9,"y":-611.17}]},"gold_back_glow copy 5":{"translate":[{"time":0,"x":287.42,"y":20.82},{"time":1.1666,"x":-158.29,"y":0}]}}}}}