{"skeleton":{"hash":"NrqJSZrBW1ylqGKtMLErD6KM4OI","spine":"3.4.02","width":3000,"height":3000},"bones":[{"name":"root"},{"name":"star_big_1","parent":"root","length":119.39,"rotation":89.99,"x":-590.03,"y":211.39,"scaleX":3.075,"scaleY":3.075},{"name":"star_big_2","parent":"root","length":97.68,"rotation":90,"x":251.03,"y":1037.25,"scaleX":2.737,"scaleY":2.737},{"name":"star_small_1","parent":"root","length":55.47,"rotation":89.99,"x":694.37,"y":79.53,"scaleX":2.802,"scaleY":2.802},{"name":"star_small_2","parent":"root","length":62.1,"rotation":90,"x":-127.67,"y":1612.49,"scaleX":2.49,"scaleY":2.49},{"name":"star_small_3","parent":"root","length":61.5,"rotation":90,"x":-183.37,"y":818.51,"scaleX":2.276,"scaleY":2.276}],"slots":[{"name":"gold_star_big_1","bone":"star_big_1","attachment":"gold_star_big_1"},{"name":"gold_star_big_2","bone":"star_big_2","attachment":"gold_star_big_2"},{"name":"gold_star_small_1","bone":"star_small_1","attachment":"gold_star_small_1"},{"name":"gold_star_small_2","bone":"star_small_2","attachment":"gold_star_small_2"},{"name":"gold_star_small_3","bone":"star_small_3","attachment":"gold_star_small_3"},{"name":"silver_star_big_1","bone":"star_big_1","attachment":"silver_star_big_1"},{"name":"silver_star_big_2","bone":"star_big_2","attachment":"silver_star_big_2"},{"name":"silver_star_small_1","bone":"star_small_1","attachment":"silver_star_small_1"},{"name":"silver_star_small_2","bone":"star_small_2","attachment":"silver_star_small_2"},{"name":"silver_star_small_3","bone":"star_small_3","attachment":"silver_star_small_3"}],"skins":{"default":{},"gold_shine":{"gold_star_big_1":{"gold_star_big_1":{"x":-0.09,"y":-2.23,"rotation":-89.99,"width":259,"height":259}},"gold_star_big_2":{"gold_star_big_2":{"x":2.49,"y":-1.02,"rotation":-90,"width":259,"height":259}},"gold_star_small_1":{"gold_star_small_1":{"x":-1.17,"y":-2.78,"rotation":-89.99,"width":172,"height":172}},"gold_star_small_2":{"gold_star_small_2":{"x":-0.62,"y":-2.78,"rotation":-90,"width":172,"height":172}},"gold_star_small_3":{"gold_star_small_3":{"x":-1.26,"y":-1.57,"rotation":-90,"width":172,"height":172}}},"silver_shine":{"silver_star_big_1":{"silver_star_big_1":{"x":-0.09,"y":-2.23,"rotation":-89.99,"width":259,"height":259}},"silver_star_big_2":{"silver_star_big_2":{"x":2.49,"y":-1.02,"rotation":-90,"width":259,"height":259}},"silver_star_small_1":{"silver_star_small_1":{"x":-1.17,"y":-2.78,"rotation":-89.99,"width":172,"height":172}},"silver_star_small_2":{"silver_star_small_2":{"x":-0.62,"y":-2.78,"rotation":-90,"width":172,"height":172}},"silver_star_small_3":{"silver_star_small_3":{"x":-1.26,"y":-1.57,"rotation":-90,"width":172,"height":172}}}},"animations":{"animation":{"slots":{"gold_star_big_1":{"color":[{"time":0,"color":"ffffff00"},{"time":0.3666,"color":"ffffffff","curve":"stepped"},{"time":0.5,"color":"ffffffff"},{"time":0.7333,"color":"ffffff00"}]},"gold_star_big_2":{"color":[{"time":0,"color":"ffffff00","curve":"stepped"},{"time":1.2,"color":"ffffff00"},{"time":1.5333,"color":"ffffffff","curve":"stepped"},{"time":1.6666,"color":"ffffffff"},{"time":2,"color":"ffffff00"}]},"gold_star_small_1":{"color":[{"time":0,"color":"ffffff00","curve":"stepped"},{"time":0.7666,"color":"ffffff00"},{"time":1.0333,"color":"ffffffff","curve":"stepped"},{"time":1.1333,"color":"ffffffff"},{"time":1.4,"color":"ffffff00"}]},"gold_star_small_2":{"color":[{"time":0,"color":"ffffff00","curve":"stepped"},{"time":0.9333,"color":"ffffff00"},{"time":1.1666,"color":"ffffffff","curve":"stepped"},{"time":1.3,"color":"ffffffff"},{"time":1.6,"color":"ffffff00"}]},"gold_star_small_3":{"color":[{"time":0,"color":"ffffff00","curve":"stepped"},{"time":0.3666,"color":"ffffff00"},{"time":0.6666,"color":"ffffffff","curve":"stepped"},{"time":0.8333,"color":"ffffffff"},{"time":1.0333,"color":"ffffff00"}]},"silver_star_big_1":{"color":[{"time":0,"color":"ffffff00"},{"time":0.3666,"color":"ffffffff","curve":"stepped"},{"time":0.5,"color":"ffffffff"},{"time":0.7333,"color":"ffffff00"}]},"silver_star_big_2":{"color":[{"time":0,"color":"ffffff00","curve":"stepped"},{"time":1.2,"color":"ffffff00"},{"time":1.5333,"color":"ffffffff","curve":"stepped"},{"time":1.6666,"color":"ffffffff"},{"time":2,"color":"ffffff00"}]},"silver_star_small_1":{"color":[{"time":0,"color":"ffffff00","curve":"stepped"},{"time":0.7666,"color":"ffffff00"},{"time":1.0333,"color":"ffffffff","curve":"stepped"},{"time":1.1333,"color":"ffffffff"},{"time":1.4,"color":"ffffff00"}]},"silver_star_small_2":{"color":[{"time":0,"color":"ffffff00","curve":"stepped"},{"time":0.9333,"color":"ffffff00"},{"time":1.1666,"color":"ffffffff","curve":"stepped"},{"time":1.3,"color":"ffffffff"},{"time":1.6,"color":"ffffff00"}]},"silver_star_small_3":{"color":[{"time":0,"color":"ffffff00","curve":"stepped"},{"time":0.3666,"color":"ffffff00"},{"time":0.6666,"color":"ffffffff","curve":"stepped"},{"time":0.8333,"color":"ffffffff"},{"time":1.0333,"color":"ffffff00"}]}},"bones":{"star_big_1":{"rotate":[{"time":0,"angle":0},{"time":0.7333,"angle":-168.96}],"scale":[{"time":0,"x":0.163,"y":0.163},{"time":0.4333,"x":1,"y":1},{"time":0.7333,"x":0.163,"y":0.163}]},"star_big_2":{"rotate":[{"time":1.2,"angle":0},{"time":2,"angle":-129.72}],"scale":[{"time":1.2,"x":0.333,"y":0.333},{"time":1.5666,"x":0.861,"y":0.861},{"time":2,"x":0.333,"y":0.333}]},"star_small_1":{"rotate":[{"time":0.7666,"angle":0},{"time":1.4,"angle":-143.28}],"scale":[{"time":0.7666,"x":0.516,"y":0.516},{"time":1.1,"x":1.526,"y":1.526},{"time":1.4,"x":0.516,"y":0.516}]},"star_small_3":{"rotate":[{"time":0.3666,"angle":0},{"time":1.0333,"angle":-227.48}],"scale":[{"time":0.3666,"x":0.404,"y":0.404},{"time":0.7,"x":2.927,"y":2.927},{"time":1.0333,"x":0.404,"y":0.404}]},"star_small_2":{"rotate":[{"time":0.9333,"angle":0},{"time":1.6,"angle":-167.35}],"scale":[{"time":0.9333,"x":0.254,"y":0.254},{"time":1.2333,"x":1.795,"y":1.795},{"time":1.6,"x":0.254,"y":0.254}]}}}}}