{"skeleton":{"hash":"/WM4mR/vdXfOVGBYsmV2y/JWrsI","spine":"3.5.27","width":2048,"height":2844.64},"bones":[{"name":"root"},{"name":"snow_1","parent":"root","length":55.58,"rotation":90,"x":-157.93,"y":260.35},{"name":"snow_2","parent":"root","length":49.7,"rotation":90,"x":156.8,"y":53.41},{"name":"snow_3","parent":"root","length":50.2,"rotation":90,"x":-53.93,"y":-157.31},{"name":"snow_4","parent":"root","length":49.2,"rotation":90,"x":50.94,"y":-156.32},{"name":"snow_5","parent":"root","length":47.71,"rotation":90,"x":156.8,"y":-156.32},{"name":"snow_6","parent":"root","length":49.2,"rotation":90,"x":-158.79,"y":-263.17},{"name":"snow_7","parent":"root","length":49.7,"rotation":90,"x":-55.42,"y":-260.69},{"name":"snow_8","parent":"root","length":49.2,"rotation":90,"x":52.93,"y":-261.68},{"name":"snow_9","parent":"root","length":49.7,"rotation":90,"x":156.31,"y":-261.19},{"name":"snow_10","parent":"root","length":49.23,"rotation":90,"x":-53.12,"y":262.73},{"name":"snow_11","parent":"root","length":52.68,"rotation":90,"x":52.72,"y":260.29},{"name":"snow_12","parent":"root","length":50.2,"rotation":90,"x":157.09,"y":261.28},{"name":"snow_13","parent":"root","length":51.69,"rotation":90,"x":-159,"y":155.8},{"name":"snow_14","parent":"root","length":52.18,"rotation":90,"x":-53.14,"y":154.8},{"name":"snow_15","parent":"root","length":50.2,"rotation":90,"x":53.21,"y":156.29},{"name":"snow_16","parent":"root","length":50.69,"rotation":90,"x":156.31,"y":156.29},{"name":"snow_17","parent":"root","length":52.18,"rotation":90,"x":-158.3,"y":51.43},{"name":"snow_18","parent":"root","length":49.2,"rotation":90,"x":-53.43,"y":53.91},{"name":"snow_19","parent":"root","length":51.19,"rotation":90,"x":50.94,"y":52.42},{"name":"snow_20","parent":"root","length":49.2,"rotation":90,"x":-159.79,"y":-52.94},{"name":"snow_21","parent":"root","length":49.7,"rotation":90,"x":-54.92,"y":-51.95},{"name":"snow_22","parent":"root","length":49.2,"rotation":90,"x":51.94,"y":-51.45},{"name":"snow_23","parent":"root","length":46.22,"rotation":90,"x":156.31,"y":-49.96},{"name":"snow_24","parent":"root","length":48.71,"rotation":90,"x":-159.79,"y":-157.31}],"slots":[{"name":"snow_1","bone":"snow_1","color":"ffffff00","attachment":"snow_1"},{"name":"snow_10","bone":"snow_10","color":"ffffff00","attachment":"snow_10"},{"name":"snow_11","bone":"snow_11","color":"ffffff00","attachment":"snow_11"},{"name":"snow_12","bone":"snow_12","color":"ffffff00","attachment":"snow_12"},{"name":"snow_13","bone":"snow_13","color":"ffffff00","attachment":"snow_13"},{"name":"snow_14","bone":"snow_14","color":"ffffff00","attachment":"snow_14"},{"name":"snow_15","bone":"snow_15","color":"ffffff00","attachment":"snow_15"},{"name":"snow_16","bone":"snow_16","color":"ffffff00","attachment":"snow_16"},{"name":"snow_17","bone":"snow_17","color":"ffffff00","attachment":"snow_17"},{"name":"snow_18","bone":"snow_18","color":"ffffff00","attachment":"snow_18"},{"name":"snow_19","bone":"snow_19","color":"ffffff00","attachment":"snow_19"},{"name":"snow_2","bone":"snow_2","color":"ffffff00","attachment":"snow_2"},{"name":"snow_20","bone":"snow_20","color":"ffffff00","attachment":"snow_20"},{"name":"snow_21","bone":"snow_21","color":"ffffff00","attachment":"snow_21"},{"name":"snow_22","bone":"snow_22","color":"ffffff00","attachment":"snow_22"},{"name":"snow_23","bone":"snow_23","color":"ffffff00","attachment":"snow_23"},{"name":"snow_24","bone":"snow_24","color":"ffffff00","attachment":"snow_24"},{"name":"snow_3","bone":"snow_3","color":"ffffff00","attachment":"snow_3"},{"name":"snow_4","bone":"snow_4","color":"ffffff00","attachment":"snow_4"},{"name":"snow_5","bone":"snow_5","color":"ffffff00","attachment":"snow_5"},{"name":"snow_6","bone":"snow_6","color":"ffffff00","attachment":"snow_6"},{"name":"snow_7","bone":"snow_7","color":"ffffff00","attachment":"snow_7"},{"name":"snow_8","bone":"snow_8","color":"ffffff00","attachment":"snow_8"},{"name":"snow_9","bone":"snow_9","color":"ffffff00","attachment":"snow_9"},{"name":"snow1","bone":"root","attachment":"snow1"},{"name":"snow2","bone":"root","attachment":"snow2"},{"name":"snow3","bone":"root","attachment":"snow3"},{"name":"snow4","bone":"root","attachment":"snow4"},{"name":"snow5","bone":"root","attachment":"snow5"},{"name":"snow6","bone":"root","attachment":"snow6"},{"name":"snow7","bone":"root","attachment":"snow7"},{"name":"snow8","bone":"root","attachment":"snow8"},{"name":"snow9","bone":"root","attachment":"snow9"},{"name":"snow10","bone":"root","attachment":"snow10"},{"name":"snow11","bone":"root","attachment":"snow11"},{"name":"snow12","bone":"root","attachment":"snow12"},{"name":"snow13","bone":"root","attachment":"snow13"},{"name":"snow14","bone":"root","attachment":"snow14"},{"name":"snow15","bone":"root","attachment":"snow15"},{"name":"snow16","bone":"root","attachment":"snow16"},{"name":"snow17","bone":"root","attachment":"snow17"},{"name":"snow18","bone":"root","attachment":"snow18"},{"name":"snow19","bone":"root","attachment":"snow19"},{"name":"snow20","bone":"root","attachment":"snow20"},{"name":"snow21","bone":"root","attachment":"snow21"},{"name":"snow22","bone":"root","attachment":"snow22"},{"name":"snow23","bone":"root","attachment":"snow23"},{"name":"snow24","bone":"root","attachment":"snow24"}],"path":[{"name":"snow1","order":0,"bones":["snow_1"],"target":"snow1","rotateMix":0},{"name":"snow2","order":1,"bones":["snow_2"],"target":"snow2","rotateMix":0},{"name":"snow3","order":2,"bones":["snow_3"],"target":"snow3","rotateMix":0},{"name":"snow4","order":3,"bones":["snow_4"],"target":"snow4","rotateMix":0},{"name":"snow5","order":4,"bones":["snow_5"],"target":"snow5","rotateMix":0},{"name":"snow6","order":5,"bones":["snow_6"],"target":"snow6","rotateMix":0},{"name":"snow7","order":6,"bones":["snow_7"],"target":"snow7","rotateMix":0},{"name":"snow8","order":7,"bones":["snow_8"],"target":"snow8","rotateMix":0},{"name":"snow9","order":8,"bones":["snow_9"],"target":"snow9","rotateMix":0},{"name":"snow10","order":9,"bones":["snow_10"],"target":"snow10","rotateMix":0},{"name":"snow11","order":10,"bones":["snow_11"],"target":"snow11","rotateMix":0},{"name":"snow12","order":11,"bones":["snow_12"],"target":"snow12","rotateMix":0},{"name":"snow13","order":12,"bones":["snow_13"],"target":"snow13","rotateMix":0},{"name":"snow14","order":13,"bones":["snow_14"],"target":"snow14","rotateMix":0},{"name":"snow15","order":14,"bones":["snow_15"],"target":"snow15","rotateMix":0},{"name":"snow16","order":15,"bones":["snow_16"],"target":"snow16","rotateMix":0},{"name":"snow17","order":16,"bones":["snow_17"],"target":"snow17","rotateMix":0},{"name":"snow18","order":17,"bones":["snow_18"],"target":"snow18","rotateMix":0},{"name":"snow19","order":18,"bones":["snow_19"],"target":"snow19","rotateMix":0},{"name":"snow20","order":19,"bones":["snow_20"],"target":"snow20","rotateMix":0},{"name":"snow21","order":20,"bones":["snow_21"],"target":"snow21","rotateMix":0},{"name":"snow22","order":21,"bones":["snow_22"],"target":"snow22","rotateMix":0},{"name":"snow23","order":22,"bones":["snow_23"],"target":"snow23"},{"name":"snow24","order":23,"bones":["snow_24"],"target":"snow24","rotateMix":0}],"skins":{"default":{"snow1":{"snow1":{"type":"path","lengths":[411.52,852.21,1379.29,1847.86,3854.67],"vertexCount":15,"vertices":[-467.69,1249.99,-404.32,1081.68,-390.92,1035.78,-376.49,782.27,-376.71,671.43,-380.03,494.72,-435.11,386.12,-437.23,235.49,-443.21,61.45,-403.99,-142.55,-403.71,-290.29,-403.52,-397.65,-439.89,-669.81,-447.84,-756.65,-458.17,-936.19]}},"snow10":{"snow10":{"type":"path","lengths":[614.43,1355.58,2273.8,4727.09],"vertexCount":12,"vertices":[-570.21,1363.78,-573.75,1179.13,-578.46,1056.15,-527.21,771.47,-528.98,566.57,-530.76,361.68,-578.67,53.03,-569.04,-173.21,-559.4,-399.46,-529.22,-913.94,-488.93,-1087.34,-433.83,-1308.35]}},"snow11":{"snow11":{"type":"path","lengths":[878.2,1678.01,2415.03,5078.8],"vertexCount":12,"vertices":[934.13,1458.54,912.66,1199.9,894.07,972.97,812.63,580.19,832.99,326.41,859.49,-0.09,898.68,-166.42,897.91,-470.36,897.38,-677.12,859.55,-999.18,818.23,-1202.21,769.69,-1421.63]}},"snow12":{"snow12":{"type":"path","lengths":[683.85,1263.52,2028.07,2525.12,5230.33],"vertexCount":15,"vertices":[-57.25,1433.86,-43.46,1226.46,-42.57,1121.41,-99.93,783.28,-93.63,544.78,-87.33,306.28,-27.33,176.99,-28.7,-30.66,-30.08,-238.31,-92.83,-644.31,-96.58,-792.02,-100.33,-939.73,-50.25,-1185.39,24.41,-1267.13,129.34,-1373.65]}},"snow13":{"snow13":{"type":"path","lengths":[655.99,1315.97,1917.59,4027.59],"vertexCount":12,"vertices":[-32,1290.83,-22.8,1093.67,-15.72,878.54,12.78,687.65,6.71,438.55,-1.42,214.2,-40.98,122.89,-37.56,-219.53,-39.46,-479.27,-2.74,-660.7,12.61,-818.58,33.7,-1000.6]}},"snow14":{"snow14":{"type":"path","lengths":[412.38,804.6,1174.84,1581.46,1921.98,3972.78],"vertexCount":18,"vertices":[267.99,1402.79,263.44,1267.78,257.54,1089.54,233.29,1005.36,243.75,856.22,254.21,707.08,279.46,635.11,278.54,465.83,277.62,296.56,256.22,341.56,254.25,96.66,250.51,-87.14,285.11,-92.89,282.8,-308.48,280.4,-535.25,265.03,-501.3,259.13,-647.96,251.19,-776.87]}},"snow15":{"snow15":{"type":"path","lengths":[426.73,1001.82,1645.26,2355.17,4829.27],"vertexCount":15,"vertices":[120.59,1313.69,139.5,1185.15,153.96,1066.81,198.52,940.22,198.52,763.16,198.52,623.33,136.55,308.7,148.36,190.66,160.16,72.62,216.23,-272.64,204.42,-449.7,192.62,-626.76,174.03,-1012.16,213.28,-1157.94,266.57,-1371.96]}},"snow16":{"snow16":{"type":"path","lengths":[555.65,1197.72,1646.06,2287.31,4676.27],"vertexCount":15,"vertices":[-586.93,1180.82,-583.49,1073.01,-580.25,878.84,-552.62,665.23,-553.98,518.22,-555.34,371.22,-601.87,53.03,-598.25,-122.14,-594.63,-297.32,-565.8,-334.9,-551.03,-567.74,-539.51,-794.87,-581.43,-966.13,-577.59,-1208.11,-570.83,-1452]}},"snow17":{"snow17":{"type":"path","lengths":[335.59,819.27,1392.77,2015.73,2401.92,4872.12],"vertexCount":18,"vertices":[413.83,1215.75,446.41,1120.23,473.85,1028.16,500.67,903.55,496.57,789.72,492.48,675.88,444.36,464.64,449.36,308.7,454.36,152.77,519.1,-69.26,511.33,-260.84,503.56,-452.42,433.17,-715.32,425.75,-877.6,418.33,-1039.88,474.44,-1116.92,508.38,-1252.38,541.63,-1374.48]}},"snow18":{"snow18":{"type":"path","lengths":[709.21,1386,2265.48,4679.28],"vertexCount":12,"vertices":[-924.27,1284.02,-922.86,1132.03,-919.91,812.73,-961.14,603.69,-955.32,423.79,-949.5,243.9,-922.14,13.74,-919.91,-251.99,-917.68,-517.72,-919.32,-717.06,-978.93,-1128.43,-1027.56,-1448.25]}},"snow19":{"snow19":{"type":"path","lengths":[739.08,1711.23,2397.31,5004.78],"vertexCount":12,"vertices":[-211.94,1386.75,-226.42,1167.44,-249.73,859.06,-188.44,687.25,-196.91,429.69,-205.38,172.13,-291.07,-286.72,-282.49,-538.23,-273.91,-789.75,-267.14,-977.64,-214.62,-1219.91,-165.35,-1421.69]}},"snow2":{"snow2":{"type":"path","lengths":[284.75,825.45,1355,1752.18,3568.19],"vertexCount":15,"vertices":[386.65,1104.64,371.41,1027.45,358.42,973.57,323.2,821.89,333.61,746.25,344.01,670.61,375.85,284.51,374.35,207.2,371.83,73.82,326.77,-157.15,327.7,-320.08,328.72,-500.64,348.87,-606.46,385.59,-711.1,410.71,-780.63]}},"snow20":{"snow20":{"type":"path","lengths":[1638.05,2304.89,4845.75],"vertexCount":9,"vertices":[188.92,1322.67,174.91,1084.82,156.62,821.29,155.29,-322.2,166.06,-552.99,176.84,-783.78,171.67,-954.03,124.75,-1216.96,85.01,-1412.54]}},"snow21":{"snow21":{"type":"path","lengths":[598.65,1092.37,1769.08,2345.4,4860.68],"vertexCount":15,"vertices":[-685.19,1315.23,-666.12,1137.93,-636.99,844.83,-657.64,748.7,-657.51,539.87,-657.39,357.95,-609.36,243.98,-608.24,49.04,-610.64,-196.8,-669.94,-338.8,-667.74,-624.51,-665.86,-867.79,-617.06,-1097.18,-630.36,-1199.23,-650.99,-1400.78]}},"snow22":{"snow22":{"type":"path","lengths":[698.28,1414.08,2324.7,4816.1],"vertexCount":12,"vertices":[98.86,1368.94,108.33,1195.82,118.44,949.54,46.18,717.66,45.67,501.03,45.16,284.4,97.09,45.55,96.08,-212.72,95.06,-470.99,-18,-918.27,59.15,-1118.38,157.24,-1358.08]}},"snow23":{"snow23":{"type":"path","lengths":[659.59,1389.78,2394.33,4952.56],"vertexCount":12,"vertices":[524.52,1410.14,568.67,1236.55,634.37,965.01,649.53,761.52,629.32,582.96,629.32,582.96,544.78,128.1,541.72,-141.37,538.66,-410.85,550.14,-1003.84,642.79,-1135.23,823.59,-1374.25]}},"snow24":{"snow24":{"type":"path","lengths":[678.97,1165.59,1885.82,3977.91],"vertexCount":12,"vertices":[-222.48,1407.02,-212.93,1196.12,-209.23,1036.43,-257.04,697.1,-260.1,518.95,-263.16,340.8,-222.84,216.03,-226.41,33.81,-229.98,-148.4,-251.68,-470.53,-283.68,-683.78,-319.56,-900.1]}},"snow3":{"snow3":{"type":"path","lengths":[465.61,953.18,1406.86,2198.31,4458.47],"vertexCount":15,"vertices":[-139.95,1135.45,-136.63,1065.25,-133.09,987.98,-93.22,808.43,-91.73,602.11,-93.54,348.51,-119.32,310.98,-128.34,116.16,-139.12,-109.35,-100.64,-114.57,-102.35,-336.2,-107.02,-563.82,-157.84,-1040.79,-170.83,-1124.44,-185.09,-1199.88]}},"snow4":{"snow4":{"type":"path","lengths":[729.45,1307.07,1876.17,3833.02],"vertexCount":12,"vertices":[748.65,1128.07,732.95,1036.9,723.03,965.53,649.47,426.5,646.13,312.73,641.23,142.66,712.66,-164.16,706.95,-261.25,701.24,-358.34,664.11,-695.5,633.15,-825.23,609.8,-914.49]}},"snow5":{"snow5":{"type":"path","lengths":[423.56,906.44,1395.37,1879.96,3802.44],"vertexCount":15,"vertices":[256.87,1124.61,255.63,1072.34,252.32,1032.64,192.33,800.15,191.82,654.09,191.18,472.64,237.61,294.02,240.24,173.96,240.52,46.85,211.25,-137.64,210.12,-313.94,208.96,-492.63,223.72,-729.39,234.35,-797.68,244.5,-856.09]}},"snow6":{"snow6":{"type":"path","lengths":[1302.03,2226.15,3090.53,6345.09],"vertexCount":12,"vertices":[-276.75,1946.18,-263.84,1770.09,-261,1699.2,-431.24,648.21,-429.06,478.79,-426.88,309.37,-359.98,-221.92,-363.42,-442.82,-365.88,-603.5,-429.43,-1205.39,-421.64,-1305.11,-414.13,-1442.8]}},"snow7":{"snow7":{"type":"path","lengths":[979.43,1844.04,2794.94,5763.97],"vertexCount":12,"vertices":[487.37,1553.39,532.1,1374.11,555.26,1259.98,591.18,564.27,583.1,396.52,575.03,228.77,538.95,-328.26,538.66,-466.91,538.18,-702.38,615.64,-1273.48,642.57,-1411.48,669.22,-1534.83]}},"snow8":{"snow8":{"type":"path","lengths":[516.17,927.75,1341.7,2841.8],"vertexCount":12,"vertices":[-842.62,1350.83,-822.12,1187.72,-790.93,915.98,-767.79,844.58,-774.45,674.42,-781.1,504.25,-800.41,438.76,-807.42,264.24,-814.43,89.71,-793.19,25.78,-771.69,-147.43,-747.74,-318.9]}},"snow9":{"snow9":{"type":"path","lengths":[599.91,1202.59,2034.46,4245.75],"vertexCount":12,"vertices":[55.46,1245.3,97.31,1067.46,117.63,971.05,170.27,657.39,161.11,471.98,151.95,286.58,153.85,91.11,151.65,-130.58,149.46,-352.28,223.49,-806.16,210.73,-960,193.54,-1214.26]}},"snow_1":{"snow_1":{"x":2.05,"y":-1.05,"rotation":-90,"width":100,"height":100}},"snow_10":{"snow_10":{"x":-0.33,"y":-1.24,"rotation":-90,"width":100,"height":100}},"snow_11":{"snow_11":{"x":2.11,"y":-0.41,"rotation":-90,"width":100,"height":100}},"snow_12":{"snow_12":{"x":1.12,"y":-1.04,"rotation":-90,"width":100,"height":100}},"snow_13":{"snow_13":{"x":1.6,"y":-2.13,"rotation":-90,"width":100,"height":100}},"snow_14":{"snow_14":{"x":2.6,"y":-1.27,"rotation":-90,"width":100,"height":100}},"snow_15":{"snow_15":{"x":1.11,"y":0.09,"rotation":-90,"width":100,"height":100}},"snow_16":{"snow_16":{"x":1.11,"y":-1.82,"rotation":-90,"width":100,"height":100}},"snow_17":{"snow_17":{"x":0.97,"y":-1.42,"rotation":-90,"width":100,"height":100}},"snow_18":{"snow_18":{"x":-1.51,"y":-1.56,"rotation":-90,"width":100,"height":100}},"snow_19":{"snow_19":{"x":-0.02,"y":-2.19,"rotation":-90,"width":100,"height":100}},"snow_2":{"snow_2":{"x":-1.02,"y":-1.32,"rotation":-90,"width":100,"height":100}},"snow_20":{"snow_20":{"x":0.34,"y":-2.91,"rotation":-90,"width":100,"height":100}},"snow_21":{"snow_21":{"x":-0.65,"y":-3.05,"rotation":-90,"width":100,"height":100}},"snow_22":{"snow_22":{"x":-1.15,"y":-1.19,"rotation":-90,"width":100,"height":100}},"snow_23":{"snow_23":{"x":-2.64,"y":-1.82,"rotation":-90,"width":100,"height":100}},"snow_24":{"snow_24":{"x":-0.29,"y":-2.91,"rotation":-90,"width":100,"height":100}},"snow_3":{"snow_3":{"x":-0.29,"y":-2.05,"rotation":-90,"width":100,"height":100}},"snow_4":{"snow_4":{"x":-1.28,"y":-2.19,"rotation":-90,"width":100,"height":100}},"snow_5":{"snow_5":{"x":-1.28,"y":-1.32,"rotation":-90,"width":100,"height":100}},"snow_6":{"snow_6":{"x":0.57,"y":-1.92,"rotation":-90,"width":100,"height":100}},"snow_7":{"snow_7":{"x":-1.91,"y":-3.54,"rotation":-90,"width":100,"height":100}},"snow_8":{"snow_8":{"x":-0.92,"y":-0.2,"rotation":-90,"width":100,"height":100}},"snow_9":{"snow_9":{"x":-1.42,"y":-1.82,"rotation":-90,"width":100,"height":100}}}},"animations":{"animation":{"slots":{"snow_1":{"color":[{"time":0,"color":"ffffffff","curve":"stepped"},{"time":1.7667,"color":"ffffffff"},{"time":2.2667,"color":"ffffff00"},{"time":2.6667,"color":"ffffffff","curve":"stepped"},{"time":4.3333,"color":"ffffffff"}]},"snow_2":{"color":[{"time":0,"color":"ffffff95"},{"time":1.6,"color":"ffffffb4"},{"time":2.0333,"color":"ffffff00"},{"time":2.3333,"color":"ffffff95","curve":"stepped"},{"time":4.3333,"color":"ffffff95"}]},"snow_3":{"color":[{"time":0,"color":"ffffff95","curve":"stepped"},{"time":2.4,"color":"ffffff95"},{"time":3.0333,"color":"ffffff00"},{"time":3.4333,"color":"ffffff95"}]},"snow_4":{"color":[{"time":0,"color":"ffffff00"},{"time":0.3333,"color":"ffffffc7","curve":"stepped"},{"time":1.9,"color":"ffffffc7"},{"time":2.1333,"color":"ffffff00"},{"time":2.3333,"color":"ffffffc7","curve":"stepped"},{"time":4.1333,"color":"ffffffc7"},{"time":4.3333,"color":"ffffff00"}]},"snow_5":{"color":[{"time":0,"color":"ffffffb5","curve":"stepped"},{"time":2.6333,"color":"ffffffb5"},{"time":3.0333,"color":"ffffff00"},{"time":3.4,"color":"ffffffb5"}]},"snow_6":{"color":[{"time":0.3,"color":"ffffff00"},{"time":0.8333,"color":"ffffffac","curve":"stepped"},{"time":3.5,"color":"ffffffac"},{"time":4.0333,"color":"ffffff00"}]},"snow_7":{"color":[{"time":0.5667,"color":"ffffff00"},{"time":0.9667,"color":"ffffffff","curve":"stepped"},{"time":3.7,"color":"ffffffff"},{"time":4.2,"color":"ffffff00"}]},"snow_8":{"color":[{"time":0,"color":"ffffff00"},{"time":0.4,"color":"ffffff9c","curve":"stepped"},{"time":2.6,"color":"ffffff9c"},{"time":3,"color":"ffffff00"}]},"snow_9":{"color":[{"time":0.5333,"color":"ffffff00"},{"time":1.0333,"color":"ffffffff","curve":"stepped"},{"time":2.8333,"color":"ffffffff"},{"time":3.3333,"color":"ffffff00"}]},"snow_10":{"color":[{"time":1,"color":"ffffff00"},{"time":1.5667,"color":"ffffff9b","curve":"stepped"},{"time":3.8333,"color":"ffffff9b"},{"time":4.3333,"color":"ffffff00"}]},"snow_11":{"color":[{"time":0.4667,"color":"ffffff00"},{"time":0.8667,"color":"ffffff5e","curve":"stepped"},{"time":2.4667,"color":"ffffff5e"},{"time":2.7333,"color":"ffffff00"}]},"snow_12":{"color":[{"time":0.3667,"color":"ffffff00"},{"time":0.8667,"color":"ffffffff","curve":"stepped"},{"time":2.6,"color":"ffffffff"},{"time":3.1,"color":"ffffff00"}]},"snow_13":{"color":[{"time":0,"color":"ffffff00"},{"time":0.3667,"color":"ffffff73","curve":"stepped"},{"time":1.6333,"color":"ffffff73"},{"time":2.1333,"color":"ffffff00"},{"time":2.5,"color":"ffffff73","curve":"stepped"},{"time":3.8333,"color":"ffffff73"},{"time":4.3333,"color":"ffffff00"}]},"snow_14":{"color":[{"time":0,"color":"ffffffc7","curve":"stepped"},{"time":0.6667,"color":"ffffffc7"},{"time":1.0667,"color":"ffffff00"},{"time":1.7,"color":"ffffffc7","curve":"stepped"},{"time":2.8,"color":"ffffffc7"},{"time":3.2,"color":"ffffff00"},{"time":3.8333,"color":"ffffffc7"}]},"snow_15":{"color":[{"time":0,"color":"ffffffb9","curve":"stepped"},{"time":2.2333,"color":"ffffffb9"},{"time":3.0333,"color":"ffffff00"},{"time":3.6667,"color":"ffffffb9"}]},"snow_16":{"color":[{"time":0,"color":"ffffff8b","curve":"stepped"},{"time":1.3667,"color":"ffffff8b"},{"time":1.7667,"color":"ffffff00","curve":"stepped"},{"time":1.8,"color":"ffffff00"},{"time":2.5667,"color":"ffffff8b"}]},"snow_17":{"color":[{"time":0,"color":"ffffff8b"},{"time":0.5333,"color":"ffffff00","curve":"stepped"},{"time":0.8667,"color":"ffffff00"},{"time":1.3667,"color":"ffffffae"}]},"snow_18":{"color":[{"time":0,"color":"ffffffff","curve":"stepped"},{"time":0.8667,"color":"ffffffff"},{"time":1.4333,"color":"ffffff00"},{"time":2.1,"color":"ffffffff"}]},"snow_19":{"color":[{"time":0,"color":"ffffff8f","curve":"stepped"},{"time":0.6,"color":"ffffff8f"},{"time":1.1,"color":"ffffff00"},{"time":2.1,"color":"ffffff8f"}]},"snow_20":{"color":[{"time":0,"color":"ffffff95"},{"time":0.8333,"color":"ffffff00"},{"time":1.8,"color":"ffffff95"}]},"snow_21":{"color":[{"time":0,"color":"ffffff00"},{"time":0.5667,"color":"ffffffc7","curve":"stepped"},{"time":1.6667,"color":"ffffffc7"},{"time":2.1333,"color":"ffffff00"},{"time":2.5333,"color":"ffffffc7","curve":"stepped"},{"time":4,"color":"ffffffc7"},{"time":4.3333,"color":"ffffff00"}]},"snow_22":{"color":[{"time":0,"color":"ffffffff","curve":"stepped"},{"time":1.6333,"color":"ffffffff"},{"time":2.2,"color":"ffffff00"},{"time":3.2333,"color":"ffffffff"}]},"snow_23":{"color":[{"time":0,"color":"ffffff00"},{"time":0.6333,"color":"ffffff8b","curve":"stepped"},{"time":2.5667,"color":"ffffff8b"},{"time":2.9667,"color":"ffffff00"}]},"snow_24":{"color":[{"time":0.5667,"color":"ffffff00"},{"time":1,"color":"ffffffff","curve":"stepped"},{"time":2.2,"color":"ffffffff"},{"time":2.6667,"color":"ffffff00"}]}},"bones":{"snow_1":{"scale":[{"time":0,"x":0.4,"y":0.4}]},"snow_2":{"scale":[{"time":0,"x":0.5,"y":0.5}]},"snow_3":{"scale":[{"time":0,"x":0.75,"y":0.75}]},"snow_4":{"scale":[{"time":0,"x":0.6,"y":0.6}]},"snow_5":{"scale":[{"time":0,"x":0.3,"y":0.3}]},"snow_6":{"scale":[{"time":0.3,"x":0.6,"y":0.6}]},"snow_7":{"scale":[{"time":0.5667,"x":0.45,"y":0.45}]},"snow_9":{"scale":[{"time":0.5333,"x":0.6,"y":0.6}]},"snow_10":{"scale":[{"time":1,"x":0.7,"y":0.7}]},"snow_11":{"scale":[{"time":0.4667,"x":0.4,"y":0.4}]},"snow_12":{"scale":[{"time":0.2,"x":0.4,"y":0.4}]},"snow_14":{"scale":[{"time":0,"x":1.1,"y":1.1}]},"snow_15":{"scale":[{"time":0,"x":0.6,"y":0.6}]},"snow_19":{"rotate":[{"time":0.6,"angle":-153.41}],"scale":[{"time":0,"x":0.4,"y":0.4,"curve":"stepped"},{"time":1.1,"x":0.4,"y":0.4}]},"snow_16":{"scale":[{"time":0,"x":1.2,"y":1.2}]},"snow_17":{"scale":[{"time":0,"x":0.6,"y":0.6,"curve":"stepped"},{"time":0.8667,"x":0.6,"y":0.6}]},"snow_18":{"scale":[{"time":0,"x":0.2,"y":0.2,"curve":"stepped"},{"time":1.4333,"x":0.2,"y":0.2}]},"snow_20":{"scale":[{"time":0,"x":0.6,"y":0.6,"curve":"stepped"},{"time":0.8333,"x":0.6,"y":0.6}]},"snow_21":{"scale":[{"time":0,"x":0.7,"y":0.7}]},"snow_22":{"scale":[{"time":0,"x":0.55,"y":0.55,"curve":"stepped"},{"time":2.2,"x":0.55,"y":0.55}]},"snow_24":{"scale":[{"time":0.5667,"x":0.3,"y":0.3}]}},"paths":{"snow1":{"position":[{"time":0,"position":0.46},{"time":2.1667,"position":1},{"time":2.2},{"time":4.3333,"position":0.46}]},"snow10":{"position":[{"time":1},{"time":4.3333,"position":1}]},"snow11":{"position":[{"time":0.4667},{"time":2.8333,"position":1}]},"snow12":{"position":[{"time":0.1667},{"time":3.5,"position":1}]},"snow13":{"position":[{"time":0},{"time":2.1333,"position":1},{"time":2.1667},{"time":4.3333,"position":1}]},"snow14":{"position":[{"time":0,"position":0.5},{"time":1.0667,"position":1},{"time":1.1},{"time":3.2,"position":1},{"time":3.2333},{"time":4.3333,"position":0.5}]},"snow15":{"position":[{"time":0,"position":0.3},{"time":3,"position":1},{"time":3.0333},{"time":4.3333,"position":0.3}]},"snow16":{"position":[{"time":0,"position":0.585},{"time":1.7667,"position":1},{"time":1.8},{"time":4.3333,"position":0.5846}]},"snow17":{"position":[{"time":0,"position":0.8},{"time":0.8333,"position":1},{"time":0.8667},{"time":4.3333,"position":0.8}]},"snow18":{"position":[{"time":0,"position":0.669},{"time":1.4,"position":1},{"time":1.4333},{"time":4.3333,"position":0.669}]},"snow19":{"position":[{"time":0,"position":0.746},{"time":1.0667,"position":1},{"time":1.1},{"time":4.3333,"position":0.7462}]},"snow2":{"position":[{"time":0,"position":0.607},{"time":2.0333,"position":1},{"time":2.0667},{"time":4.3333,"position":0.607}]},"snow20":{"position":[{"time":0,"position":0.808},{"time":0.8,"position":1},{"time":0.8333},{"time":4.3333,"position":0.8077}]},"snow21":{"position":[{"time":0},{"time":2.1333,"position":1},{"time":2.1667},{"time":4.3333,"position":1}]},"snow22":{"position":[{"time":0,"position":0.5},{"time":2.1667,"position":1},{"time":2.2},{"time":4.3333,"position":0.5}]},"snow23":{"position":[{"time":0},{"time":3.0333,"position":1}],"mix":[{"time":0,"rotateMix":0}]},"snow24":{"position":[{"time":0.5667},{"time":2.7,"position":1}]},"snow3":{"position":[{"time":0,"position":0.262},{"time":3.0333,"position":1},{"time":3.0667},{"time":4.3333,"position":0.262}]},"snow4":{"position":[{"time":0},{"time":2.1333,"position":1},{"time":2.1667},{"time":4.3333,"position":1}]},"snow5":{"position":[{"time":0,"position":0.262},{"time":3.0333,"position":1},{"time":3.0667},{"time":4.3333,"position":0.262}]},"snow6":{"position":[{"time":0.3},{"time":4.0333,"position":1}]},"snow7":{"position":[{"time":0.5667},{"time":4.2,"position":1}]},"snow8":{"position":[{"time":0},{"time":3,"position":1}]},"snow9":{"position":[{"time":0.5333},{"time":3.3333,"position":1}]}},"deform":{"default":{"snow23":{"snow23":[{"time":0}]}}}}}}