{"skeleton":{"hash":"+y79o6B7mnZh4ZSV0kWbqG878S8","spine":"3.4.02","width":450.84,"height":652.14},"bones":[{"name":"root"},{"name":"bubble01","parent":"root","length":148.51,"rotation":5,"x":143.74,"y":174.69},{"name":"bubble02","parent":"root","length":148.52,"rotation":90,"x":150.05,"y":881.97},{"name":"bubble03","parent":"root","length":142.98,"rotation":90,"x":-158.03,"y":532.56}],"slots":[{"name":"bubble03","bone":"bubble03","attachment":"bubble03"},{"name":"bubble02","bone":"bubble02","attachment":"bubble02"},{"name":"bubble01","bone":"bubble01","attachment":"bubble01"},{"name":"path01","bone":"root","attachment":"path01"},{"name":"path02","bone":"root","attachment":"path02"},{"name":"path03","bone":"root","attachment":"path03"}],"path":[{"name":"path01","bones":["bubble01"],"target":"path01"},{"name":"path2","bones":["bubble02"],"target":"path02"},{"name":"path03","bones":["bubble03"],"target":"path03"}],"skins":{"default":{"bubble01":{"bubble01":{"path":"bubble 3","x":11.8,"y":-15.75,"rotation":-90,"width":311,"height":313}},"bubble02":{"bubble02":{"path":"bubble 2","x":5.28,"y":-0.69,"rotation":-90,"width":311,"height":313}},"bubble03":{"bubble03":{"path":"bubble 1","x":6.6,"y":-8.52,"rotation":-90,"width":311,"height":313}},"path01":{"path01":{"type":"path","lengths":[300.42,581.72,879.06,1586.13],"vertexCount":12,"vertices":[-119.44,-15.21,15.69,4.79,177.52,29.8,214.18,153.53,184.59,206.38,121.87,324.34,-4.31,307.33,-2.97,404.69,-1.64,502.05,183.06,524.21,190.41,619.64,193.04,677.27]}},"path02":{"path02":{"type":"path","lengths":[188.49,326.45,453.3,578.35,711.9,846.81,1449.15],"vertexCount":21,"vertices":[114.81,115.78,82.5,86.16,50.18,56.54,-62.56,113.95,-16.23,193.87,21.21,255.98,73.1,221.38,71.92,289.92,69.55,343.39,-8.7,354.29,-5.76,385.36,0.44,447.9,51.6,471.99,34.62,500.55,0.66,555.88,-46.43,542.33,-39.8,603.77,-34.68999,649.71,36.33,624,25.65,711.48,17.29,778.85]}},"path03":{"path03":{"type":"path","lengths":[381.81,605.78,740.31,1357.08],"vertexCount":12,"vertices":[150.33,215.93,53.32,253.24,-126.88,323.99,150.26,484.65,138.52,569.47,129.15,644.63,-68.24,595.97,-8.76,695.1,27.33,752.86,-56.41,755.75,-80.96,787.52,-105.51,819.28]}}}},"animations":{"bubble01":{"slots":{"bubble01":{"color":[{"time":0,"color":"ffffffff","curve":"stepped"},{"time":3,"color":"ffffffff"},{"time":3.1666,"color":"ffffff00","curve":"stepped"},{"time":3.2666,"color":"ffffff00"}]},"bubble03":{"color":[{"time":0.5,"color":"ffffff00"},{"time":0.7333,"color":"ffffffff"}]}},"bones":{"bubble01":{"scale":[{"time":0,"x":0,"y":0,"curve":[0.25,0,0.75,1]},{"time":2,"x":1,"y":1,"curve":"stepped"},{"time":2.8333,"x":1,"y":1,"curve":[0.244,0,0.639,0.56]},{"time":3,"x":1.2,"y":1.2,"curve":[0.381,0.55,0.74,1]},{"time":3.2666,"x":0,"y":0}]},"bubble02":{"scale":[{"time":0,"x":0,"y":0},{"time":0.5,"x":0.2,"y":0.2,"curve":"stepped"},{"time":2.1666,"x":0.2,"y":0.2},{"time":2.4,"x":0.3,"y":0.3},{"time":2.5,"x":0,"y":0}]},"bubble03":{"scale":[{"time":0,"x":0,"y":0,"curve":"stepped"},{"time":0.5,"x":0,"y":0,"curve":[0.154,0.19,0.75,1]},{"time":1,"x":0.5,"y":0.5,"curve":"stepped"},{"time":2.6666,"x":0.5,"y":0.5},{"time":2.8333,"x":0.7,"y":0.7},{"time":3,"x":0,"y":0}]}},"paths":{"path01":{"position":[{"time":0,"curve":[0.154,0.19,0.75,1]},{"time":3.3333,"position":1}],"mix":[{"time":0,"rotateMix":0}]},"path03":{"position":[{"time":0.5,"curve":[0.154,0.19,0.75,1]},{"time":3,"position":1}],"mix":[{"time":0,"rotateMix":0,"curve":"stepped"},{"time":0.5,"rotateMix":0}]},"path2":{"position":[{"time":0,"curve":[0.154,0.19,0.75,1]},{"time":2.8333,"position":1}],"mix":[{"time":0,"rotateMix":0}]}}}}}