{"skeleton":{"hash":"GuUVR7Ts4m/SA4K54uHHgO/zV1w","spine":"3.4.02","width":2274.07,"height":1425,"images":""},"bones":[{"name":"root"},{"name":"Body","parent":"root","length":1075.18,"rotation":89.67,"x":-3.14,"y":142.83},{"name":"glow 1","parent":"root","length":66.78,"rotation":91.43,"x":-552.29,"y":1180.6},{"name":"glow 2","parent":"root","length":68.42,"rotation":90,"x":222.11,"y":1152.22},{"name":"glow 3","parent":"root","length":63.5,"rotation":93.01,"x":-265.22,"y":696.59},{"name":"glow 4","parent":"root","length":51.98,"rotation":84.47,"x":294.45,"y":314.93},{"name":"glow 5","parent":"root","length":63.5,"rotation":93.01,"x":-911.12,"y":377.54},{"name":"glow 6","parent":"root","length":63.5,"rotation":93.01,"x":713.63,"y":715.88}],"slots":[{"name":"Body","bone":"Body","attachment":"Body"},{"name":"glow 4","bone":"glow 4","attachment":"glow 4"},{"name":"glow 3","bone":"glow 3","attachment":"glow 3"},{"name":"glow 5","bone":"glow 5","attachment":"glow 3"},{"name":"glow 6","bone":"glow 6","attachment":"glow 3"},{"name":"glow 2","bone":"glow 2","attachment":"glow 2"},{"name":"glow 1","bone":"glow 1","attachment":"glow 1"}],"skins":{"default":{"Body":{"Body":{"path":"Layer 14","x":517.44,"y":39.27,"rotation":-89.67,"width":1859,"height":1425}},"glow 1":{"glow 1":{"x":-48.39,"y":-11.08,"rotation":-91.43,"width":446,"height":381}},"glow 2":{"glow 2":{"x":-27.22,"y":-7.44,"rotation":-90,"width":548,"height":452}},"glow 3":{"glow 3":{"x":-44.78,"y":3.14,"rotation":-93.01,"width":598,"height":534}},"glow 4":{"glow 4":{"x":276.36,"y":219.36,"rotation":-84.47,"width":1036,"height":969}},"glow 5":{"glow 3":{"x":-34.4,"y":3.13,"scaleX":0.567,"scaleY":0.567,"rotation":-91.77,"width":598,"height":534}},"glow 6":{"glow 3":{"x":-61.83,"y":6.91,"scaleX":1.571,"scaleY":1.571,"rotation":-91.77,"width":598,"height":534}}}},"animations":{"animation":{"slots":{"glow 1":{"color":[{"time":0,"color":"ffffff00","curve":"stepped"},{"time":0.5333,"color":"ffffff00"},{"time":0.7,"color":"ffffffff","curve":"stepped"},{"time":0.8,"color":"ffffffff"},{"time":0.9666,"color":"ffffff00"}]},"glow 2":{"color":[{"time":0,"color":"ffffff00","curve":"stepped"},{"time":0.7666,"color":"ffffff00"},{"time":0.9333,"color":"ffffffff","curve":"stepped"},{"time":1.0333,"color":"ffffffff"},{"time":1.2,"color":"ffffff00"}]},"glow 3":{"color":[{"time":0,"color":"ffffff00"},{"time":0.1666,"color":"ffffffff","curve":"stepped"},{"time":0.2666,"color":"ffffffff"},{"time":0.4333,"color":"ffffff00"}]},"glow 4":{"color":[{"time":0,"color":"ffffff00","curve":"stepped"},{"time":1.2333,"color":"ffffff00"},{"time":1.4,"color":"ffffffff","curve":"stepped"},{"time":1.5,"color":"ffffffff"},{"time":1.6666,"color":"ffffff00"}]},"glow 5":{"color":[{"time":0,"color":"ffffff00","curve":"stepped"},{"time":1,"color":"ffffff00"},{"time":1.1666,"color":"ffffffff","curve":"stepped"},{"time":1.2666,"color":"ffffffff"},{"time":1.4333,"color":"ffffff00"}]},"glow 6":{"color":[{"time":0,"color":"ffffff00","curve":"stepped"},{"time":0.3,"color":"ffffff00"},{"time":0.4666,"color":"ffffffff","curve":"stepped"},{"time":0.5666,"color":"ffffffff"},{"time":0.7333,"color":"ffffff00"}]}},"bones":{"Body":{"rotate":[{"time":0,"angle":0},{"time":0.3333,"angle":-0.07},{"time":0.6666,"angle":0},{"time":0.7666,"angle":0.36},{"time":0.9,"angle":-1.86},{"time":1,"angle":0,"curve":"stepped"},{"time":1.6666,"angle":0}],"translate":[{"time":0,"x":0,"y":0,"curve":"stepped"},{"time":0.6666,"x":0,"y":0,"curve":"stepped"},{"time":0.7666,"x":0,"y":0,"curve":"stepped"},{"time":0.9,"x":0,"y":0,"curve":"stepped"},{"time":1,"x":0,"y":0,"curve":"stepped"},{"time":1.6666,"x":0,"y":0}],"scale":[{"time":0,"x":1,"y":1,"curve":"stepped"},{"time":0.6666,"x":1,"y":1,"curve":"stepped"},{"time":0.7666,"x":1,"y":1,"curve":"stepped"},{"time":0.9,"x":1,"y":1,"curve":"stepped"},{"time":1,"x":1,"y":1,"curve":"stepped"},{"time":1.6666,"x":1,"y":1}]},"glow 4":{"rotate":[{"time":0,"angle":0,"curve":"stepped"},{"time":1.2333,"angle":0,"curve":"stepped"},{"time":1.4,"angle":0,"curve":"stepped"},{"time":1.5,"angle":0,"curve":"stepped"},{"time":1.6666,"angle":0}],"translate":[{"time":0,"x":0,"y":0,"curve":"stepped"},{"time":1.2333,"x":0,"y":0,"curve":"stepped"},{"time":1.4,"x":0,"y":0,"curve":"stepped"},{"time":1.5,"x":0,"y":0,"curve":"stepped"},{"time":1.6666,"x":0,"y":0}],"scale":[{"time":0,"x":0.107,"y":0.107,"curve":"stepped"},{"time":1.2333,"x":0.107,"y":0.107},{"time":1.4,"x":1.896,"y":1.896,"curve":"stepped"},{"time":1.5,"x":1.896,"y":1.896},{"time":1.6666,"x":0.107,"y":0.107}]},"glow 3":{"rotate":[{"time":0,"angle":0,"curve":"stepped"},{"time":0.1666,"angle":0,"curve":"stepped"},{"time":0.2666,"angle":0,"curve":"stepped"},{"time":0.4333,"angle":0}],"translate":[{"time":0,"x":0,"y":0,"curve":"stepped"},{"time":0.1666,"x":0,"y":0,"curve":"stepped"},{"time":0.2666,"x":0,"y":0,"curve":"stepped"},{"time":0.4333,"x":0,"y":0}],"scale":[{"time":0,"x":0.001,"y":0.001},{"time":0.1666,"x":0.889,"y":0.889,"curve":"stepped"},{"time":0.2666,"x":0.889,"y":0.889},{"time":0.4333,"x":0.001,"y":0.001}]},"glow 1":{"rotate":[{"time":0,"angle":0,"curve":"stepped"},{"time":0.5333,"angle":0,"curve":"stepped"},{"time":0.7,"angle":0,"curve":"stepped"},{"time":0.8,"angle":0,"curve":"stepped"},{"time":0.9666,"angle":0}],"translate":[{"time":0,"x":0,"y":0,"curve":"stepped"},{"time":0.5333,"x":0,"y":0,"curve":"stepped"},{"time":0.7,"x":0,"y":0,"curve":"stepped"},{"time":0.8,"x":0,"y":0,"curve":"stepped"},{"time":0.9666,"x":0,"y":0}],"scale":[{"time":0,"x":0.168,"y":0.168,"curve":"stepped"},{"time":0.5333,"x":0.168,"y":0.168},{"time":0.7,"x":2.032,"y":2.032,"curve":"stepped"},{"time":0.8,"x":2.032,"y":2.032},{"time":0.9666,"x":0.168,"y":0.168}]},"glow 2":{"rotate":[{"time":0,"angle":0,"curve":"stepped"},{"time":0.7666,"angle":0,"curve":"stepped"},{"time":0.9333,"angle":0,"curve":"stepped"},{"time":1.0333,"angle":0,"curve":"stepped"},{"time":1.2,"angle":0}],"translate":[{"time":0,"x":0,"y":0,"curve":"stepped"},{"time":0.7666,"x":0,"y":0,"curve":"stepped"},{"time":0.9333,"x":0,"y":0,"curve":"stepped"},{"time":1.0333,"x":0,"y":0,"curve":"stepped"},{"time":1.2,"x":0,"y":0}],"scale":[{"time":0,"x":0.087,"y":0.087,"curve":"stepped"},{"time":0.7666,"x":0.087,"y":0.087},{"time":0.9333,"x":1.165,"y":1.165,"curve":"stepped"},{"time":1.0333,"x":1.165,"y":1.165},{"time":1.2,"x":0.087,"y":0.087}]},"glow 5":{"rotate":[{"time":0,"angle":0,"curve":"stepped"},{"time":1,"angle":0,"curve":"stepped"},{"time":1.1666,"angle":0,"curve":"stepped"},{"time":1.2666,"angle":0,"curve":"stepped"},{"time":1.4333,"angle":0}],"translate":[{"time":0,"x":0,"y":0,"curve":"stepped"},{"time":1,"x":0,"y":0,"curve":"stepped"},{"time":1.1666,"x":0,"y":0,"curve":"stepped"},{"time":1.2666,"x":0,"y":0,"curve":"stepped"},{"time":1.4333,"x":0,"y":0}],"scale":[{"time":0,"x":0.123,"y":0.123,"curve":"stepped"},{"time":1,"x":0.123,"y":0.123},{"time":1.1666,"x":2.004,"y":2.004,"curve":"stepped"},{"time":1.2666,"x":2.004,"y":2.004},{"time":1.4333,"x":0.123,"y":0.123}]},"glow 6":{"rotate":[{"time":0,"angle":0,"curve":"stepped"},{"time":0.3,"angle":0,"curve":"stepped"},{"time":0.4666,"angle":0,"curve":"stepped"},{"time":0.5666,"angle":0,"curve":"stepped"},{"time":0.7333,"angle":0}],"translate":[{"time":0,"x":0,"y":0,"curve":"stepped"},{"time":0.3,"x":0,"y":0,"curve":"stepped"},{"time":0.4666,"x":0,"y":0,"curve":"stepped"},{"time":0.5666,"x":0,"y":0,"curve":"stepped"},{"time":0.7333,"x":0,"y":0}],"scale":[{"time":0,"x":0.002,"y":0.002,"curve":"stepped"},{"time":0.3,"x":0.002,"y":0.002},{"time":0.4666,"x":1,"y":1,"curve":"stepped"},{"time":0.5666,"x":1,"y":1},{"time":0.7333,"x":0.002,"y":0.002}]}}}}}