{"skeleton":{"hash":"w20bSs1LCXh0qNCke50oknb0Yo4","spine":"3.4.02","width":1861,"height":1729,"images":""},"bones":[{"name":"root"},{"name":"Glow 1","parent":"root","length":152.85,"rotation":92.41,"x":-428.95,"y":1333.09},{"name":"Glow 2","parent":"root","length":174.35,"rotation":87.87,"x":401.33,"y":541.52},{"name":"Glow 3","parent":"root","length":116.23,"rotation":87.87,"x":-306.34,"y":238.23},{"name":"Kerang","parent":"root","length":1494.94,"rotation":89.99,"x":-0.9,"y":102.72}],"slots":[{"name":"kerang","bone":"Kerang","attachment":"kerang"},{"name":"glow 3","bone":"Glow 3","attachment":"glow 3"},{"name":"glow 2","bone":"Glow 2","attachment":"glow 2"},{"name":"glow 1","bone":"Glow 1","attachment":"glow 1"}],"skins":{"default":{"glow 1":{"glow 1":{"x":-41.4,"y":5.29,"rotation":-92.41,"width":945,"height":837}},"glow 2":{"glow 2":{"x":-61.85,"y":-5.96,"rotation":-87.87,"width":916,"height":795}},"glow 3":{"glow 3":{"x":234.85,"y":-443.95,"rotation":-87.87,"width":1432,"height":951}},"kerang":{"kerang":{"x":703.77,"y":-1.4,"rotation":-89.99,"width":1861,"height":1613}}}},"animations":{"animation":{"slots":{"glow 1":{"color":[{"time":0,"color":"ffffff00","curve":"stepped"},{"time":0.3333,"color":"ffffff00"},{"time":0.5666,"color":"ffffffff","curve":"stepped"},{"time":0.6333,"color":"ffffffff"},{"time":0.8333,"color":"ffffff00","curve":"stepped"},{"time":0.8666,"color":"ffffff00","curve":"stepped"},{"time":1.1666,"color":"ffffff00"},{"time":1.4,"color":"ffffffff","curve":"stepped"},{"time":1.4666,"color":"ffffffff"},{"time":1.6666,"color":"ffffff00"}]},"glow 2":{"color":[{"time":0,"color":"ffffff00"},{"time":0.2333,"color":"ffffffff","curve":"stepped"},{"time":0.2666,"color":"ffffffff"},{"time":0.5,"color":"ffffff00","curve":"stepped"},{"time":0.5333,"color":"ffffff00","curve":"stepped"},{"time":0.8333,"color":"ffffff00","curve":"stepped"},{"time":0.8666,"color":"ffffff00"},{"time":1.1,"color":"ffffffff","curve":"stepped"},{"time":1.1333,"color":"ffffffff"},{"time":1.3666,"color":"ffffff00"}]},"glow 3":{"color":[{"time":0,"color":"ffffff00","curve":"stepped"},{"time":0.6666,"color":"ffffff00"},{"time":0.8666,"color":"ffffffff","curve":"stepped"},{"time":0.9333,"color":"ffffffff"},{"time":1.1333,"color":"ffffff00"}]},"kerang":{"color":[{"time":0,"color":"ffffffff","curve":"stepped"},{"time":0.6666,"color":"ffffffff","curve":"stepped"},{"time":0.8666,"color":"ffffffff","curve":"stepped"},{"time":0.9666,"color":"ffffffff","curve":"stepped"},{"time":1.6666,"color":"ffffffff"}]}},"bones":{"Kerang":{"rotate":[{"time":0,"angle":0,"curve":"stepped"},{"time":0.6666,"angle":0},{"time":0.7333,"angle":1.09},{"time":0.8666,"angle":-1.14},{"time":0.9666,"angle":0,"curve":"stepped"},{"time":1.6666,"angle":0}],"translate":[{"time":0,"x":0,"y":0,"curve":"stepped"},{"time":0.6666,"x":0,"y":0,"curve":"stepped"},{"time":0.8666,"x":0,"y":0,"curve":"stepped"},{"time":0.9666,"x":0,"y":0,"curve":"stepped"},{"time":1.6666,"x":0,"y":0}],"scale":[{"time":0,"x":1,"y":1,"curve":"stepped"},{"time":0.6666,"x":1,"y":1,"curve":"stepped"},{"time":0.8666,"x":1,"y":1,"curve":"stepped"},{"time":0.9666,"x":1,"y":1,"curve":"stepped"},{"time":1.6666,"x":1,"y":1}]},"Glow 2":{"rotate":[{"time":0,"angle":0,"curve":"stepped"},{"time":0.5333,"angle":0,"curve":"stepped"},{"time":0.8333,"angle":0,"curve":"stepped"},{"time":0.8666,"angle":0}],"translate":[{"time":0,"x":0,"y":142.45,"curve":"stepped"},{"time":0.5333,"x":0,"y":142.45,"curve":"stepped"},{"time":0.8333,"x":0,"y":142.45},{"time":0.8666,"x":261.16,"y":741.6,"curve":"stepped"},{"time":1.1,"x":261.16,"y":741.6}],"scale":[{"time":0,"x":0.091,"y":0.091},{"time":0.2333,"x":1.035,"y":1.035,"curve":"stepped"},{"time":0.2666,"x":1.035,"y":1.035},{"time":0.5,"x":0.091,"y":0.091,"curve":"stepped"},{"time":0.5333,"x":0.091,"y":0.091,"curve":"stepped"},{"time":0.8333,"x":0.091,"y":0.091,"curve":"stepped"},{"time":0.8666,"x":0.091,"y":0.091},{"time":1.1,"x":0.668,"y":0.668,"curve":"stepped"},{"time":1.1333,"x":0.668,"y":0.668},{"time":1.3666,"x":0.091,"y":0.091}]},"Glow 3":{"rotate":[{"time":0,"angle":0,"curve":"stepped"},{"time":0.6666,"angle":0,"curve":"stepped"},{"time":0.8666,"angle":0,"curve":"stepped"},{"time":0.9333,"angle":0,"curve":"stepped"},{"time":1.1333,"angle":0}],"translate":[{"time":0,"x":0,"y":0,"curve":"stepped"},{"time":0.6666,"x":0,"y":0,"curve":"stepped"},{"time":0.8666,"x":0,"y":0,"curve":"stepped"},{"time":0.9333,"x":0,"y":0,"curve":"stepped"},{"time":1.1333,"x":0,"y":0}],"scale":[{"time":0,"x":1,"y":1},{"time":0.6666,"x":0.495,"y":0.495},{"time":0.8666,"x":1.252,"y":1.252,"curve":"stepped"},{"time":0.9333,"x":1.252,"y":1.252},{"time":1.1333,"x":0.495,"y":0.495}]},"Glow 1":{"rotate":[{"time":0,"angle":0,"curve":"stepped"},{"time":0.3333,"angle":0,"curve":"stepped"},{"time":0.8333,"angle":0,"curve":"stepped"},{"time":0.8666,"angle":0,"curve":"stepped"},{"time":1.1666,"angle":0,"curve":"stepped"},{"time":1.6666,"angle":0}],"translate":[{"time":0,"x":0,"y":-115.95,"curve":"stepped"},{"time":0.3333,"x":0,"y":-115.95,"curve":"stepped"},{"time":0.8333,"x":0,"y":-115.95},{"time":0.8666,"x":-350.36,"y":-941.57,"curve":"stepped"},{"time":1.1666,"x":-350.36,"y":-941.57,"curve":"stepped"},{"time":1.6666,"x":-350.36,"y":-941.57}],"scale":[{"time":0,"x":0.305,"y":0.305,"curve":"stepped"},{"time":0.3333,"x":0.305,"y":0.305},{"time":0.5666,"x":1.614,"y":1.614,"curve":"stepped"},{"time":0.6333,"x":1.614,"y":1.614},{"time":0.8333,"x":0.305,"y":0.305,"curve":"stepped"},{"time":0.8666,"x":0.305,"y":0.305,"curve":"stepped"},{"time":1.1666,"x":0.305,"y":0.305},{"time":1.4,"x":-1.12,"y":-1.12,"curve":"stepped"},{"time":1.4666,"x":-1.12,"y":-1.12},{"time":1.6666,"x":0.305,"y":0.305}]}}}}}