{"skeleton":{"hash":"cL+fBxzCPt6anplXd0dHcBTxil8","spine":"3.4.02","width":3010.52,"height":3979.47,"images":"./images/"},"bones":[{"name":"root"},{"name":"ink_01","parent":"root","length":829.88,"rotation":89.99,"x":260.15,"y":-406.07},{"name":"ink_02","parent":"root","length":756.52,"rotation":89.99,"x":-14.23,"y":695.26},{"name":"ink_03","parent":"root","length":811.54,"rotation":89.99,"x":342.54,"y":-464.15},{"name":"ink_04","parent":"root","length":843.64,"rotation":89.99,"x":-99.26,"y":-783.08},{"name":"ink_05","parent":"root","length":724.42,"rotation":89.99,"x":-33.28,"y":738.71},{"name":"ink_06","parent":"root","length":875.73,"rotation":89.99,"x":-463.41,"y":307},{"name":"ink_07","parent":"root","length":898.65,"rotation":89.99,"x":-39.56,"y":-785.18},{"name":"ink_08","parent":"root","length":834.47,"rotation":89.99,"x":-418.3,"y":295.49},{"name":"ink_09","parent":"root","length":765.05,"rotation":89.99,"x":170.41,"y":75.07},{"name":"ink_10","parent":"root","length":809.84,"rotation":89.99,"x":50.98,"y":175.84},{"name":"ink_big_01","parent":"root","length":1421.34,"rotation":89.99,"x":-4.69,"y":0.64}],"slots":[{"name":"ink_10","bone":"ink_10","attachment":"ink_8"},{"name":"ink_08","bone":"ink_08"},{"name":"ink_07","bone":"ink_07","attachment":"ink_07"},{"name":"ink_09","bone":"ink_09","attachment":"ink_6"},{"name":"ink_06","bone":"ink_06"},{"name":"ink_05","bone":"ink_05","attachment":"ink_05"},{"name":"ink_04","bone":"ink_04","attachment":"ink_04"},{"name":"ink_03","bone":"ink_03","attachment":"ink_03"},{"name":"ink_02","bone":"ink_02","attachment":"ink_02"},{"name":"ink_01","bone":"ink_01","attachment":"ink_01"},{"name":"ink_big_01","bone":"ink_big_01","attachment":"ink_big_01"}],"skins":{"default":{"ink_01":{"ink_01":{"x":151.74,"y":-71.38,"rotation":-89.99,"width":2231,"height":1655}},"ink_02":{"ink_02":{"x":336.55,"y":296.91,"rotation":-89.99,"width":2216,"height":2351}},"ink_03":{"ink_03":{"x":-63.83,"y":71.74,"rotation":-89.99,"width":1721,"height":1378}},"ink_04":{"ink_04":{"x":6.43,"y":118.09,"rotation":-89.99,"width":2034,"height":1991}},"ink_05":{"ink_05":{"x":-10.31,"y":57.99,"rotation":-89.99,"width":1779,"height":1273}},"ink_06":{"ink_06":{"x":-69.92,"y":-134.57,"rotation":-89.99,"width":1699,"height":1413}},"ink_07":{"ink_07":{"x":-3.64,"y":-9.69,"rotation":-89.99,"width":2194,"height":1802}},"ink_08":{"ink_08":{"x":-2.23,"y":-2.11,"rotation":-89.99,"width":1938,"height":1798}},"ink_09":{"ink_6":{"path":"ink_06","x":-13.63,"y":-494.61,"rotation":-89.99,"width":1699,"height":1413}},"ink_10":{"ink_8":{"path":"ink_08","x":-147.55,"y":418.66,"rotation":-89.99,"width":1938,"height":1798}},"ink_big_01":{"ink_big_01":{"x":-3.23,"y":25.3,"rotation":-89.99,"width":2932,"height":2854}}}},"animations":{"animation":{"slots":{"ink_01":{"color":[{"time":0,"color":"ffffff00","curve":"stepped"},{"time":0.4094,"color":"ffffff00"},{"time":0.578,"color":"ffffffff"},{"time":0.9392,"color":"ffffff00"}]},"ink_02":{"color":[{"time":0,"color":"ffffff00","curve":"stepped"},{"time":0.7222,"color":"ffffff00"},{"time":0.9392,"color":"ffffffff"},{"time":1.5414,"color":"ffffff00"}]},"ink_03":{"color":[{"time":0,"color":"ffffff00","curve":"stepped"},{"time":0.4094,"color":"ffffff00"},{"time":0.578,"color":"ffffffff"},{"time":0.9392,"color":"ffffff00"}]},"ink_04":{"color":[{"time":0,"color":"ffffff00"},{"time":0.2167,"color":"ffffffff"},{"time":0.8124,"color":"ffffff00"}]},"ink_05":{"color":[{"time":0,"color":"ffffff00","curve":"stepped"},{"time":0.7222,"color":"ffffff00"},{"time":0.9392,"color":"ffffffff"},{"time":1.5414,"color":"ffffff00"}]},"ink_06":{"color":[{"time":0,"color":"ffffff00","curve":"stepped"},{"time":1.3487,"color":"ffffff00"},{"time":1.5654,"color":"ffffffff"},{"time":2.1676,"color":"ffffff00"}],"attachment":[{"time":0,"name":"ink_06"},{"time":1.3487,"name":"ink_06"},{"time":1.5654,"name":"ink_06"},{"time":2.1676,"name":"ink_06"}]},"ink_07":{"color":[{"time":0,"color":"ffffff00"},{"time":0.2167,"color":"ffffffff"},{"time":0.8124,"color":"ffffff00"}]},"ink_08":{"color":[{"time":0,"color":"ffffff00","curve":"stepped"},{"time":1.3487,"color":"ffffff00"},{"time":1.6377,"color":"ffffffff"},{"time":2.1676,"color":"ffffff00"}],"attachment":[{"time":1.3487,"name":"ink_08"},{"time":1.6377,"name":"ink_08"},{"time":2.1676,"name":"ink_08"}]},"ink_09":{"color":[{"time":0,"color":"ffffff00","curve":"stepped"},{"time":1.0838,"color":"ffffff00"},{"time":1.3005,"color":"ffffffff"},{"time":1.8304,"color":"ffffff00"}],"attachment":[{"time":0,"name":null},{"time":1.0838,"name":null},{"time":1.1078,"name":"ink_6"},{"time":1.3005,"name":"ink_6"}]},"ink_10":{"color":[{"time":0,"color":"ffffff00","curve":"stepped"},{"time":1.0597,"color":"ffffff00"},{"time":1.2523,"color":"ffffffff"},{"time":1.6618,"color":"ffffff00"}],"attachment":[{"time":0,"name":null},{"time":1.0597,"name":null},{"time":1.0838,"name":"ink_8"},{"time":1.2523,"name":"ink_8"}]},"ink_big_01":{"color":[{"time":0,"color":"ffffff00","curve":"stepped"},{"time":2.0666,"color":"ffffff00"},{"time":2.1333,"color":"ffffffff"},{"time":2.2,"color":"ffffffe1"},{"time":2.3333,"color":"ffffff00"}]}},"bones":{"ink_05":{"rotate":[{"time":0,"angle":0,"curve":"stepped"},{"time":0.7222,"angle":0}],"translate":[{"time":0,"x":-83.61,"y":0,"curve":"stepped"},{"time":0.7222,"x":-83.61,"y":0},{"time":1.5414,"x":567.33,"y":0}],"scale":[{"time":0,"x":0.188,"y":0.188,"curve":"stepped"},{"time":0.7222,"x":0.188,"y":0.188},{"time":1.0115,"x":0.974,"y":0.974}]},"ink_02":{"rotate":[{"time":0,"angle":0,"curve":"stepped"},{"time":0.7222,"angle":0}],"translate":[{"time":0,"x":0,"y":0,"curve":"stepped"},{"time":0.7222,"x":0,"y":0},{"time":1.5414,"x":527.79,"y":0}],"scale":[{"time":0,"x":0.188,"y":0.188,"curve":"stepped"},{"time":0.7222,"x":0.188,"y":0.188},{"time":0.9392,"x":0.974,"y":0.974}]},"ink_08":{"rotate":[{"time":0,"angle":0,"curve":"stepped"},{"time":1.3487,"angle":0}],"translate":[{"time":0,"x":352.93,"y":99.09,"curve":"stepped"},{"time":1.3487,"x":352.93,"y":99.09},{"time":2.1676,"x":-326.48,"y":99.09}],"scale":[{"time":0,"x":0.237,"y":0.237,"curve":"stepped"},{"time":1.3487,"x":0.237,"y":0.237},{"time":1.6377,"x":0.868,"y":0.868}]},"ink_06":{"rotate":[{"time":0,"angle":0,"curve":"stepped"},{"time":1.3487,"angle":0}],"translate":[{"time":0,"x":323.54,"y":99.09,"curve":"stepped"},{"time":1.3487,"x":323.54,"y":99.09},{"time":2.1676,"x":-355.87,"y":99.09}],"scale":[{"time":0,"x":0.237,"y":0.237,"curve":"stepped"},{"time":1.3487,"x":0.237,"y":0.237},{"time":1.5654,"x":0.868,"y":0.868}]},"ink_big_01":{"rotate":[{"time":0,"angle":0,"curve":"stepped"},{"time":2.0666,"angle":0}],"translate":[{"time":0,"x":0,"y":0},{"time":2.0666,"x":-18,"y":0}],"scale":[{"time":0,"x":0.308,"y":0.308,"curve":"stepped"},{"time":2.0666,"x":0.308,"y":0.308},{"time":2.1333,"x":1.446,"y":1.446},{"time":2.3333,"x":1.611,"y":1.611}]},"ink_07":{"rotate":[{"time":0,"angle":12.31}],"translate":[{"time":0,"x":-102.72,"y":334.51},{"time":0.8124,"x":-649.18,"y":0}],"scale":[{"time":0,"x":0.127,"y":0.127},{"time":0.2167,"x":1.112,"y":1.112}]},"ink_04":{"rotate":[{"time":0,"angle":12.31}],"translate":[{"time":0,"x":-102.72,"y":334.51},{"time":0.8124,"x":-649.18,"y":0}],"scale":[{"time":0,"x":0.127,"y":0.127},{"time":0.2167,"x":1.112,"y":1.112}]},"ink_01":{"rotate":[{"time":0,"angle":0,"curve":"stepped"},{"time":0.4094,"angle":0}],"translate":[{"time":0,"x":0,"y":108.72,"curve":"stepped"},{"time":0.4094,"x":0,"y":108.72},{"time":0.9392,"x":459.25,"y":108.72}],"scale":[{"time":0,"x":0.035,"y":0.035,"curve":"stepped"},{"time":0.4094,"x":0.035,"y":0.035},{"time":0.578,"x":0.785,"y":0.785}]},"ink_03":{"rotate":[{"time":0,"angle":0,"curve":"stepped"},{"time":0.4094,"angle":0}],"translate":[{"time":0,"x":0,"y":108.72,"curve":"stepped"},{"time":0.4094,"x":0,"y":108.72},{"time":0.9392,"x":459.25,"y":108.72}],"scale":[{"time":0,"x":0.035,"y":0.035,"curve":"stepped"},{"time":0.4094,"x":0.035,"y":0.035},{"time":0.6502,"x":0.785,"y":0.785}]},"ink_10":{"rotate":[{"time":0,"angle":-35.09,"curve":"stepped"},{"time":1.0597,"angle":-35.09}],"translate":[{"time":0,"x":-164.92,"y":-362.82,"curve":"stepped"},{"time":1.0597,"x":-164.92,"y":-362.82},{"time":1.6618,"x":-653.64,"y":-19.35}],"scale":[{"time":0,"x":0.035,"y":0.035,"curve":"stepped"},{"time":1.0597,"x":0.035,"y":0.035},{"time":1.2523,"x":1,"y":1}]},"ink_09":{"rotate":[{"time":0,"angle":16.27,"curve":"stepped"},{"time":1.0838,"angle":16.27}],"translate":[{"time":0,"x":-196.33,"y":-277.57,"curve":"stepped"},{"time":1.0838,"x":-196.33,"y":-277.57},{"time":1.8304,"x":352.32,"y":-117.41}],"scale":[{"time":0,"x":0.023,"y":0.023,"curve":"stepped"},{"time":1.0838,"x":0.023,"y":0.023},{"time":1.3005,"x":1.124,"y":1.124}]}}}}}