{"skeleton":{"hash":"2UAsb3YHwQAAXZuNVcTUHkZOkUk","spine":"3.4.02","width":2962,"height":2957},"bones":[{"name":"root","length":1087.94,"rotation":89.91},{"name":"lv1 a","parent":"root","length":253.89,"rotation":-162.37,"x":-76.94,"y":38.87},{"name":"bone","parent":"lv1 a","length":169.85,"rotation":20.64,"x":253.89},{"name":"bone2","parent":"bone","length":155.22,"rotation":10.99,"x":169.85},{"name":"lv1 b","parent":"root","length":236.67,"rotation":74.37,"x":-85.87,"y":60.22},{"name":"bone4","parent":"lv1 b","length":199.88,"rotation":-35.07,"x":236.67},{"name":"bone5","parent":"bone4","length":175.12,"rotation":-65.78,"x":199.88},{"name":"lv1 c","parent":"root","length":328.49,"rotation":-11.16,"x":-30.72,"y":81.66},{"name":"bone6","parent":"lv1 c","length":191.95,"rotation":-13.41,"x":328.49},{"name":"bone7","parent":"bone6","length":186.35,"rotation":-0.18,"x":191.95},{"name":"lv1 d","parent":"root","length":307.09,"rotation":-68.85,"x":-85.86,"y":51.32},{"name":"bone8","parent":"lv1 d","length":281.09,"rotation":43.83,"x":307.09},{"name":"lv2 a","parent":"root","length":646.72,"rotation":136.49,"x":-87.39,"y":93.33},{"name":"bone9","parent":"lv2 a","length":244.43,"rotation":-1.41,"x":646.72},{"name":"bone10","parent":"bone9","length":212.15,"rotation":22.06,"x":244.43},{"name":"lv2 b","parent":"root","length":637.79,"rotation":72.71,"x":-64.82,"y":80.84},{"name":"bone11","parent":"lv2 b","length":305.2,"rotation":1.16,"x":637.79},{"name":"bone12","parent":"bone11","length":194.05,"rotation":-34.55,"x":305.2},{"name":"lv2 c","parent":"root","length":371.43,"rotation":12.14,"x":-92.35,"y":60.76},{"name":"bone13","parent":"lv2 c","length":329.33,"rotation":2.91,"x":371.43},{"name":"bone14","parent":"bone13","length":592.26,"rotation":-8.67,"x":324.49,"y":1.29},{"name":"lv2 d","parent":"root","length":363.44,"rotation":-34.81,"x":-77.31,"y":53.27},{"name":"bone15","parent":"lv2 d","length":412.83,"rotation":-17.74,"x":363.44},{"name":"bone16","parent":"bone15","length":453.57,"rotation":31.6,"x":412.83},{"name":"lv2 e","parent":"root","length":680.26,"rotation":-105.95,"x":-37.18,"y":15.75},{"name":"bone17","parent":"lv2 e","length":523.27,"rotation":-14.46,"x":680.26},{"name":"lv2 f","parent":"root","length":385.19,"rotation":-157.35,"x":15.35,"y":63.42},{"name":"bone18","parent":"lv2 f","length":294.05,"rotation":-8.76,"x":385.19},{"name":"bone19","parent":"bone18","length":527.84,"rotation":11.18,"x":294.05},{"name":"lv3 a","parent":"root","length":888.56,"rotation":156.11,"x":-80.11,"y":65.31},{"name":"bone20","parent":"lv3 a","length":400.85,"rotation":-17.17,"x":888.56},{"name":"bone21","parent":"bone20","length":341.49,"rotation":-6.74,"x":391.39,"y":5.55},{"name":"lv3 b","parent":"root","length":401.69,"rotation":121.3,"x":-62.74,"y":51.45},{"name":"bone22","parent":"lv3 b","length":510.56,"rotation":-5,"x":401.69},{"name":"bone23","parent":"bone22","length":655.91,"rotation":9.74,"x":510.56},{"name":"lv3 c","parent":"root","length":681.74,"rotation":67.95,"x":-62.74,"y":51.45},{"name":"bone24","parent":"lv3 c","length":376.5,"rotation":2.18,"x":681.74},{"name":"bone25","parent":"bone24","length":461.19,"rotation":6,"x":376.5},{"name":"lv3 d","parent":"root","length":724.9,"rotation":25.29,"x":-59.29,"y":65.34},{"name":"bone26","parent":"lv3 d","length":593.96,"rotation":4.94,"x":724.9},{"name":"bone27","parent":"bone26","length":452.99,"rotation":-8.11,"x":593.96},{"name":"lv3 e","parent":"root","length":644.01,"rotation":-26.48,"x":27.47,"y":48.11},{"name":"bone28","parent":"lv3 e","length":576.74,"rotation":-3.39,"x":644.01},{"name":"bone29","parent":"bone28","length":442.04,"rotation":7.82,"x":576.74},{"name":"lv3 f","parent":"root","length":476.71,"rotation":-65.4,"x":-7.18,"y":23.77},{"name":"bone30","parent":"lv3 f","length":328.02,"rotation":-18.44,"x":476.71},{"name":"bone31","parent":"bone30","length":411.23,"rotation":25.47,"x":328.02},{"name":"bone32","parent":"bone31","length":239.65,"rotation":-29.05,"x":411.23},{"name":"lv3 g","parent":"root","length":699.01,"rotation":-119.02,"x":-10.68,"y":41.12},{"name":"bone33","parent":"lv3 g","length":277.99,"rotation":4.78,"x":699.01},{"name":"bone34","parent":"bone33","length":650.67,"rotation":9.17,"x":277.99},{"name":"lv3 h","parent":"root","length":827.14,"rotation":-153.78,"x":-73.16,"y":54.91},{"name":"bone35","parent":"lv3 h","length":412.47,"rotation":16.81,"x":827.14},{"name":"bone36","parent":"bone35","length":326.71,"rotation":16.39,"x":412.47}],"slots":[{"name":"shadow_2","bone":"root","attachment":"shadow_2"},{"name":"base","bone":"root","attachment":"base"},{"name":"lv3 h","bone":"lv3 h","attachment":"lv3 h"},{"name":"lv3 g","bone":"lv3 g","attachment":"lv3 g"},{"name":"lv3 f","bone":"lv3 f","attachment":"lv3 f"},{"name":"lv3 e","bone":"lv3 e","attachment":"lv3 e"},{"name":"lv3 d","bone":"lv3 d","attachment":"lv3 d"},{"name":"lv3 c","bone":"lv3 c","attachment":"lv3 c"},{"name":"lv3 b","bone":"lv3 b","attachment":"lv3 b"},{"name":"lv3 a","bone":"lv3 a","attachment":"lv3 a"},{"name":"lv2 f","bone":"lv2 f","attachment":"lv2 f"},{"name":"lv2 e","bone":"lv2 e","attachment":"lv2 e"},{"name":"lv2 d","bone":"lv2 d","attachment":"lv2 d"},{"name":"lv2 c","bone":"lv2 c","attachment":"lv2 c"},{"name":"lv2 b","bone":"lv2 b","attachment":"lv2 b"},{"name":"lv2 a","bone":"lv2 a","attachment":"lv2 a"},{"name":"lv1 d","bone":"lv1 d","attachment":"lv1 d"},{"name":"lv1 c","bone":"lv1 c","attachment":"lv1 c"},{"name":"lv1 b","bone":"lv1 b","attachment":"lv1 b"},{"name":"lv1 a","bone":"lv1 a","attachment":"lv1 a"}],"skins":{"default":{"base":{"base":{"x":-0.99,"y":-3,"rotation":-89.91,"width":2488,"height":2436}},"lv1 a":{"lv1 a":{"type":"mesh","uvs":[0.2714,0,0.18902,0.06791,0.10899,0.1458,0.03602,0.22826,0,0.28782,0,0.37258,0.04779,0.44817,0.11605,0.50086,0.17725,0.54438,0.18431,0.63143,0.19373,0.72535,0.26434,0.78262,0.37732,0.82385,0.49031,0.8605,0.608,0.88341,0.71627,0.92006,0.80101,0.96129,0.89752,1,0.98696,1,1,0.97275,0.94224,0.94755,0.91164,0.90861,0.91399,0.82614,0.93518,0.72764,0.96813,0.65434,0.96107,0.57874,0.88104,0.53293,0.78689,0.46421,0.77747,0.37716,0.82925,0.29011,0.82219,0.17328,0.78218,0.09082,0.69038,0.03126,0.55621,0.01522,0.40557,0,0.4856,0.50773,0.70921,0.78033],"triangles":[17,20,18,18,20,19,17,21,20,17,16,21,21,16,22,14,36,15,22,16,15,22,15,36,22,36,23,36,26,23,24,23,26,14,13,36,36,13,35,35,13,12,12,11,35,35,11,9,36,27,26,27,35,28,27,36,35,24,26,25,11,10,9,9,8,35,35,2,1,35,1,34,1,0,34,2,35,8,28,33,32,28,35,33,35,34,33,7,3,2,8,7,2,5,3,6,7,6,3,28,30,29,30,32,31,30,28,32,5,4,3],"vertices":[1,1,-12.47,-23.23,1,1,1,7.21,-70.23,1,1,1,31.83,-117.64,1,2,1,59.59,-162.53,0.99947,2,-239.13,-83.58999,5.2E-4,2,1,82,-187.45,0.99561,2,-226.94,-114.81,0.00437,2,1,121.2,-199.85,0.9836,2,-194.63,-140.23,0.01639,2,1,162.96,-189.39,0.95222,2,-151.86,-145.17,0.04777,2,1,197.03,-166.37,0.8735,2,-111.86,-135.64,0.12649,2,1,225.87,-145.19,0.71504,2,-77.41,-125.99,0.28494,2,1,267.13,-154.74,0.46233,2,-42.17,-149.47,0.53766,2,1,311.9,-164.24,0.31956,2,-3.62,-174.14,0.68043,2,1,348.43,-140.83,0.22851,2,38.81,-165.12,0.77148,3,1,383.57,-96.01,0.09494,2,87.5,-135.57,0.90446,3,-106.69,-117.38,5.9E-4,3,1,416.6,-50.53,0.01497,2,134.44,-104.65,0.93875,3,-54.71,-95.98,0.04626,2,2,177.52,-67.86,0.67022,3,-5.41,-68.08,0.32977,3,1,476.29,42.45,0,2,223.09,-38.68,0.10866,3,44.88,-48.13,0.89133,1,3,88.22,-37.12,1,2,2,306.45,4.57,1.0E-5,3,134.96,-21.55,0.99998,2,1,551.78,152.58,0,3,166.91,6.03,1,2,2,325.97,50.76,0,3,162.93,20.06,0.99999,1,3,134.31,11.49,1,2,1,498.8,132.05,0,3,111.03,16.34,0.99999,3,1,461,145.16,2.0E-5,2,244.99,62.82,0.03095,3,85.73,47.34,0.96901,2,2,213.62,100.22,0.25217,3,62.07,90.03,0.74782,2,2,195.3,134.42,0.40155,3,50.61,127.1,0.59844,3,1,353.29,202.52,0.00524,2,164.42,154.47,0.48201,3,24.12,152.67,0.51273,3,1,320.71,173.2,0.04626,2,123.6,138.52,0.59197,3,-18.98,144.8,0.36176,3,1,275.54,140.88,0.28753,2,69.93,124.2,0.61229,3,-74.4,140.98,0.10016,3,1,233.94,149.37,0.6437,2,34,146.81,0.33965,3,-105.36,170.02,0.01663,3,1,201.06,185.4,0.83975,2,15.93,192.12,0.1597,3,-114.45,217.95,5.3E-4,2,1,146.03,199.31,0.92869,2,-30.65,224.53,0.0713,2,1,102.2,193.35,0.96536,2,-73.76999,234.42,0.03463,2,1,61.6,160.75,0.98992,2,-123.26,218.22,0.01007,1,1,35.09,102.71,1,1,1,6.61,37.14,1,2,1,252.79,-1.07,0.5,2,-1.39,-0.61,0.5,2,2,167.76,0.58999,0.5,3,-1.93,0.98,0.5],"hull":35}},"lv1 b":{"lv1 b":{"type":"mesh","uvs":[1,0.71818,0.99822,0.79225,0.97063,0.87503,0.94054,0.94256,0.88787,1,0.78003,1,0.61451,1,0.47908,0.98177,0.37124,0.91424,0.29601,0.81621,0.25337,0.71383,0.18064,0.66808,0.05023,0.6354,0,0.5548,0,0.41756,0,0.28903,0.05023,0.19318,0.12547,0.10604,0.21324,0.03633,0.31607,0,0.39381,0,0.33613,0.07772,0.31356,0.16486,0.33613,0.25853,0.3888,0.32607,0.48661,0.33696,0.59194,0.34567,0.65714,0.42845,0.67219,0.50687,0.77251,0.50687,0.87031,0.5243,0.92549,0.58966,0.97063,0.65065,0.44146,0.59837,0.1656,0.30646],"triangles":[15,16,34,16,17,34,34,22,23,34,17,22,17,18,22,22,18,21,18,19,21,21,19,20,9,10,33,10,11,33,11,13,34,11,24,33,24,34,23,24,11,34,11,12,13,27,25,26,27,33,25,33,24,25,13,14,34,14,15,34,4,5,3,3,5,2,5,32,2,31,29,30,6,29,5,28,29,6,28,6,33,8,33,7,6,7,33,29,31,5,8,9,33,5,31,32,2,32,1,33,27,28,1,32,0],"vertices":[1,4,-14.66,-11.93,1,1,4,-24.13,24.64,1,1,4,-23.79,68.58999,1,1,4,-20.28,105.36,1,1,4,-5.75,139.87,1,1,4,40.22,152.8,1,2,4,110.81,172.66,0.99751,5,-202.22,68.98,0.00248,2,4,171.08,179.95,0.96797,5,-157.09,109.58,0.03202,2,4,226.39,159.73,0.88191,5,-100.2,124.82,0.11808,2,4,272.02,120.63,0.67396,5,-40.39,119.03,0.32602,2,4,304.33,75.48,0.29788,5,12,100.65,0.70211,2,4,341.67,61.74,0.07109,5,50.44,110.86,0.9289,2,4,401.79,61.34,0.00272,5,99.88,145.08,0.99727,2,5,145.8,136.33,0.99599,6,-146.52,6.6,0.004,2,5,200.03,92.08,0.88091,6,-83.91,37.9,0.11908,2,5,250.81,50.63,0.47333,6,-25.29,67.22,0.52666,2,5,274.61,2.48,0.1136,6,28.38,69.17,0.88639,1,6,83.03,59.24,1,1,6,132.22,40.36,1,1,6,169.17,7.9,1,1,6,184.57,-22.89,1,1,6,137.69,-17.77,1,2,5,212.04,-97.02,0.02108,6,93.47,-28.7,0.97891,3,4,331.91,-157.97,4.3E-4,5,168.71,-74.56,0.40589,6,55.21,-59.01,0.59366,3,4,300.12,-131.13,0.03026,5,127.28,-70.86,0.8572,6,34.84,-95.28,0.11253,3,4,256.91,-137.51,0.17678,5,95.58,-100.91,0.81969,6,49.25,-136.51,0.00352,2,4,210.79,-145.87,0.34987,5,62.63,-134.26,0.65012,2,4,171.55,-113.05,0.57892,5,11.66,-129.94,0.42107,2,4,154.3,-76.35,0.85757,5,-23.53,-109.82,0.14241,2,4,111.52,-88.38,0.99331,5,-51.63,-144.25,0.00668,1,4,67.41,-91.56,1,1,4,34.84999,-66.08999,1,1,4,7.18,-41.56,1,2,4,240.06,-3.76,0.5,5,4.92999,-1.13,0.5,2,5,197.54,-0.57,0.5,6,-0.43,-2.35999,0.5],"hull":33}},"lv1 c":{"lv1 c":{"type":"mesh","uvs":[0.39024,1,0.47274,0.96537,0.57724,0.93942,0.69824,0.92482,0.82199,0.89725,0.92099,0.84859,0.97324,0.79183,0.96499,0.70424,0.94849,0.62964,0.89899,0.56638,0.87149,0.50637,0.89899,0.45285,0.97599,0.39446,1,0.35067,1,0.28093,0.95674,0.21605,0.92099,0.14469,0.90724,0.07679,0.95124,0,0.85499,0,0.79174,0.06219,0.72574,0.11733,0.61849,0.1595,0.50024,0.18707,0.39024,0.2114,0.28574,0.25844,0.21424,0.32818,0.20874,0.41252,0.14549,0.45307,0.06024,0.50334,0,0.56173,0,0.64283,0.01899,0.73041,0.07124,0.80826,0.15374,0.86503,0.24174,0.9299,0.31874,0.97532,0.50574,0.51145,0.71749,0.25519],"triangles":[38,23,22,13,38,15,38,21,16,21,20,16,20,17,16,38,16,15,15,14,13,38,22,21,20,19,17,17,19,18,9,37,10,37,28,27,37,27,25,27,26,25,25,24,37,24,23,37,37,38,10,38,37,23,10,38,11,11,38,12,12,38,13,0,36,1,36,35,1,2,1,37,3,2,37,35,37,1,9,4,3,37,35,34,5,4,7,37,9,3,33,28,34,37,34,28,5,7,6,7,9,8,9,7,4,33,32,28,28,32,29,32,31,29,31,30,29],"vertices":[1,7,-8.75,-14.34,1,1,7,21,-42.41,1,1,7,46.67,-80.35,1,2,7,66.01,-126.34,1,9,-417.34,-185.16,0,2,7,94.29,-171.69,1,9,-379.19,-222.58,0,3,7,134.78,-204.42,0.99452,8,-140.99,-243.78,0.00547,9,-332.14,-244.87,0,3,7,177.04,-217.53,0.98039,8,-96.84,-246.73,0.0196,9,-287.98,-247.68,0,3,7,235.23,-202.56,0.92437,8,-43.71,-218.67,0.07562,9,-234.94,-219.44,0,2,7,284.05,-186.05,0.82185,8,-0.05,-191.29,0.17814,3,7,322.65,-157.99,0.63287,8,30.97,-155.03,0.36671,9,-160.46,-155.56,3.9E-4,2,7,360.8,-139.07,0.3434,8,63.69,-127.78,0.65659,3,7,398.92,-142.82,0.11509,8,101.65,-122.58,0.80838,9,-89.89,-122.87,0.07652,3,7,444.22,-165.53,0.01405,8,150.98,-134.16,0.73281,9,-40.53,-134.29,0.25312,3,7,475.53,-169.19,0.00144,8,182.28,-130.45,0.61747,9,-9.22999,-130.49,0.38106,2,8,225.7,-110.52,0.39248,9,34.11,-110.41,0.6075,2,8,258.79,-76.08999,0.13309,9,67.08999,-75.87,0.8669,1,9,105.38,-42.22,1,1,9,145.25,-17.64,1,1,9,200.45,-11.66,1,3,7,699.7,-64.87,0,8,376.14,23.01,0,9,184.11,23.62,0.99999,2,7,652.93,-48.12,0,9,134.71,28.9,1,3,7,610.68,-29.34,0,8,281.3,36.91999,0.00717,9,89.23,37.22,0.99282,3,7,573.9,7.52,3.0E-5,8,236.97,64.25,0.27364,9,44.81,64.39,0.72632,2,8,199.87,99.78,0.68173,9,7.59,99.81,0.31826,3,7,521.04,91.02,0.00484,8,166.18,133.21,0.8662,9,-26.2,133.13,0.12894,3,7,481.21,126.14,0.0396,8,119.28,158.13,0.91716,9,-73.18,157.89,0.04322,3,7,428.72,145.16,0.1262,8,63.82,164.45,0.86439,9,-128.66,164.03,0.0094,3,7,371.62,136.07,0.36735,8,10.39,142.36,0.63247,9,-182.02,141.76,1.7E-4,2,7,339.4,155.71,0.59932,8,-25.51,153.99,0.40067,3,7,298.9,182.77,0.77701,8,-71.18,170.92,0.22298,9,-263.69,170.06,0,3,7,254.92,198.84,0.87077,8,-117.68,176.35,0.12921,9,-310.21,175.33,0,3,7,200.44,188,0.94107,8,-168.16,153.17,0.05892,9,-360.62,151.99,0,3,7,143.1,168.77,0.98705,8,-219.48,121.16,0.01294,9,-411.83,119.81,0,3,7,94.91,137.67,0.99968,8,-259.14,79.72,3.1E-4,9,-451.35,78.24,0,2,7,63.27,97.39,0.99999,9,-472.62,31.66,0,3,7,26.62,53.85,0.99999,8,-306.12,-17.64,0,9,-498.01,-19.27,0,3,7,2.18,17.27,0.99999,8,-321.41,-58.89,0,9,-513.16,-60.57,0,2,7,328.56,5.16,0.5,8,-1.12,5.04,0.5,2,8,194.09,0.55,0.5,9,2.14,0.55,0.5],"hull":37}},"lv1 d":{"lv1 d":{"type":"mesh","uvs":[0.0163,0.75121,0,0.66947,0,0.61497,0.0806,0.57096,0.20682,0.54581,0.2997,0.53114,0.38306,0.48083,0.49023,0.45149,0.56167,0.41796,0.59263,0.36346,0.55453,0.28801,0.56405,0.22513,0.6355,0.16644,0.74029,0.135,0.83317,0.09937,0.87842,0.04278,0.89985,0,0.94272,0.05745,0.9713,0.15387,0.99988,0.23142,1,0.31316,1,0.41167,0.97606,0.50179,0.89271,0.56677,0.81888,0.62126,0.79983,0.68204,0.79745,0.76169,0.75934,0.84553,0.69028,0.90212,0.60216,0.95661,0.49499,0.99434,0.37591,1,0.23064,1,0.13537,0.98386,0.05678,0.92936,0.00677,0.85391,0.64979,0.55838],"triangles":[15,16,17,12,10,11,9,10,12,14,18,19,20,9,19,21,22,20,13,9,12,9,20,36,8,9,36,14,15,17,14,17,18,19,13,14,13,19,9,20,23,36,22,23,20,24,36,23,1,2,3,25,36,24,0,1,3,26,36,25,27,36,26,28,36,27,4,34,0,35,0,34,36,7,8,29,36,28,36,6,7,36,5,6,36,30,5,3,4,0,32,33,34,29,30,36,32,4,5,31,32,5,32,34,4,30,31,5],"vertices":[2,10,-16.79,11.43,0.99999,11,-225.71,232.56,0,2,10,-8.12,55.56,0.99994,11,-188.89,258.39,5.0E-5,2,10,2.48,83.12999,0.99991,11,-162.15,270.93,8.0E-5,2,10,46.93,91.57,0.99986,11,-124.23,246.23,1.3E-4,2,10,108.02,82.66,0.9998,11,-86.35,197.49,1.9E-4,1,10,152.22,74.16,1,2,10,199.12,85.31,0.96492,11,-18.79,136.31,0.03506,2,10,252.54,81.78,0.72912,11,17.29,96.77,0.27087,2,10,290.88,86.5,0.30842,11,48.21,73.62,0.69156,2,10,315.27,108.75,0.05435,11,81.22,72.78,0.94564,1,11,110.54,106.59,1,1,11,143.33,116.93,1,1,11,186.59,99.57,1,2,10,425.5,198.99,0,11,223.23,61.54,0.99999,2,10,473.78,201.09,0,11,259.51,29.61,0.99999,1,11,296.45,23.08,1,1,11,321.78,23.66,1,1,11,302.26,-8.06,1,1,11,260.72,-42.57,1,1,11,228.44,-72.75,1,1,11,188.35,-91.6,1,1,11,140,-114.25,1,2,10,459.01,-26.93,6.2E-4,11,90.92,-124.64,0.99937,2,10,409.25,-45.51,0.06718,11,42.17,-103.58,0.93281,2,10,365.77,-60.41,0.34622,11,0.48,-84.22,0.65377,2,10,345.45,-87.89,0.66397,11,-33.2,-89.97,0.33602,2,10,328.88,-127.77,0.86639,11,-72.76999,-107.25,0.1336,2,10,295.59,-163.64,0.95308,11,-121.63,-110.07,0.04691,2,10,253.82,-180.42,0.98774,11,-163.38,-93.25,0.01225,2,10,203.98,-192.88,0.99979,11,-207.96,-67.72,2.0E-4,1,10,148.93,-193.59,1,1,10,94.82,-176.04,1,1,10,30.15,-151.14,1,1,10,-9.1,-126.65,1,1,10,-33.47,-85.61,1,1,10,-41.03,-38.88,1,2,10,302.75,0.36,0.5,11,-2.87,3.27,0.5],"hull":36}},"lv2 a":{"lv2 a":{"type":"mesh","uvs":[1,0,0.90636,0.00699,0.79382,0.01085,0.67025,0.02631,0.59523,0.05143,0.53565,0.10166,0.46946,0.13644,0.39885,0.17508,0.35251,0.23111,0.32162,0.30259,0.27969,0.37021,0.22894,0.41658,0.1473,0.43976,0.06565,0.49,0.01269,0.57114,0,0.64842,0,0.75275,0.0149,0.85322,0.01269,0.92084,0.03476,0.99983,0.0811,1,0.11199,0.93221,0.15171,0.88004,0.22673,0.85686,0.3172,0.87618,0.39223,0.88004,0.45401,0.84333,0.47387,0.75832,0.47828,0.67525,0.49814,0.63467,0.56875,0.60183,0.63716,0.54966,0.71659,0.51296,0.79824,0.45886,0.86002,0.39897,0.90857,0.34101,0.94387,0.26759,0.96152,0.2019,0.97476,0.11882,0.988,0.057,0.39223,0.5516,0.16936,0.7506],"triangles":[21,20,18,20,19,18,22,21,17,21,18,17,23,22,41,22,17,41,17,16,41,16,15,41,26,25,27,27,25,24,41,27,24,41,24,23,27,41,28,15,14,41,14,13,41,13,12,41,41,40,28,40,12,11,40,41,12,28,40,29,29,40,30,30,40,31,11,10,40,31,40,9,40,10,9,9,8,31,31,8,6,8,7,6,31,6,32,6,5,32,32,5,33,33,5,34,3,34,5,3,5,4,35,34,3,36,35,3,36,3,2,37,36,2,38,37,2,38,2,1,38,1,39,39,1,0],"vertices":[2,12,-18.78,4.85,1,14,-847.54,331.12,0,1,12,34.68,-42.5,1,2,12,96.07,-102.14,0.99999,14,-777.81,190.49,0,2,12,170.54,-160.91,0.99999,14,-728.86,109.23,0,2,12,225.64,-187.18,0.99999,14,-686.56,65.21,0,2,12,288.44,-189.92,0.99999,14,-628.76,40.5,0,2,12,344.99,-205.54,0.99999,14,-581.36,5.93,0,2,12,406.29,-221.29,0.99999,14,-529.56,-30.42,0,3,12,465.79,-213.27,0.99478,13,-175.61,-217.66,0.0052,14,-471.05,-43.9,0,3,12,526.92,-187.49,0.94583,13,-115.13,-190.39,0.05415,14,-404.76,-41.34999,0,2,12,591.41,-170.1,0.7457,13,-51.1,-171.42,0.25429,3,12,647.15,-170.29,0.42811,13,4.63,-170.23,0.57099,14,-286.19,-67.66,8.8E-4,3,12,704.51,-201.36,0.17091,13,62.73,-199.88,0.81321,14,-243.48,-116.97,0.01586,3,12,778.87,-216.24,0.05678,13,137.44,-212.92,0.87861,14,-179.15,-157.12,0.0646,3,12,857.64,-196.83,0.00922,13,215.7,-191.58,0.81644,14,-98.6,-166.75,0.17433,2,13,269.96,-150.97,0.64309,14,-33.06,-149.5,0.3569,2,13,334,-86.93,0.22288,14,50.33,-114.21,0.77711,1,14,126.23,-69.8,1,1,14,180.94,-48.48,1,2,12,1115.59,71.85,0,14,237.55,-6.32,1,3,12,1091.42,97.46,0,13,442.16,108.39,1.0E-4,14,223.96,26.16,0.99989,2,12,1032.61,73.9,0,14,160.62,24.86,1,3,12,979,64.54,0,13,330.59,72.71,0.02087,14,107.16,35.02,0.97912,3,12,925.12,91.97,0,13,276.04,98.8,0.3814,14,66.41,79.69,0.61859,2,13,239.28,159.28,0.76813,14,55.06,149.55,0.23186,2,13,201.34,201.97,0.86945,14,35.93999,203.36,0.13055,2,13,145.6,212.64,0.91989,14,-11.69,234.19,0.0801,3,12,733.67,169.05,0.02244,13,82.75,171.14,0.94768,14,-85.53,219.34,0.02986,3,12,679.13,121.76,0.20909,13,29.39,122.52,0.78851,14,-153.25,194.33,0.00239,2,12,643.21,108.41,0.49878,13,-6.17,108.29,0.5012,3,12,585.56,127.62,0.8392,13,-64.28,126.08,0.16078,14,-238.73,232.83,1.0E-5,3,12,516.92,134.06,0.9826,13,-133.05,130.82,0.01737,14,-300.69,263.06,0,2,12,452.22,155.82,0.99999,14,-353.56,306.25,0,2,12,375.43,168.39,0.99999,14,-420.98,345.1,0,2,12,305.4,166.56,0.99999,14,-487.15,368.09,0,2,12,243.52,158.59,0.99999,14,-547.86,382.46,0,2,12,178.86,134.09,1,14,-617,382.34,0,1,12,128.31,104.5,1,2,12,69.14,62.07,1,14,-745.08,353.65,0,1,12,23.34,32.36,1,2,12,646.48,0.39,0.5,13,-0.24,0.38,0.5,2,13,241.65,2.75,0.5,14,-1.54,3.59,0.5],"hull":40}},"lv2 b":{"lv2 b":{"type":"mesh","uvs":[0.99096,0.84858,0.94102,0.8888,0.88786,0.9445,0.82825,0.97853,0.77992,1,0.72515,1,0.66555,0.98782,0.61561,0.97853,0.55922,0.98472,0.50606,0.95069,0.45612,0.88262,0.41102,0.80836,0.36108,0.75576,0.30147,0.76504,0.24026,0.76504,0.17904,0.73101,0.13071,0.66294,0.09205,0.59487,0.06788,0.49585,0.04211,0.38137,0.02761,0.26999,0.00183,0.18644,0,0.09053,0,0,0.05016,0.07196,0.1001,0.11837,0.16132,0.11219,0.20804,0.0503,0.24992,0,0.31275,0,0.35624,0.06268,0.38846,0.1555,0.41746,0.24523,0.48512,0.24833,0.54795,0.2638,0.62849,0.28236,0.69454,0.30402,0.7622,0.34734,0.81375,0.40303,0.86047,0.46801,0.90075,0.55155,0.94102,0.66912,0.98129,0.75266,1,0.79908,0.40457,0.46801,0.12266,0.3133],"triangles":[19,20,45,20,25,45,45,25,26,20,21,25,25,22,24,25,21,22,22,23,24,13,44,12,13,14,15,16,44,13,16,13,15,16,17,44,44,18,45,44,17,18,44,45,32,45,26,31,31,27,30,31,26,27,27,28,30,28,29,30,18,19,45,32,45,31,4,5,3,5,6,3,3,6,41,8,9,7,2,3,41,7,41,6,10,41,7,1,2,41,0,1,43,10,7,9,1,41,42,41,11,40,40,11,39,39,11,38,38,11,37,37,11,36,35,36,44,35,44,34,36,11,44,43,1,42,12,44,11,34,44,33,33,44,32,10,11,41],"vertices":[1,15,-5.7,13.11,1,1,15,37.4,49.44,1,1,15,81.21,94.76,1,1,15,134.92,130.89,1,1,15,179.46,157.01,1,1,15,233.88,174.03,1,1,15,295.07,186.25,1,1,15,346.19,196.97,1,1,15,401.21,217.69,1,2,15,459.54,216.6,0.98973,16,-173.81,220.18,0.01026,2,15,520.17,196.91,0.93644,16,-113.59,199.26,0.06355,2,15,576.99,172.51,0.78132,16,-57.27,173.71,0.21867,2,15,635.12,160.82,0.44838,16,0.6,160.84,0.55161,2,15,692.84,184.14,0.16193,16,58.78,182.99,0.83805,3,15,753.66,203.17,0.04093,16,119.97,200.77,0.95904,17,-266.43,60.27,2.0E-5,3,15,819.99,204.58,0.00449,16,186.31,200.84,0.98359,17,-211.84,97.96,0.01191,2,16,244.92,179.45,0.94465,17,-151.44,113.59,0.05534,2,16,293.86,155.25,0.86372,17,-97.41,121.43,0.13627,2,16,332.99,110.74,0.69599,17,-39.93,106.96,0.30399,2,16,376.08,58.65,0.31327,17,25.09,88.5,0.68672,2,16,407.42,4.88,0.05177,17,81.4,62,0.94822,1,17,133.44,54.14,1,1,17,174.92,22.74,1,1,17,212.92,-8.29,1,1,17,149.68,-24.06,1,2,16,357.88,-95.07,0.04808,17,97.31,-48.42,0.95191,2,16,297.62,-116.08,0.55479,17,59.6,-99.9,0.44519,2,16,260.28,-161.86,0.83951,17,54.81,-158.78,0.16047,2,16,226.02,-200.21,0.93263,17,48.35,-209.8,0.06736,3,15,805.41,-215.1,1.4E-4,16,163.21,-218.46,0.97886,17,6.98,-260.45,0.02099,3,15,752.05,-196.19,0.01432,16,110.25,-198.47,0.9807,17,-47.96,-274.03,0.00496,2,15,705.02,-158.18,0.08876,16,64.01,-159.52,0.91123,2,15,661.7,-120.78,0.33334,16,21.45,-121.24,0.66665,2,15,593.97,-140.2,0.78251,16,-46.65,-139.28,0.21748,2,15,529.05,-151.72,0.95684,16,-111.79,-149.48,0.04315,1,15,446.02,-167.15,1,1,15,376.89,-176.47,1,1,15,302.66,-175.09,1,1,15,242.43,-162.29,1,1,15,185.51,-143.2,1,1,15,131.98,-112.5,1,1,15,72.94,-64.19,1,1,15,19.41,-33.49,1,1,15,-6.67,-15.3,1,2,15,638.46,-1.53,0.5,16,0.64,-1.55,0.5,2,16,305.85,-0.17,0.5,17,0.63,0.22,0.5],"hull":44}},"lv2 c":{"lv2 c":{"type":"mesh","uvs":[0.83667,1,0.83044,0.95608,0.85849,0.90787,0.92395,0.86748,0.97694,0.82708,1,0.78278,1,0.72675,0.96448,0.67463,0.95512,0.64857,0.98318,0.60557,1,0.56648,0.9863,0.52087,0.94889,0.48699,0.88343,0.45051,0.8772,0.41142,0.90213,0.3619,0.92395,0.30718,0.90213,0.25766,0.83356,0.21336,0.71822,0.1886,0.61224,0.16124,0.53743,0.1183,0.47509,0.06748,0.41898,0.01406,0.37534,0,0.34106,0.0349,0.34417,0.08442,0.313,0.12872,0.26936,0.16651,0.20079,0.21342,0.12598,0.26554,0.06052,0.30984,0.01376,0.35936,0,0.41018,0,0.47794,0.04181,0.52875,0.0948,0.57436,0.10416,0.61997,0.11662,0.66297,0.15403,0.70857,0.19455,0.74115,0.25378,0.77763,0.32547,0.8076,0.40651,0.84148,0.50314,0.87666,0.59666,0.90663,0.67147,0.9353,0.73693,0.96136,0.65588,0.69945,0.51561,0.45578],"triangles":[34,33,49,33,32,49,14,49,15,49,19,18,49,20,19,32,31,49,31,30,49,30,29,49,29,28,49,28,27,49,49,27,21,27,22,21,23,22,26,23,25,24,49,21,20,22,27,26,49,16,15,16,49,18,17,16,18,23,26,25,7,48,8,41,40,48,40,39,48,39,38,48,12,48,13,10,9,48,48,37,49,13,49,14,13,48,49,48,38,37,8,48,9,37,36,49,10,48,11,11,48,12,36,35,49,35,34,49,47,1,0,1,47,2,2,47,46,2,46,48,3,2,48,48,46,45,45,44,48,44,43,48,3,7,4,7,3,48,43,42,48,4,7,5,42,41,48,7,6,5],"vertices":[1,18,-27.32,-9.52,1,1,18,28.63,-18.06,1,1,18,86.16,-45.79,1,1,18,129.63,-91.1,1,2,18,174.51,-129.85,0.99872,19,-203.27,-119.65,0.00127,2,18,227.67,-153.89,0.96162,19,-151.4,-146.37,0.03836,2,18,298.19,-168.97,0.8035,19,-81.74,-165.02,0.19649,2,18,367.78,-164.31,0.51607,19,-12,-163.91,0.48392,2,18,401.63,-166.4,0.33391,19,21.69,-167.72,0.66608,3,18,452.6,-192.73,0.14094,19,71.24,-196.61,0.85759,20,-220.5,-233.84,0.00145,3,18,499.9,-212.09,0.05896,19,117.5,-218.36,0.92605,20,-171.49,-248.36,0.01497,3,18,558.84,-217.16,0.01548,19,176.1,-226.42,0.92922,20,-112.34,-247.49,0.05529,3,18,605.69,-206.59,0.00244,19,223.43,-218.26,0.87396,20,-66.79,-232.29,0.12358,2,19,277.89,-196.38,0.69382,20,-16.25,-202.45,0.30616,2,19,327.36,-206.15,0.44081,20,34.12,-204.64,0.55918,2,19,385.45,-235.59,0.20242,20,95.98,-224.99,0.79757,2,19,450.45,-265.15,0.08028,20,164.7,-244.4,0.9197,2,19,515.04,-270.29,0.03042,20,229.33,-239.74,0.96957,2,19,579.66,-249.39,0.00693,20,290.06,-209.34,0.99306,1,20,328.55,-151.17,1,1,20,369.82,-98.37,1,1,20,429.17,-64.44,1,1,20,497.87,-38.3,1,1,20,569.53,-15.86,1,1,20,590.1,5.48,1,1,20,547.47,28.75,1,1,20,483.94,34.09,1,1,20,429.12,57.03,1,1,20,383.36,85.72,1,2,18,1034.14,113.37,0,20,327.41,129.03,0.99999,3,18,976.96,166.75,0,19,613.23,135.69,0.0111,20,265.16,176.41,0.98889,3,18,928.56,213.11,0,19,567.26,184.46,0.05245,20,212.36,217.68,0.94754,3,18,871.51,251.04,0,19,512.21,225.24,0.12972,20,151.79,249.69,0.87027,3,18,809.1,271.95,0,19,450.95,249.3,0.24569,20,87.6,264.24,0.75429,2,19,366.71,271.86,0.4402,20,0.92,273.83,0.55979,3,18,655.16,281.85,0.00473,19,297.71,267.04,0.60247,20,-66.55,258.66,0.39278,3,18,591.8,266.25,0.03084,19,233.64,254.68,0.75302,20,-128.02,236.78,0.21612,3,18,533.35,273.6,0.08589,19,175.64,265,0.81599,20,-186.91,238.23,0.09811,3,18,477.83,278.61,0.16263,19,120.45,272.83,0.79475,20,-242.66,237.65,0.0426,3,18,416.22,271.2,0.27919,19,58.55,268.57,0.70788,20,-303.21,224.11,0.0129,3,18,370.67,258.65,0.3896,19,12.41,258.35,0.60715,20,-347.28,207.05,0.00323,2,18,318.09,237.3,0.54684,19,-41.18,239.71,0.45315,2,18,272.31,207.65,0.70783,19,-88.41,212.43,0.29216,2,18,220.55,174.13,0.87782,19,-141.81,181.59,0.12217,2,18,165.4,132.76,0.97861,19,-198.99,143.08,0.02138,1,18,117.17,91.62,1,1,18,72.67,59.98,1,1,18,32.50999,32.55,1,2,18,371.26,4.71999,0.5,19,0.06,4.71999,0.5,2,19,322.51,-3.47,0.5,20,-1.24,-5.01,0.5],"hull":48}},"lv2 d":{"lv2 d":{"type":"mesh","uvs":[0.02324,1,0,0.98307,0,0.9245,0,0.83747,0.02104,0.75546,0.08681,0.68182,0.13284,0.6065,0.15477,0.51613,0.18107,0.43746,0.22053,0.36382,0.29945,0.31194,0.40029,0.31529,0.49674,0.31863,0.56031,0.29353,0.6217,0.25671,0.65896,0.17805,0.69623,0.11612,0.75542,0.05587,0.81241,0.02072,0.88914,0.00399,0.94394,0,0.93956,0.0542,0.93079,0.1178,0.92641,0.17972,0.9286,0.23997,0.9549,0.29186,0.99875,0.33704,1,0.39395,1,0.46424,0.97682,0.51445,0.91544,0.55127,0.85187,0.5814,0.78611,0.61654,0.75761,0.66508,0.74226,0.73203,0.705,0.78391,0.64362,0.8224,0.56689,0.84416,0.48797,0.8542,0.39152,0.84918,0.31699,0.84249,0.23588,0.84751,0.16573,0.87261,0.09996,0.91111,0.05393,0.95128,0.28849,0.67847,0.72034,0.42742],"triangles":[29,30,27,25,46,24,16,23,24,30,46,27,28,29,27,46,25,27,27,25,26,23,16,17,23,17,22,13,14,46,14,15,46,24,46,15,15,16,24,22,17,18,22,18,19,22,19,21,21,19,20,37,38,45,45,38,39,33,36,37,35,36,33,45,33,37,33,45,12,34,35,33,12,46,33,13,46,12,45,11,12,6,7,45,7,8,45,45,8,11,11,9,10,9,11,8,33,46,32,32,46,31,31,46,30,0,1,44,1,2,44,44,2,43,2,3,43,43,3,42,5,41,42,42,3,4,42,4,5,41,5,45,41,45,40,45,5,6,45,39,40],"vertices":[2,21,-17.1,-17,1,23,-725.15,290.99,0,2,21,-13.37,7.27,1,23,-715.7,313.67,0,1,21,34.75999,40.84999,1,2,21,106.29,90.74,1,23,-579.53,366.04,0,2,21,182.9,124.54,1,23,-497.05,380.51,0,3,21,272.2,125.49,0.9215,22,-125.14,91.7,0.07848,23,-410.12,360.04,0,3,21,354.24,139.77,0.54583,22,-51.36,130.32,0.45416,23,-327.05,354.26,0,3,21,438.11,177.82,0.16203,22,16.91,192.12,0.83795,23,-236.5,371.12,0,2,21,514.27,206.41,0.03726,22,80.73,242.56,0.96272,3,21,592.06,223.86,0.00343,22,149.5,282.9,0.99412,23,-76.01,378.95,0.00243,2,22,229.03,287.59,0.98531,23,-5.82,341.26,0.01468,2,22,288.31,238.12,0.93951,23,18.74,268.06,0.06048,2,22,344.93,190.68,0.76122,23,42.09,197.98,0.23877,2,22,398.85,181.16,0.47808,23,83.03,161.62,0.52191,2,22,458.56,182,0.16844,23,134.32,131.04,0.83155,2,22,529.05,227.35,0.01206,23,218.12,132.72,0.98793,1,23,286.27,128.39,1,1,23,358.87,107.8,1,1,23,407.39,79.75,1,1,23,444.12,30.98,1,1,23,462.9,-6.7,1,1,23,411,-23.07,1,1,23,349.12,-39.68,1,1,23,290,-58.82,1,1,23,234.26,-82.06,1,2,22,639.81,-0.64999,0.00393,23,192.96,-119.51,0.99606,2,22,638.99,-57,0.02935,23,162.74,-167.07,0.97064,2,22,605.16,-102.9,0.08669,23,109.86,-188.43,0.9133,2,22,562.42,-158.88,0.20651,23,44.12,-213.71,0.79348,2,22,517.8,-188.12,0.29736,23,-9.18999,-215.23,0.70262,2,22,458.09,-188.95,0.44543,23,-60.48,-184.64,0.55456,2,22,401.12,-183.44,0.65551,23,-106.11,-150.09,0.34448,3,21,631.88,-275.87,7.8E-4,22,339.76,-180.9,0.87719,23,-157.04,-115.77,0.12202,3,21,579.52,-285.81,0.0083,22,292.92,-206.33,0.9618,23,-210.26,-112.88,0.02988,3,21,517.79,-314.55,0.0313,22,242.89,-252.53,0.96694,23,-277.08,-126.01,0.00174,2,21,458.84,-320.91,0.06109,22,188.68,-276.56,0.9389,2,21,400.34,-304.46,0.10842,22,127.96,-278.72,0.89157,2,21,348.88,-268.79,0.19159,22,68.07,-260.44,0.8084,2,21,306.09,-225.03,0.31669,22,13.98,-231.8,0.6833,2,21,268,-161.63,0.55172,22,-41.61,-183.03,0.44827,2,21,240.89,-111.03,0.79004,22,-82.86,-143.1,0.20995,2,21,201.26,-63.01,0.9681,22,-135.24,-109.45,0.03189,1,21,149.93,-33.39,1,2,21,89.52,-14.19,1,23,-620.95,268.18,0,1,21,36.36,-8.33,1,2,21,363.21,0.86,0.5,22,-0.47,0.75,0.5,2,22,414.75,0.24,0.5,23,1.76,-0.79,0.5],"hull":45}},"lv2 e":{"lv2 e":{"type":"mesh","uvs":[9.0E-4,0.11949,0.03485,0.17745,0.08056,0.21524,0.13148,0.22532,0.18241,0.22532,0.23594,0.20013,0.27512,0.14469,0.30907,0.09178,0.35216,0.03886,0.39786,0.00611,0.44356,0,0.4971,0,0.53627,0.03382,0.57153,0.09178,0.60156,0.14721,0.62768,0.16989,0.66816,0.17997,0.71777,0.17997,0.76348,0.17493,0.80657,0.21272,0.83921,0.26816,0.86533,0.34123,0.88622,0.4269,0.87839,0.52517,0.87969,0.59824,0.89667,0.67131,0.92278,0.74691,0.9502,0.82754,0.97762,0.89809,1,0.96108,1,1,0.9724,0.98628,0.93715,1,0.87316,1,0.82354,0.98124,0.7687,0.92329,0.72169,0.85777,0.68644,0.8099,0.64204,0.7973,0.59634,0.80486,0.565,0.85273,0.53105,0.89809,0.49579,0.94344,0.45793,0.95352,0.41745,0.93337,0.37436,0.89557,0.33518,0.84014,0.28948,0.76202,0.25814,0.70155,0.22811,0.63352,0.19416,0.57808,0.14584,0.54029,0.10275,0.49493,0.07141,0.42186,0.04269,0.35635,0.02049,0.2858,0,0.20013,0.57806,0.49493],"triangles":[57,15,16,17,18,19,20,57,16,16,17,20,22,57,21,20,17,19,57,20,21,23,57,22,24,38,57,24,57,23,37,38,24,25,37,24,38,39,57,26,37,25,36,37,26,36,26,27,35,36,27,34,35,27,28,34,27,28,33,34,29,31,28,28,32,33,31,32,28,31,29,30,56,0,1,2,55,56,2,56,1,3,54,55,3,55,2,4,53,54,4,52,53,14,7,13,57,14,15,54,3,4,51,52,4,10,11,12,8,9,10,10,13,8,13,10,12,7,8,13,14,6,7,14,5,6,50,4,5,51,4,50,57,5,14,57,49,50,57,50,5,48,49,57,47,48,57,39,47,57,46,47,39,40,46,39,45,46,40,41,45,40,44,45,41,42,44,41,43,44,42],"vertices":[1,24,-6.27,33.32,1,1,24,39.75999,11.4,1,1,24,95.26,4.42,1,1,24,151.95,14.6,1,1,24,207.01,30.42,1,1,24,260.84,61.17,1,1,24,294.27,104.4,1,1,24,322.46,144.6,1,1,24,360.53,187.64,1,2,24,404.67,220.19,0.99981,25,-321.84,144.4,1.8E-4,2,24,453.1,237.82,0.99157,25,-279.35,173.56,0.00842,2,24,510.99,254.45,0.96753,25,-227.45,204.12,0.03246,2,24,558.79,247.67,0.92947,25,-179.46,209.49,0.07052,2,24,606.24,226.15,0.84707,25,-128.14,200.5,0.15291,2,24,647.64,204.42,0.6981,25,-82.62999,189.8,0.30188,2,24,679.53,199.83,0.54549,25,-50.6,193.31,0.45449,2,24,724.92,206.76,0.34123,25,-8.38,211.36,0.65876,2,24,778.57,222.17,0.1716,25,39.71,239.68,0.82839,2,24,827.17,239.2,0.09559,25,82.51999,268.31,0.9044,2,24,879.85,231.41,0.05174,25,135.48,273.92,0.94825,2,24,924.07,210.49,0.02511,25,183.52,264.71,0.97488,2,24,964.08,177.66,0.0072,25,230.45,242.91,0.99279,1,25,276.05,211.79,1,1,25,297.53,157.95,1,1,25,320.41,121.99,1,1,25,358.48,94.97,1,1,25,406.16,71.91,1,1,25,456.6,47.06,1,1,25,504.05,27.27,1,1,25,544.38,8.39,1,1,25,555.89,-11.15,1,1,25,525.08,-20.01,1,1,25,494.96,-47.03,1,1,25,432.94,-83.55,1,1,25,379.29,-102.46,1,1,25,308.98,-104.65,1,1,25,244.03,-98.57,1,2,24,846.11,-140.52,0.00969,25,195.69,-94.65,0.9903,2,24,796.08,-147.25,0.08219,25,148.92,-113.67,0.9178,2,24,747.88,-165.69,0.29367,25,106.85,-143.55,0.70632,2,24,721.71,-202.25,0.48159,25,90.64,-185.49,0.5184,2,24,692.3,-238.21,0.62427,25,71.14,-227.66,0.37571,2,24,661.48,-274.58,0.71443,25,50.38,-270.57,0.28556,2,24,622.16,-292,0.77018,25,16.66,-297.25,0.22981,2,24,575.15,-293.28,0.8287,25,-28.54,-310.23,0.17129,2,24,522.47,-285.49,0.88833,25,-81.49,-315.85,0.11166,2,24,471.19,-266.6,0.93874,25,-135.86,-310.36,0.06125,2,24,409.2,-237.03,0.98057,25,-203.28,-297.21,0.01942,2,24,365.58,-212.88,0.99473,25,-251.55,-284.72,0.00526,2,24,322.15,-184.09,0.9997,25,-300.79,-267.69,2.9E-4,1,24,276.51,-163.58,1,1,24,218.19,-157.41,1,1,24,164.3,-145.39,1,1,24,118.64,-114.18,1,1,24,77.04,-86.4,1,1,24,41.66999,-53.76,1,1,24,5.72,-12.13,1,2,24,678.21,2.28,0.5,25,-2.54,1.7,0.5],"hull":57}},"lv2 f":{"lv2 f":{"type":"mesh","uvs":[0.16256,0,0.202,0.02371,0.25129,0.06647,0.33263,0.0954,0.43862,0.11553,0.51749,0.14068,0.5865,0.1847,0.61115,0.22998,0.6284,0.27651,0.69002,0.31173,0.76889,0.34946,0.80094,0.40102,0.80587,0.44253,0.79354,0.48529,0.84777,0.52176,0.92171,0.55824,0.9784,0.60226,1,0.64628,1,0.69784,0.97593,0.74564,0.92664,0.78588,0.90199,0.83116,0.91432,0.8865,0.92171,0.9519,0.9365,1,0.88967,1,0.83298,0.96448,0.78368,0.91668,0.70481,0.88524,0.58897,0.85757,0.47066,0.82864,0.35974,0.80475,0.26115,0.7645,0.15517,0.71545,0.10094,0.65508,0.09108,0.5922,0.08862,0.55069,0.04672,0.51799,0.01961,0.47271,0,0.42366,0,0.37839,0,0.31047,0.02207,0.24633,0.05411,0.19602,0.09108,0.13816,0.12559,0.09037,0.14284,0.03881,0.40164,0.3243,0.52735,0.56704],"triangles":[25,23,24,25,26,23,23,26,22,26,27,22,22,27,21,27,28,21,21,28,20,30,48,29,14,20,28,28,29,48,20,14,15,28,48,14,30,31,48,31,32,48,20,15,19,32,33,48,19,16,18,19,15,16,33,34,48,16,17,18,34,35,48,35,36,48,48,13,14,48,10,11,13,48,12,36,47,48,48,8,9,48,47,8,47,36,38,36,37,38,12,48,11,9,10,48,38,39,47,39,40,47,44,3,47,3,44,2,2,44,45,45,1,2,45,46,1,44,47,43,43,47,42,42,47,41,47,40,41,47,7,8,47,6,7,47,5,6,47,4,5,47,3,4,46,0,1],"vertices":[2,26,-20.87,11.15,1,28,-693.7,85.33,0,2,26,13.72,22.22,0.99999,27,-370.51,-34.62,0,1,26,71.12,30.19,1,1,26,120.92,61.99,1,1,26,166.86,111.31,1,2,26,212.03,143.45,0.98375,27,-192.98,115.39,0.01624,2,26,275.29,161.7,0.91017,27,-133.24,143.07,0.08982,2,26,329.77,154.98,0.76628,27,-78.37999,144.72,0.23371,2,26,383.9,143.62,0.48761,27,-23.14,141.75,0.51238,2,26,435.98,161.75,0.21682,27,25.55,167.6,0.78317,3,26,494.71,188.25,0.07357,27,79.56,202.74,0.91661,28,-171.09,240.49,0.00981,3,26,557.66,182.78,0.02007,27,142.61,206.92,0.92949,28,-108.43,232.36,0.05042,3,26,603.55,166.89,0.00362,27,190.39,198.21,0.86842,28,-63.25,214.55,0.12794,2,27,237.14,179.16,0.69295,28,-21.08,186.8,0.30704,2,27,286.22,200.39,0.41236,28,31.18,198.1,0.58762,2,27,338.1,233.02,0.19887,28,88.41,220.05,0.80112,2,27,396.09,253.57,0.09503,28,149.28,228.96,0.90496,2,27,449.09,253.81,0.04269,28,201.32,218.91,0.9573,2,27,507.58,239.44,0.01055,28,255.91,193.47,0.98944,2,27,558.37,212.2,1.4E-4,28,300.46,156.9,0.99985,1,28,330.66,110.41,1,1,28,372.39,74.76,1,1,28,434.08,54.12,1,1,28,505.18,25.85,1,1,28,559.82,10.10999,1,1,28,548.03,-15.18,1,1,28,496.16,-28.28,1,1,28,433.15,-31.33,1,1,28,380.01,-58.43,1,1,28,321.55,-107.36,1,2,27,580.7,-103.37,0.00517,28,261.14,-157.01,0.99482,3,26,892.22,-240.97,0,27,537.82,-160.91,0.04048,28,207.92,-205.14,0.95951,3,26,826.27,-277.19,0,27,478.16,-206.76,0.1319,28,140.5,-238.54,0.86809,2,27,407.45,-254.44,0.28448,28,61.89,-271.6,0.71551,3,26,671.61,-316.33,8.0E-5,27,331.27,-269,0.43527,28,-15.67,-271.11,0.56464,3,26,601.53,-293.58,0.00875,27,258.54,-257.19,0.61045,28,-84.72,-245.42,0.38079,3,26,556.2,-276.33,0.03413,27,211.11,-247.06,0.73214,28,-129.29,-226.27,0.2337,3,26,511.34,-284.74,0.08056,27,168.06,-262.2,0.78577,28,-174.45,-232.78,0.13366,3,26,456.31,-279.37,0.16058,27,112.85,-265.28,0.77626,28,-229.21,-225.09,0.06313,3,26,398.92,-268.18,0.28815,27,54.42,-262.96,0.68896,28,-286.08,-211.49,0.02288,3,26,350.08,-247.89,0.44232,27,3.07,-250.35,0.55165,28,-334.02,-189.15,0.00601,2,26,276.83,-217.46,0.70158,27,-73.96,-231.43,0.29841,3,26,212.69,-176.56,0.89505,27,-143.58,-200.78,0.10492,28,-468.27,-112.08,1.0E-5,3,26,165.75,-136.38,0.97988,27,-196.09,-168.22,0.02009,28,-513.47,-69.94999,1.0E-5,2,26,111.81,-90.1,0.99999,28,-565.41,-21.43,0,3,26,68.15,-49.69,0.99995,27,-305.76,-97.41,4.0E-5,28,-607.32,20.78,0,2,26,16.48,-17.09,0.99999,27,-361.8,-73.06,0,2,26,383.6,-2.58999,0.5,27,-1.16999,-2.81,0.5,2,27,292.02,2.31,0.5,28,-1.53,2.66,0.5],"hull":47}},"lv3 a":{"lv3 a":{"type":"mesh","uvs":[0.97441,0,1,0.04707,1,0.10077,1,0.16621,1,0.22829,0.99339,0.30045,0.98153,0.36254,0.98153,0.43805,0.96255,0.50181,0.92459,0.56054,0.85816,0.59913,0.81309,0.61927,0.75378,0.63773,0.73955,0.68975,0.73717,0.73841,0.73717,0.78875,0.71582,0.82902,0.666,0.85923,0.60195,0.87601,0.52366,0.89446,0.44775,0.89279,0.35997,0.89446,0.27456,0.90453,0.19628,0.91292,0.14171,0.93474,0.10376,0.96997,0.07054,1,0.03021,1,0,0.95655,0,0.87936,0.01361,0.82902,0.0824,0.80553,0.15832,0.79378,0.22,0.77365,0.21526,0.72499,0.20339,0.67465,0.22475,0.63102,0.27456,0.59746,0.34811,0.58235,0.43351,0.56557,0.44063,0.50852,0.45486,0.44476,0.4857,0.38435,0.51417,0.33904,0.5545,0.28199,0.60432,0.2199,0.66838,0.1595,0.73955,0.11083,0.82021,0.06049,0.90087,0.02022,0.58297,0.60585,0.31252,0.82902],"triangles":[25,26,28,26,27,28,24,25,29,31,24,29,29,30,31,25,28,29,24,32,23,24,31,32,23,33,22,23,32,33,22,51,21,22,33,51,18,19,50,21,51,20,20,51,39,51,38,39,19,20,50,20,39,50,18,50,17,15,16,17,51,33,37,37,34,36,51,37,38,14,15,17,14,17,50,37,33,34,14,50,13,34,35,36,13,50,12,11,12,44,10,11,44,44,12,43,50,39,40,50,40,41,50,41,42,50,42,43,8,9,10,43,12,50,8,10,44,7,8,44,44,6,7,6,45,46,45,6,44,5,6,46,5,46,47,4,5,47,4,47,48,4,48,3,3,48,2,48,49,2,2,49,1,49,0,1],"vertices":[3,29,-15.22,9.58,1,30,-866.31,-257.75,0,31,-1218.08,-409.17,0,2,29,33.03,57.82,1,31,-1193.53,-345.51,0,3,29,99.42,87.33,1,30,-779.73,-149.61,0,31,-1144.8,-291.62,0,3,29,180.33,123.29,1,30,-713.05,-91.36,0,31,-1085.42,-225.94,0,3,29,257.09,157.4,0.99999,30,-649.78,-36.09,0,31,-1029.08,-163.62,0,3,29,348.87,191.28,0.99999,30,-572.1,23.36,0,31,-958.92,-95.45,0,3,29,430.24,215.02,0.99999,30,-501.37,70.08,0,31,-894.17,-40.75,0,3,29,523.6,256.51,0.99999,30,-424.43,137.29,0,31,-825.65,35.02,0,2,29,609.82,274.96,1,31,-754.32,86.84,0,3,29,697.18,274.03,0.99944,30,-263.76,205.29,5.5E-4,31,-674.08,121.42,0,3,29,770.72,237.15,0.97262,30,-182.62,191.77,0.02737,31,-591.91,117.52,0,3,29,813.13,208.8,0.91274,30,-133.72,177.21,0.08725,31,-541.64,108.8,0,3,29,859.01,167.07,0.70665,30,-77.57,150.89,0.29334,31,-482.79,89.26,0,2,29,928.85,183.21,0.33907,30,-15.6,186.94,0.66092,3,29,989.94,207.87,0.14586,30,35.47,228.54,0.85413,31,-379.64,179.65,0,3,29,1052.18,235.54,0.05695,30,86.76,273.35,0.94304,31,-333.96,230.17,0,3,29,1110.27,238.99,0.02511,30,141.24,293.81,0.97488,31,-282.26,256.88,0,2,29,1166.98,212.02,0.00868,30,203.38,284.79,0.99131,3,29,1212.62,165.23,1.3E-4,30,260.81,253.56,0.99955,31,-158.8,230.95,3.1E-4,2,30,328.91,213.57,0.97964,31,-86.47,199.23,0.02035,2,30,374.99,157.36,0.89615,31,-34.09999,148.83,0.10384,2,30,431.97,95.59,0.57195,31,29.72,94.17,0.42804,2,30,496,43,0.0521,31,99.48,49.46,0.94789,1,31,162.67,7.64,1,2,30,610.42,-25.86,1.0E-5,31,221.2,-5.48,0.99998,1,31,280.12,5.52,1,1,31,330.94,14.33,1,1,31,359.57,-11.54,1,2,30,721.87,-108.58,0,31,341.59,-74.54,0.99999,1,31,271.56,-152.01,1,1,31,216.21,-193.8,1,2,30,516.1,-183.61,0.01128,31,146.06,-173.22,0.98871,2,30,456.34,-139.35,0.14399,31,81.51,-136.28,0.856,2,30,396.99,-112.82,0.52164,31,19.45,-116.9,0.47835,2,30,350.39,-159.56,0.86818,31,-21.32,-168.79,0.1318,2,30,306.56,-212.92,0.96571,31,-58.58,-226.92,0.03427,2,30,248.66,-236.36,0.99413,31,-113.33,-257.01,0.00586,2,29,995.47,-274.13,0.00737,30,183.1,-230.33,0.99262,2,29,948.22,-218.11,0.05503,30,121.41,-190.77,0.94496,3,29,894.28,-152.65,0.35256,30,50.54,-144.15,0.64743,31,-320.91,-188.7,0,3,29,820.97,-177.77,0.78413,30,-12.07,-189.8,0.21586,31,-377.73,-241.39,0,3,29,736.6,-200.36,0.96507,30,-86,-236.3,0.03492,31,-445.69,-296.25,0,3,29,649.93,-206.59,0.99897,30,-166.97,-267.85,0.00102,31,-522.4,-337.08,0,2,29,582.85,-206.59,1,31,-583.72,-364.28,0,3,29,496.63,-202.67,0.99998,30,-314.59,-309.37,1.0E-5,31,-664.11,-395.65,0,3,29,400.51,-193.22,0.99998,30,-409.22,-328.73,1.0E-5,31,-755.82,-425.99,0,3,29,300.92,-170.4,0.99999,30,-511.1,-336.34,0,31,-856.1,-445.51,0,3,29,213.09,-134.9,0.99999,30,-605.49,-328.36,0,31,-950.78,-448.67,0,3,29,119.5,-92.02,0.99999,30,-707.57,-315.03,0,31,-1053.72,-447.42,0,2,29,38.36,-43.61,1,31,-1147.52,-436.07,0,2,29,885.98,0.18,0.5,30,-2.51,-0.58,0.5,2,30,395.16,3.14,0.5,31,4.02,-1.95,0.5],"hull":50}},"lv3 b":{"lv3 b":{"type":"mesh","uvs":[1,0.0238,0.9712,0.10776,0.93732,0.1695,0.90652,0.22383,0.88804,0.30285,0.87264,0.36952,0.84492,0.44607,0.81566,0.49546,0.79102,0.52016,0.7633,0.58436,0.73096,0.64116,0.6863,0.68808,0.6324,0.71524,0.56772,0.73993,0.53384,0.74487,0.49996,0.79673,0.46608,0.856,0.39678,0.89551,0.32902,0.90538,0.2705,0.89304,0.20737,0.86834,0.14885,0.86093,0.09957,0.88563,0.05337,0.94489,0.02411,1,0,1,0,0.91032,0,0.81402,0.00101,0.71277,0.02103,0.60659,0.04875,0.50534,0.09341,0.42138,0.14731,0.35964,0.19505,0.33248,0.26126,0.34977,0.3244,0.36211,0.3783,0.33989,0.42758,0.27815,0.47378,0.22136,0.54,0.18185,0.60776,0.16209,0.66628,0.14974,0.71248,0.13246,0.75406,0.07319,0.79564,0.0238,0.84646,0,0.90806,0,0.97274,0,0.73866,0.25593,0.40756,0.5325],"triangles":[24,25,23,25,26,23,23,26,22,26,27,22,17,18,15,16,17,15,19,15,18,22,27,21,15,19,20,49,15,20,35,49,30,35,30,34,27,28,21,28,29,21,29,20,21,29,30,49,34,30,31,34,32,33,32,34,31,29,49,20,35,36,49,15,49,14,14,49,13,13,49,12,12,49,11,11,49,10,10,49,9,9,49,37,9,37,38,8,9,38,48,8,38,48,39,40,48,40,41,48,38,39,49,36,37,8,48,7,7,48,6,41,42,48,6,48,5,5,48,4,4,48,3,48,42,3,42,43,3,3,43,2,2,43,44,1,2,45,45,2,44,1,45,46,1,47,0,1,46,47],"vertices":[2,32,-7.5,9.88,1,34,-910.18,130.09,0,2,32,63.04,50.57,1,34,-836.5,164.8,0,2,32,129.73,71.51999,1,34,-768.31,180.16,0,3,32,189.57,89.25,0.9987,33,-219.09,70.41,0.00129,34,-707.21,192.89,0,3,32,245.92,133.64,0.94138,33,-166.82,119.55,0.05861,34,-647.38,232.46,0,3,32,293.25,171.22,0.8071,33,-122.96,161.12,0.19289,34,-597.11,266.01,0,3,32,359.28,207.29,0.58389,33,-60.31,202.8,0.41609,34,-528.32,296.49,0,3,32,415.15,222.52,0.40433,33,-5.99,222.84,0.59565,34,-471.39,307.05,0,3,32,454.75,223.06,0.27818,33,33.4,226.84,0.72181,34,-431.88,304.32,0,2,32,515.34,250.15,0.12564,33,91.41,259.11,0.87435,2,32,578.06,268.59,0.0539,33,152.28,282.95,0.94609,3,32,650.79,271.15,0.01492,33,224.5,291.83,0.98058,34,-232.53,336.03,0.00449,3,32,725.58,252.82,0.00125,33,300.61,280.09,0.96366,34,-159.51,311.58,0.03508,2,33,388.97,259.98,0.85113,34,-75.82,276.8,0.14885,2,33,432.26,243.34,0.71718,34,-35.98,253.08,0.28281,3,32,915.86,218.49,0,33,493.16,262.49,0.47839,34,27.27,261.65,0.5216,3,32,981.46,237.64,0,33,556.84,287.28,0.29292,34,94.23,275.3,0.70707,3,32,1079.65,217.4,0,33,656.41,275.68,0.1189,34,190.41,247.02,0.88109,3,32,1162.98,176.72,0,33,742.98,242.42,0.02614,34,270.09,199.58,0.97385,3,32,1225.75,126.4,0,33,809.9,197.76,9.8E-4,34,328.49,144.25,0.99901,1,34,385.82,76.72,1,2,33,946.61,100.03,0,34,446.68,24.79,0.99999,1,34,513.38,2.33,1,2,33,1094.88,106.56,0,34,593.93,6.13,1,1,34,653.71,20.62,1,1,34,680.31,1.32,1,2,33,1147.17,48.06,0,34,635.56,-60.36,1,2,33,1111,-25.37,0,34,587.48,-126.62,1,1,34,535.83,-195.47,1,2,33,1007.39,-170.88,0,34,460.74,-252.5,1,2,32,1313.44,-312.07,0,34,379.62,-299.97,0.99999,2,32,1224.39,-341.56,0,34,288.45,-321.99,0.99999,3,32,1134.37,-348.36,0,33,760.25,-283.15,0.00126,34,198.17,-321.33,0.99873,3,32,1066.75,-334.38,0,33,691.68,-275.12,0.0118,34,131.94,-301.8,0.98818,3,32,997.18,-275.03,0,33,617.2,-222.07,0.07182,34,67.51,-236.91,0.92817,3,32,929.02,-221.45,0,33,544.63,-174.63,0.29743,34,4.02,-177.88,0.70255,3,32,856.41,-199.53,1.0E-5,33,470.37,-159.13,0.67782,34,-66.53,-150.03,0.32215,3,32,771.77,-209.59,2.0E-5,33,386.93,-176.53,0.94138,34,-151.71,-153.06,0.05859,3,32,692.89,-218.24,4.0E-5,33,309.11,-192.02,0.99665,34,-231.03,-155.16,0.0033,1,33,213.31,-182.28,1,3,32,510.61,-166.67,0.02935,33,123.03,-156.54,0.97064,34,-408.42,-88.7,0,3,32,436.96,-134.31,0.22946,33,46.84,-130.72,0.77053,34,-479.15,-50.36,0,3,32,375.49,-114.24,0.60844,33,-16.12999,-116.09,0.39155,34,-538.75,-25.27,0,3,32,300.92,-127.94,0.93343,33,-89.23,-136.24,0.06656,34,-614.2,-32.77,0,3,32,230.69,-134.47,0.99958,33,-158.62,-148.87,4.1E-4,34,-684.72,-33.47,0,1,32,160.97,-115.88,1,1,32,89.16,-72.36,1,2,32,13.77,-26.67,1,34,-891.99,91.89,0,2,32,399.37,-5.99,0.5,33,-1.78,-6.17,0.5,2,33,506.92,5.36,0.5,34,-2.67,5.9,0.5],"hull":48}},"lv3 c":{"lv3 c":{"type":"mesh","uvs":[1,0.8709,0.95772,0.92259,0.90733,0.95705,0.85119,0.98863,0.79792,1,0.73889,1,0.67411,0.98002,0.63092,0.94269,0.57622,0.96279,0.51863,1,0.45385,1,0.39914,1,0.34731,0.92259,0.30556,0.86516,0.2451,0.82496,0.19471,0.74169,0.1616,0.62683,0.14,0.48326,0.11121,0.35118,0.0781,0.27652,0.01907,0.23058,0,0.19612,0,0.15592,0.02627,0.14731,0.05506,0.09275,0.09537,0.02958,0.14,0,0.19471,0,0.26237,0.02671,0.31996,0.10137,0.3761,0.16454,0.43657,0.20186,0.46824,0.19899,0.51863,0.17315,0.5719,0.13008,0.6266,0.09849,0.68851,0.10711,0.74897,0.15879,0.80656,0.23919,0.85407,0.31098,0.90157,0.39712,0.94188,0.49475,0.975,0.62109,0.99227,0.72159,0.56614,0.50336,0.3214,0.32534],"triangles":[16,17,45,17,18,45,45,19,29,29,19,28,27,28,19,19,26,27,18,19,45,25,26,24,45,29,30,20,23,19,23,24,19,26,19,24,20,21,23,21,22,23,9,10,8,10,44,8,10,11,12,12,13,44,10,12,44,44,13,15,13,14,15,44,16,45,44,15,16,44,45,32,45,31,32,34,44,33,32,33,44,45,30,31,2,3,4,7,4,5,7,2,4,7,5,6,44,7,8,1,2,43,7,43,2,41,44,40,40,44,39,7,44,42,1,43,0,43,7,42,41,42,44,44,38,39,44,37,38,35,37,44,44,34,35,37,35,36],"vertices":[1,35,-9.09,10.29,1,2,35,33.77,68.51,0.99999,36,-644.88,93.2,0,2,35,92.34,119.51,1,36,-584.41,141.93,0,1,35,159.47,171.73,1,1,35,228.29,208.68,1,2,35,308.01,241.09,0.99283,36,-364.25,255.19,0.00716,2,35,401.01,263.14,0.94945,36,-270.48,273.67,0.05054,2,35,469.62,261.58,0.85736,36,-201.98,269.49,0.14263,2,35,537.97,305.23,0.66698,36,-132,310.5,0.33301,3,35,605.5,362.05,0.48545,36,-62.35,364.7,0.51172,37,-398.29,408.62,0.00281,3,35,693,397.63,0.32357,36,26.43,396.91,0.6581,37,-306.61,431.36,0.01832,3,35,766.89,427.67,0.22787,36,101.41,424.11,0.72926,37,-229.2,450.56,0.04285,3,35,858.2,403.71,0.12951,36,191.74,396.68,0.76623,37,-142.23,413.84,0.10424,3,35,930.4,387.75,0.05992,36,263.28,377.98,0.73418,37,-73.04,387.75,0.20588,3,35,1023.14,393.74,0.01508,36,356.18,380.41,0.62243,37,19.59,380.45,0.36248,3,35,1114.12,365.02,0.0015,36,446,348.24,0.48895,37,105.55,339.06,0.50954,2,36,520.01,285.78,0.32351,37,172.62,269.19,0.67648,2,36,585.39,197.85,0.11603,37,228.44,174.91,0.88396,2,36,657.78,121.4,0.00694,37,292.44,91.3,0.99305,1,37,352.43,49.96,1,1,37,444.05,38.08,1,1,37,477.11,20.33,1,1,37,484.18,-8.18,1,1,37,448.52,-23.52,1,1,37,417.37,-72.33,1,1,37,371.45,-131.3,1,1,37,313.5,-167.96,1,1,37,236.08,-187.16,1,2,36,531.48,-176.71,0.02047,37,135.63,-191.96,0.97952,2,36,433.94,-154.04,0.2053,37,41,-159.21,0.79469,2,36,341.24,-138.55,0.63621,37,-49.56,-134.1,0.36378,3,35,936.09,-133.34,0.01109,36,249.06,-142.96,0.93689,37,-141.69,-128.84,0.05201,3,35,894.1,-152.68,0.05871,36,206.37,-160.68,0.93717,37,-186.01,-141.99,0.0041,2,35,833.16,-197.85,0.20859,36,143.75,-203.49,0.7914,2,35,773.08,-256.27,0.4165,36,81.48,-259.57,0.58349,2,35,707.88,-307.7,0.59539,36,14.37,-308.47,0.40459,2,35,621.9,-335.86,0.73349,36,-72.62,-333.33,0.2665,2,35,526.01,-334.07,0.85708,36,-168.37,-327.88,0.14291,2,35,426.09,-311.25,0.94746,36,-267.34,-301.26,0.05253,2,35,342.16,-288.72,0.98642,36,-350.35,-275.55,0.01357,2,35,254.28,-256.48,0.9994,36,-436.94,-239.97,5.9E-4,1,35,172.95,-212.51,1,2,35,93.45,-145.14,0.99999,36,-593.4,-122.57,0,2,35,42.44,-86.57,0.99999,36,-642.13,-62.09,0,2,35,678.08,-0.33,0.5,36,-3.67,-0.19,0.5,2,36,376.14,-0.85,0.5,37,-0.44,-0.81,0.5],"hull":44}},"lv3 d":{"lv3 d":{"type":"mesh","uvs":[1,1,0.91899,0.97217,0.82444,0.93328,0.73934,0.89697,0.62825,0.849,0.53843,0.79974,0.47461,0.75177,0.43442,0.7038,0.4297,0.65194,0.36351,0.63379,0.26187,0.61564,0.16023,0.59749,0.11253,0.5769,0.08416,0.53541,0.06762,0.47837,0.03689,0.41873,0.02743,0.35909,0.04634,0.30464,0.01562,0.26056,0,0.21129,0,0.14517,0.00852,0.08294,0.05816,0.03305,0.09598,0,0.17399,0.01101,0.27326,0.03953,0.35836,0.07194,0.42454,0.11084,0.45763,0.15881,0.46945,0.20807,0.53564,0.22882,0.63492,0.2353,0.71055,0.26512,0.77674,0.3066,0.80038,0.36235,0.79092,0.42718,0.79329,0.48681,0.80747,0.5296,0.86656,0.5659,0.93747,0.61128,0.98238,0.65147,1,0.70201,1,0.76942,1,0.83684,1,0.88481,1,0.92889,1,0.9639,0.62782,0.58014,0.29217,0.25991],"triangles":[20,48,19,48,25,26,48,26,27,48,27,28,48,28,29,24,25,48,23,24,48,22,23,48,21,48,20,21,22,48,18,19,48,17,18,48,16,17,48,16,14,15,34,32,33,16,47,14,13,11,12,13,14,47,47,30,31,47,31,32,35,47,32,34,35,32,47,35,36,47,36,37,48,29,30,47,48,30,16,48,47,13,10,11,47,10,13,9,10,47,8,9,47,47,38,39,47,37,38,39,40,47,47,40,41,6,7,8,47,6,8,47,41,42,5,6,47,47,4,5,43,47,42,47,3,4,47,2,3,2,47,0,43,44,47,0,1,2,47,44,45,47,45,46,46,0,47],"vertices":[1,38,-32.89,-9.29,1,1,38,38.5,36.58,1,1,38,131.24,85.72,1,1,38,216.61,129.04,1,1,38,328.9,185.21,1,1,38,435.04,223.39,1,2,38,529.45,241.57,0.95832,39,-173.9,257.52,0.04167,2,38,614.91,240.77,0.82745,39,-88.82,249.35,0.17254,2,38,692.66,208.8,0.53024,39,-14.12,210.8,0.46975,2,38,744.28,249.45,0.24396,39,40.8,246.85,0.75603,2,38,809.32,318.59,0.06437,39,111.56,310.13,0.93561,2,38,874.36,387.73,0.0141,39,182.31,373.4,0.98589,2,38,922.56,411.85,0.0055,39,232.42,393.28,0.99449,3,38,994.06,406.02,2.2E-4,39,303.15,381.31,0.99933,40,-341.72,336.44,4.3E-4,2,39,390.38,347.61,0.9837,40,-250.6,315.4,0.01629,2,39,487.58,322.69,0.91572,40,-150.87,304.45,0.08427,2,39,575.28,281.44,0.77878,40,-58.22,275.99,0.22122,2,39,643.06,222.63,0.51735,40,17.18,227.33,0.48264,2,39,718.48,210.37,0.25575,40,93.57,225.84,0.74424,2,39,794.41,182.29,0.08849,40,172.71,208.76,0.9115,2,39,886.97,128.51,0.00418,40,271.93,168.58,0.99581,1,40,362.47,123.74,1,1,40,420.8,52.56,1,1,40,457.79,1.35,1,2,39,997.15,-114.2,0,40,415.27,-56.15,0.99999,2,39,912.93,-167.23,6.0E-5,40,339.37,-120.53,0.99993,1,40,262.37,-170.87,1,2,39,745.62,-225.37,0.02619,40,181.95,-201.71,0.9738,2,39,663.71,-211.76,0.15304,40,98.93,-199.8,0.84695,2,39,589.47,-180.76,0.48393,40,21.06,-179.59,0.51606,2,39,530.91,-214.71,0.79228,40,-32.12,-221.46,0.20771,2,39,477.54,-285.66,0.94498,40,-74.93,-299.23,0.05501,2,39,402.05,-319.48,0.98258,40,-144.89,-343.37,0.01741,2,39,314.45,-336.55,0.99896,40,-229.21,-372.63,0.00103,2,38,976.59,-288.73,0.0019,39,225.86,-309.35,0.99809,2,38,885.22,-236.42,0.03675,39,139.34,-249.36,0.96324,2,38,796.97,-197.19,0.21162,39,54.8,-202.66,0.78837,2,38,728.94,-179.07,0.4949,39,-11.41,-178.75,0.50509,2,38,653.41,-201.51,0.80991,39,-88.59,-194.6,0.19008,2,38,560.12,-227.18,0.95764,39,-183.74,-212.13,0.04235,2,38,484.26,-235.54,0.99432,39,-260.04,-213.92,0.00567,1,38,403.57,-214.83,1,1,38,304.82,-168.33,1,1,38,206.08,-121.83,1,1,38,135.81,-88.74,1,1,38,71.25,-58.34,1,1,38,19.98,-34.18999,1,2,38,722.87,0.1,0.5,39,-2.01,0.28,0.5,2,39,596,-2.49,0.5,40,2.35999,-2.17,0.5],"hull":47}},"lv3 e":{"lv3 e":{"type":"mesh","uvs":[0.05339,1,0.12734,0.98116,0.19412,0.95082,0.26806,0.89979,0.33246,0.85566,0.38971,0.80877,0.44457,0.76464,0.5042,0.71775,0.55668,0.675,0.63062,0.64604,0.72603,0.62949,0.83336,0.61432,0.91207,0.57708,0.90969,0.5233,0.9407,0.46675,0.96455,0.41297,0.97886,0.36332,0.95978,0.30816,0.99079,0.26816,1,0.21989,1,0.15645,1,0.10267,0.96932,0.05164,0.92639,0,0.88345,0,0.79043,0.02268,0.7141,0.04888,0.62823,0.08474,0.56622,0.13577,0.54475,0.19645,0.52805,0.22541,0.45173,0.23506,0.36586,0.25023,0.28715,0.28333,0.23944,0.33436,0.23467,0.40194,0.23706,0.45158,0.23467,0.50675,0.22513,0.53709,0.1655,0.56467,0.11302,0.60466,0.06293,0.64466,0.02239,0.69706,0,0.77154,0,0.83222,0,0.90531,0.02477,0.95771,0.38494,0.59777,0.7141,0.2723],"triangles":[22,21,20,22,48,23,20,19,48,48,27,26,28,27,48,29,28,48,48,26,25,48,22,20,25,24,48,23,48,24,48,19,17,30,29,48,18,17,19,31,30,48,32,31,48,33,32,48,34,33,48,48,17,16,15,48,16,48,36,35,48,35,34,14,48,15,13,48,14,47,36,48,47,48,9,13,11,48,37,36,47,38,37,47,12,11,13,11,10,48,10,9,48,8,47,9,7,47,8,6,47,7,5,47,6,3,44,43,47,39,38,4,47,5,4,39,47,40,39,4,3,40,4,41,40,3,42,41,3,3,43,42,44,1,45,3,2,44,1,46,45,44,2,1,0,46,1],"vertices":[2,41,-30.87,-13.27,1,43,-1245.26,117.39,0,2,41,23.87,-58.65,1,43,-1194.19,67.92,0,2,41,91.45,-90.56,1,43,-1129.27,30.88,0,2,41,190.02,-114.03,1,43,-1032.81,-0.12,0,2,41,275.44,-134.68,1,43,-949.24,-27.31,0,2,41,361.8,-147.82,1,43,-864.15,-47.08,0,3,41,443.46,-160.97,0.99354,42,-190.66,-172.55,0.00645,43,-783.74,-66.49,0,3,41,530.76,-175.98,0.85947,42,-102.62,-182.38,0.14052,43,-697.86,-88.21,0,3,41,609.61,-188.19,0.53236,42,-23.19,-189.89,0.46763,43,-620.19,-106.47,0,2,41,678.14,-226.67,0.21359,42,47.49,-224.26,0.7864,3,41,738.22,-290.51,0.05417,42,111.24,-284.42,0.94581,43,-499.87,-218.41,1.0E-5,2,41,801.11,-364.66,0.00846,42,178.41,-354.72,0.99153,2,42,262.1,-386.44,0.99936,43,-364.3,-340.01,6.3E-4,2,42,331.98,-343.74,0.98698,43,-289.26,-307.22,0.01301,2,42,420.16,-324.4,0.93567,43,-199.27,-300.07,0.06432,2,42,501.57,-301.71,0.83046,43,-115.53,-288.67,0.16953,2,42,573.33,-274.89,0.69616,43,-40.79,-271.86,0.30383,2,42,637.68,-218.41,0.43177,43,30.64,-224.67,0.56822,2,42,704.05,-211.65,0.21273,43,97.31,-227.01,0.78726,2,42,771.74,-181.99,0.07469,43,168.41,-206.84,0.9253,2,42,855.39,-133.77,0.00204,43,257.85,-170.45,0.99795,1,43,333.68,-139.61,1,1,43,395.45,-85.34,1,1,43,454.02,-20.73,1,1,43,439.79,14.26,1,1,43,376.96,77.08,1,1,43,314.71,124.27,1,1,43,235.68,173.7,1,2,42,692.05,212.66,0.06796,43,143.18,194.99,0.93203,2,42,602.6,182.91,0.35822,43,50.52,177.69,0.64177,2,42,557.07,173.63,0.62517,43,4.15,174.69,0.37482,2,42,510.8,224.48,0.87703,43,-34.75999,231.37,0.12296,2,42,453.06,278.42,0.9696,43,-84.62,292.66,0.03039,2,42,374.83,313.28,0.99728,43,-157.38,337.84,0.00271,1,42,286.58,310.87,1,2,41,854.62,251.11,0.00336,42,195.37,263.14,0.99663,3,41,787.97,215.44,0.04154,42,130.95,223.59,0.95845,43,-411.2,282.19,0,3,41,711.93,179.77,0.21239,42,57.16,183.48,0.7876,43,-489.76,252.49,0,3,41,666.88,166.63,0.44843,42,12.96,167.69,0.55156,43,-535.7,242.87,0,3,41,605.86,194.79,0.74917,42,-49.6,192.19,0.25082,43,-594.35,275.66,0,3,41,530.76,208.87,0.92862,42,-125.4,201.8,0.07137,43,-668.14,295.5,0,3,41,456.61,221.08,0.9904,42,-200.15,209.6,0.00959,43,-741.13,313.39,0,1,41,369.31,217.32,1,1,41,259.12,184.25,1,1,41,176.51,142.95,1,1,41,77.01,93.2,1,1,41,15.42,38.03,1,2,41,647.16,-0.45,0.5,42,3.17,-0.26,0.5,2,42,577,-3.85,0.5,43,-0.26,-3.85,0.5],"hull":47}},"lv3 f":{"lv3 f":{"type":"mesh","uvs":[0,0.80146,0.0116,0.85804,0.04666,0.89481,0.08172,0.9429,0.12897,0.97685,0.16708,0.99665,0.21586,1,0.26464,1,0.2997,0.95988,0.33781,0.90896,0.38201,0.90047,0.43384,0.92027,0.49024,0.94573,0.54512,0.95705,0.5878,0.93725,0.63505,0.88916,0.67773,0.83258,0.72956,0.79298,0.78291,0.71943,0.82102,0.63456,0.84541,0.52707,0.86218,0.40825,0.88809,0.32056,0.91858,0.26115,0.9765,0.21872,1,0.17629,0.9765,0.13103,0.92467,0.05748,0.86675,0.00373,0.8073,0,0.75242,0.01787,0.68535,0.08011,0.62895,0.13669,0.5756,0.1678,0.53902,0.18195,0.48719,0.16497,0.42927,0.12537,0.37744,0.09142,0.31951,0.0886,0.26007,0.11971,0.20519,0.17629,0.15489,0.24418,0.11983,0.32339,0.08172,0.40543,0.04666,0.49595,0.02075,0.5893,0.00703,0.67699,0.33171,0.53555,0.5695,0.4818,0.82254,0.19326],"triangles":[49,29,28,49,28,27,49,27,26,24,26,25,49,26,24,23,49,24,22,49,23,30,29,49,31,30,49,21,49,22,48,34,33,32,31,49,33,32,49,48,33,49,21,48,49,20,48,21,19,48,20,18,48,19,17,48,18,16,48,17,38,36,39,36,38,37,35,40,36,36,40,39,35,47,40,48,47,35,48,35,34,16,47,48,47,11,10,11,47,16,15,11,16,15,12,11,14,12,15,13,12,14,41,40,47,42,41,47,43,42,47,44,43,47,46,47,0,45,47,46,44,47,45,2,1,0,47,2,0,3,2,47,10,9,47,3,47,4,4,47,5,47,6,5,7,47,8,47,7,6,47,9,8],"vertices":[1,44,-19.94,7.4,1,1,44,-22.81,-37.41999,1,1,44,9.78,-82.28,1,1,44,38.9,-134.77,1,2,44,87.66,-184.69,0.99997,45,-310.65,-298.27,2.0E-5,2,44,129.3,-219.83,0.9941,45,-260.03,-318.43,0.00589,2,44,189.39,-249.95,0.96831,45,-193.5,-328,0.03168,2,44,250.5,-277.82,0.9202,45,-126.71,-335.11,0.07979,2,44,306.78,-270.77,0.847,45,-75.55,-310.62,0.15299,3,44,370.2,-258.16,0.66861,45,-19.37,-278.6,0.32997,46,-433.44,-102.11,0.00141,3,44,428.2,-277.69,0.42439,45,41.81,-278.77,0.56076,46,-378.27,-128.59,0.01484,3,44,487.04,-320.67,0.2047,45,111.22,-300.93,0.7398,46,-325.14,-178.45,0.05548,3,44,549.86,-370.08,0.08522,45,186.45,-327.94,0.77983,46,-268.84,-235.18,0.13493,3,44,615.13,-409.07,0.03381,45,260.7,-344.28,0.73643,46,-208.83,-281.86,0.22974,3,44,674.7,-420.08,0.01466,45,320.7,-335.88,0.67724,46,-151.05,-300.09,0.30809,3,44,748.71,-414.61,0.00259,45,389.18,-307.28,0.55192,46,-76.93,-303.72,0.44547,2,45,452.06,-271.76,0.38678,46,-4.88,-298.69,0.61321,2,45,526.14,-250.09,0.22486,46,71.3,-310.98,0.77513,3,45,604.96,-203.59,0.10397,46,162.46,-302.91,0.89435,47,-70.35,-385.6,0.00167,3,45,663.8,-146.52,0.04178,46,240.13,-276.69,0.94119,47,-15.19,-324.97,0.01701,3,45,705.64,-70.76,0.00851,46,310.48,-226.29,0.91771,47,21.82,-246.74,0.07374,2,46,376.27,-163.23,0.72554,47,48.71,-159.67,0.27445,2,46,440.72,-126.45,0.3308,47,87.19,-96.21,0.66919,2,46,499.56,-110.84,0.02767,47,131.04,-54,0.97232,1,47,212.1,-26.01,1,1,47,245.79,4.03,1,1,47,214.92,38.99,1,2,46,585.78,13.55,0.00318,47,146,96.61,0.99681,2,46,538.67,89.27,0.15525,47,68.04,139.92,0.84474,2,46,470.35,134.46,0.43889,47,-13.61,146.25,0.5611,2,46,399.01,162.68,0.71417,47,-89.68,136.28,0.28582,3,45,521.56,282.32,0.00119,46,296.15,171.64,0.96326,47,-183.96,94.15,0.03553,2,45,439.89,248.79,0.05666,46,208,176.5,0.94333,2,45,364.4,233.61,0.25039,46,133.31,195.25,0.7496,3,44,846.11,117.69,0.00526,45,313.19,228.5,0.46007,46,84.89,212.66,0.53465,3,44,786.4,158.76,0.03684,45,243.56,248.57,0.7126,46,30.65,260.73,0.25055,3,44,726.02,218.59,0.12493,45,167.35,286.23,0.79153,46,-21.94,327.5,0.08353,3,44,671.54,271.12,0.22456,45,99.05,318.83,0.74731,46,-69.58,386.3,0.02811,3,44,599.84,306.12,0.34428,45,19.95999,329.35,0.64936,46,-136.46,429.82,0.00634,2,44,515.77,319.08,0.48764,45,-63.87,315.05,0.51235,2,44,429.6,312.24,0.65319,45,-143.45,281.3,0.3468,2,44,345.68,295.14,0.79956,45,-217.66,238.54,0.20043,2,44,277.37,261.69,0.90397,45,-271.88,185.2,0.09602,2,44,204.37,228.08,0.97073,45,-330.5,130.22,0.02926,2,44,132.57,187,0.9973,45,-385.62,68.54,0.00269,1,44,71.37,138.78,1,1,44,27.18,87.41,1,2,44,477.52,-2.58,0.5,45,1.58,-2.2,0.5,2,45,331.4,2.81,0.5,46,4.26,1.08,0.5,2,46,413.22,1.26,0.5,47,1.12,2.07,0.5],"hull":47}},"lv3 g":{"lv3 g":{"type":"mesh","uvs":[0.00804,0,0,0.08588,0.00665,0.20345,0.02328,0.31528,0.04822,0.4099,0.07593,0.49019,0.10779,0.56188,0.14382,0.62783,0.18677,0.69092,0.23803,0.75687,0.28791,0.79988,0.33917,0.81709,0.38489,0.82282,0.42923,0.88591,0.46802,0.95186,0.52621,1,0.60657,1,0.66891,0.98914,0.72018,0.9662,0.7659,0.92605,0.81162,0.89451,0.86011,0.87157,0.90444,0.87157,0.96263,0.88878,1,0.93465,1,0.87157,0.98757,0.75114,0.94878,0.63644,0.91137,0.56475,0.86427,0.5074,0.81439,0.45578,0.75897,0.42137,0.69247,0.39843,0.63843,0.38983,0.59271,0.40417,0.55669,0.38123,0.52621,0.33822,0.47772,0.2694,0.44169,0.22639,0.40983,0.1719,0.36688,0.16043,0.31839,0.1547,0.26574,0.1461,0.21171,0.12889,0.16183,0.10595,0.10364,0.07728,0.06207,0.04287,0.41399,0.48159,0.58024,0.64504],"triangles":[48,34,33,29,48,30,28,48,29,27,48,28,21,27,26,22,21,26,22,26,25,48,33,32,48,32,31,48,31,30,48,27,21,23,22,25,20,48,21,20,19,48,23,25,24,16,14,48,19,18,48,18,17,48,16,15,14,48,17,16,47,37,36,48,47,36,36,35,48,34,48,35,47,12,11,48,12,47,13,12,48,48,14,13,1,0,46,45,2,1,45,1,46,2,43,3,44,2,45,3,42,4,44,43,2,38,40,39,47,38,37,4,41,5,43,42,3,5,40,6,42,41,4,7,6,47,41,40,5,40,47,6,40,38,47,8,7,47,9,8,47,11,10,9,9,47,11],"vertices":[2,48,-13.14,13.99,1,50,-962.17,229.74,0,2,48,6.79,-46.86,1,50,-957.51,165.87,0,2,48,57.47,-117.14,0.99999,50,-925.28,85.44,0,2,48,119.3,-176.4,0.99999,50,-879.57,13.01,0,2,48,186,-218.54,0.99999,50,-825,-43.97,0,2,48,251.27,-249.47,0.99999,50,-769.13,-89.73,0,2,48,318.98,-271.83,0.99999,50,-708.81,-127.77,0,3,48,390.15,-287.46,0.99259,49,-331.76,-260.69,0.00739,50,-643.52,-160.1,0,3,48,469.46,-296.15,0.96104,49,-253.44,-275.97,0.03894,50,-568.65,-187.67,1.0E-5,3,48,560.8,-300.54,0.87228,49,-162.79,-287.97,0.12769,50,-481.07,-213.98,1.0E-5,3,48,642.14,-291.29,0.74366,49,-80.96,-285.53,0.25622,50,-399.9,-224.63,1.0E-4,3,48,716.12,-264.51,0.55227,49,-5.01,-265.02,0.44236,50,-321.64,-216.49,0.00536,3,48,778.68,-234.48,0.32523,49,59.83,-240.31,0.63686,50,-253.69,-202.44,0.03788,3,48,859.83,-242.15,0.11189,49,140.06,-254.72,0.74917,50,-176.79,-229.46,0.13892,3,48,934.66,-255.74,0.03176,49,213.5,-274.5,0.69506,50,-107.44,-260.7,0.27316,3,48,1028.83,-243.64,0.00344,49,308.34,-270.3,0.52612,50,-13.14,-271.68,0.47043,2,49,419.28,-220.15,0.23802,50,104.36,-239.86,0.76197,2,49,502.07,-174,0.0637,50,193.46,-207.51,0.93628,2,49,565.92,-126.7,0.01025,50,264.04,-171.01,0.98974,1,50,323.22,-124.54,1,1,50,384.04,-84.16,1,1,50,450.57,-48.75,1,1,50,515.4,-31.2,1,1,50,603.79,-20.32,1,1,50,667.2,-37.93999,1,1,50,655.13,6.62,1,1,50,613.93,86.8,1,1,50,535.26,152.48,1,1,50,466.84,188.32,1,1,50,386.99,210.2,1,2,49,542.08,272.53,2.4E-4,50,304.18,226.92,0.99975,2,49,455.2,260.9,0.01929,50,216.55,229.29,0.9807,2,49,356.47,234.7,0.12724,50,114.91,219.17,0.87275,2,49,279.29,206.71,0.33622,50,34.25,203.86,0.66377,3,48,904.67,186.42,0.00192,49,220.49,168.62,0.60772,50,-29.86,175.63,0.39034,3,48,848.82,174.54,0.03312,49,163.85,161.44,0.81184,50,-86.92,177.58,0.15502,3,48,793.16,179.59,0.14916,49,108.8,171.11,0.81099,50,-139.72,195.9,0.03983,2,48,704.47,187.86,0.46445,49,21.11,186.75,0.53554,2,48,641.47,188.82,0.71705,49,-41.58,192.96,0.28294,2,48,579.89,200.18,0.87732,49,-102,209.41,0.12267,2,48,518.96,175.86,0.95755,49,-164.75,190.26,0.04244,2,48,452.73,143.78,0.99889,49,-233.42,163.82,0.0011,1,48,379.98,110.48,1,2,48,302.33,81.66,0.99999,49,-388.48,114.46,0,2,48,228.14,59.57,0.99999,49,-464.25,98.64,0,1,48,140.91,35.02,1,1,48,73.64,26.4,1,2,48,695.67,5.17999,0.5,49,-2.88,5.44,0.5,2,49,275.91,0.18,0.5,50,-2.02,0.5,0.5],"hull":47}},"lv3 h":{"lv3 h":{"type":"mesh","uvs":[0.04369,0.00393,0.0331,0.05353,0.02039,0.11752,0.00344,0.16552,0,0.22631,0,0.2903,0.0098,0.3735,0.03945,0.44069,0.07122,0.50198,0.10511,0.55158,0.15594,0.59157,0.22372,0.62037,0.27244,0.64437,0.28091,0.69876,0.28514,0.75796,0.29362,0.81555,0.33174,0.84755,0.39952,0.87155,0.47577,0.89234,0.55837,0.89234,0.65369,0.89554,0.73629,0.90354,0.8189,0.91794,0.8782,0.94514,0.91209,0.98674,0.93539,1,0.9714,1,1,0.96274,1,0.91474,1,0.85875,0.96928,0.81715,0.90997,0.79795,0.84008,0.78995,0.78289,0.77396,0.77442,0.72916,0.78713,0.68116,0.77442,0.62997,0.7257,0.59797,0.65581,0.58197,0.56897,0.56118,0.56473,0.50998,0.54778,0.44759,0.52025,0.39159,0.47365,0.3452,0.42494,0.302,0.36987,0.2668,0.3108,0.22653,0.24303,0.18173,0.17525,0.12734,0.11806,0.07614,0.09264,0.03454,0.07691,0,0.0566,0,0.42361,0.57822,0.70205,0.81068],"triangles":[26,25,27,25,24,27,27,24,28,24,23,28,23,22,31,28,23,29,23,31,30,31,22,32,21,33,22,22,33,32,23,30,29,20,54,21,21,54,33,20,19,54,19,18,54,18,17,54,17,16,54,54,16,53,16,15,53,15,14,53,53,39,54,39,38,54,54,34,33,37,54,38,35,54,36,14,13,53,34,54,35,36,54,37,13,12,53,53,40,39,12,11,53,53,11,45,45,11,10,10,9,45,53,41,40,53,42,41,53,43,42,53,44,43,53,45,44,45,8,46,45,9,8,46,7,47,46,8,7,47,7,6,2,48,5,47,6,48,49,2,1,49,1,50,48,2,49,48,6,5,3,2,4,2,5,4,1,0,50,0,52,50,52,51,50],"vertices":[1,51,-14.96,-3.44,1,1,51,38.82,-41.53,1,1,51,108.65,-89.82,1,1,51,157.78,-132.63,1,1,51,227.89,-170.83,1,1,51,303.26,-207.81,1,1,51,405.53,-247.17,1,1,51,497.62,-259.62,1,1,51,583.68,-266.78,1,2,51,656.89,-265.29,0.98715,52,-239.73,-204.68,0.01284,2,51,726.19,-243.18,0.94189,52,-167,-203.57,0.0581,2,51,789.7,-199.52,0.78877,52,-93.58,-180.15,0.21122,2,51,839.23,-170.05,0.52275,52,-37.64,-166.27,0.47724,2,51,907,-193.95,0.20088,52,20.31,-208.76,0.79911,2,51,978.57,-224.39,0.05657,52,80.01,-258.61,0.94342,2,51,1050.1,-250.14,0.01384,52,141.04,-303.95,0.98615,2,51,1104.43,-234.71,0.00361,52,197.51,-304.9,0.99638,2,52,266.32,-277.2,0.99526,53,-218.45,-224.68,0.00473,2,52,337.78,-240.49,0.96776,53,-139.53,-209.63,0.03223,2,52,393.56,-180.57,0.86023,53,-69.11,-167.89,0.13976,2,52,461,-114.3,0.51257,53,14.28,-123.35,0.48741,2,52,524.46,-61.54,0.09298,53,90.06,-90.65,0.90701,1,53,170.11,-65.17,1,1,53,238.87,-65.9,1,1,53,295.58,-95.73,1,1,53,324.31,-98.93,1,1,53,355.01,-80.74,1,1,53,354.47,-24.23,1,1,53,322.37,29.93,1,1,53,284.92,93.13,1,1,53,230.91,124.56,1,1,53,167.51,116.27,1,2,52,485.47,115.28,0.01584,53,102.56,89.98,0.98415,2,52,431.49,88.1,0.35334,53,43.11,79.15,0.64665,2,52,382.76,122,0.78961,53,5.92,125.43,0.21038,2,52,345.25,174.13,0.94457,53,-15.33,186.02,0.05542,2,52,287.51,210.68,0.99168,53,-60.41,237.39,0.00831,1,52,223.89,203.95,1,2,51,933.09,207.07,0.01519,52,161.33,167.56,0.98481,2,51,870.68,141.83,0.22065,52,82.71,123.17,0.77934,2,51,808.53,167.65,0.60484,52,30.69,165.87,0.39515,2,51,727.64,188.64,0.87198,52,-40.65,209.36,0.12801,2,51,649.67,196.5,0.97149,52,-113.02,239.45,0.0285,2,51,574.68,181.85,0.99818,52,-189.04,247.13,0.00181,1,51,502.54,163.48,1,1,51,437.04,134.82,1,1,51,363.82,105.56,1,1,51,281.47,71.14,1,1,51,187.81,42.28,1,1,51,102.55,20.99,1,1,51,42.46,22.41,1,1,51,-5.09,28.38,1,1,51,-13.96,10.32,1,2,51,827.31,2.66,0.5,52,0.92,2.5,0.5,2,52,412.16,-3.35,0.5,53,-1.24,-3.13,0.5],"hull":53}},"shadow_2":{"shadow_2":{"scaleX":5,"scaleY":5,"width":512,"height":512}}}},"animations":{"idle01":{"bones":{"root":{"rotate":[{"time":0,"angle":0,"curve":[0.25,0,0.75,1]},{"time":2.1666,"angle":9.76,"curve":[0.25,0,0.75,1]},{"time":4.3333,"angle":0}],"translate":[{"time":0,"x":0,"y":0,"curve":"stepped"},{"time":4.3333,"x":0,"y":0}]},"lv1 a":{"rotate":[{"time":0,"angle":0,"curve":[0.25,0,0.75,1]},{"time":2.6666,"angle":9.74,"curve":[0.25,0,0.75,1]},{"time":4.3333,"angle":0}],"translate":[{"time":0,"x":0,"y":0,"curve":"stepped"},{"time":4.3333,"x":0,"y":0}]},"bone":{"rotate":[{"time":0,"angle":0,"curve":[0.25,0,0.75,1]},{"time":1.8333,"angle":-10.37,"curve":[0.25,0,0.75,1]},{"time":3.5,"angle":4.31,"curve":[0.25,0,0.75,1]},{"time":4.3333,"angle":0}],"translate":[{"time":0,"x":0,"y":0,"curve":"stepped"},{"time":4.3333,"x":0,"y":0}]},"bone2":{"rotate":[{"time":0,"angle":0,"curve":[0.25,0,0.75,1]},{"time":1.8333,"angle":-17.81,"curve":[0.25,0,0.75,1]},{"time":3.5,"angle":10.57,"curve":[0.25,0,0.75,1]},{"time":4.3333,"angle":0}],"translate":[{"time":0,"x":0,"y":0,"curve":"stepped"},{"time":4.3333,"x":0,"y":0}]},"lv1 b":{"rotate":[{"time":0,"angle":0,"curve":[0.25,0,0.75,1]},{"time":2.6666,"angle":11.72,"curve":[0.25,0,0.75,1]},{"time":4.3333,"angle":0}],"translate":[{"time":0,"x":0,"y":0,"curve":"stepped"},{"time":4.3333,"x":0,"y":0}]},"bone4":{"rotate":[{"time":0,"angle":0,"curve":[0.25,0,0.75,1]},{"time":1.8333,"angle":8.37,"curve":[0.25,0,0.75,1]},{"time":3.5,"angle":25,"curve":[0.25,0,0.75,1]},{"time":4.3333,"angle":0}],"translate":[{"time":0,"x":0,"y":0,"curve":"stepped"},{"time":4.3333,"x":0,"y":0}]},"bone5":{"rotate":[{"time":0,"angle":0,"curve":[0.25,0,0.75,1]},{"time":1.8333,"angle":-9.95,"curve":[0.25,0,0.75,1]},{"time":3.5,"angle":15.38,"curve":[0.25,0,0.75,1]},{"time":4.3333,"angle":0}],"translate":[{"time":0,"x":0,"y":0,"curve":"stepped"},{"time":4.3333,"x":0,"y":0}]},"lv1 c":{"rotate":[{"time":0,"angle":0,"curve":[0.25,0,0.75,1]},{"time":2.6666,"angle":14.54,"curve":[0.25,0,0.75,1]},{"time":4.3333,"angle":0}],"translate":[{"time":0,"x":0,"y":0,"curve":"stepped"},{"time":4.3333,"x":0,"y":0}]},"bone6":{"rotate":[{"time":0,"angle":0,"curve":[0.25,0,0.75,1]},{"time":1.8333,"angle":-13.07,"curve":[0.25,0,0.75,1]},{"time":3.5,"angle":3.47,"curve":[0.25,0,0.75,1]},{"time":4.3333,"angle":0}],"translate":[{"time":0,"x":0,"y":0,"curve":"stepped"},{"time":4.3333,"x":0,"y":0}]},"bone7":{"rotate":[{"time":0,"angle":0,"curve":[0.25,0,0.75,1]},{"time":1.8333,"angle":-26.64,"curve":[0.25,0,0.75,1]},{"time":3.5,"angle":-8.74,"curve":[0.25,0,0.75,1]},{"time":4.3333,"angle":0}],"translate":[{"time":0,"x":0,"y":0,"curve":"stepped"},{"time":4.3333,"x":0,"y":0}]},"lv1 d":{"rotate":[{"time":0,"angle":0,"curve":[0.25,0,0.75,1]},{"time":2.6666,"angle":11.59,"curve":[0.25,0,0.75,1]},{"time":4.3333,"angle":0}],"translate":[{"time":0,"x":0,"y":0,"curve":"stepped"},{"time":4.3333,"x":0,"y":0}]},"bone8":{"rotate":[{"time":0,"angle":0,"curve":[0.25,0,0.75,1]},{"time":1.8333,"angle":-21.11,"curve":[0.25,0,0.75,1]},{"time":3.5,"angle":0.63,"curve":[0.25,0,0.75,1]},{"time":4.3333,"angle":0}],"translate":[{"time":0,"x":0,"y":0,"curve":"stepped"},{"time":4.3333,"x":0,"y":0}]},"lv2 a":{"rotate":[{"time":0,"angle":0,"curve":[0.25,0,0.75,1]},{"time":2.6666,"angle":-7.53,"curve":[0.25,0,0.75,1]},{"time":4.3333,"angle":0}],"translate":[{"time":0,"x":0,"y":0,"curve":"stepped"},{"time":4.3333,"x":0,"y":0}]},"bone9":{"rotate":[{"time":0,"angle":0,"curve":[0.25,0,0.75,1]},{"time":1.8333,"angle":19.61,"curve":[0.25,0,0.75,1]},{"time":3.5,"angle":-11.25,"curve":[0.25,0,0.75,1]},{"time":4.3333,"angle":0}],"translate":[{"time":0,"x":0,"y":0,"curve":"stepped"},{"time":4.3333,"x":0,"y":0}]},"bone10":{"rotate":[{"time":0,"angle":0,"curve":[0.25,0,0.75,1]},{"time":1.8333,"angle":13.34,"curve":[0.25,0,0.75,1]},{"time":3.5,"angle":-13.99,"curve":[0.25,0,0.75,1]},{"time":4.3333,"angle":0}],"translate":[{"time":0,"x":0,"y":0,"curve":"stepped"},{"time":4.3333,"x":0,"y":0}]},"lv2 b":{"rotate":[{"time":0,"angle":0,"curve":[0.154,0.19,0.75,1]},{"time":1.3333,"angle":3.34,"curve":[0.25,0,0.75,1]},{"time":2.6666,"angle":-10.78,"curve":[0.25,0,0.847,0.8]},{"time":4.3333,"angle":0}],"translate":[{"time":0,"x":0,"y":0,"curve":"stepped"},{"time":4.3333,"x":0,"y":0}]},"bone11":{"rotate":[{"time":0,"angle":0,"curve":[0.25,0,0.75,1]},{"time":1.8333,"angle":11.22,"curve":[0.25,0,0.75,1]},{"time":3.5,"angle":-8.76,"curve":[0.25,0,0.75,1]},{"time":4.3333,"angle":0}],"translate":[{"time":0,"x":0,"y":0,"curve":"stepped"},{"time":4.3333,"x":0,"y":0}]},"bone12":{"rotate":[{"time":0,"angle":0,"curve":[0.25,0,0.75,1]},{"time":1.8333,"angle":11.73,"curve":[0.25,0,0.75,1]},{"time":4.3333,"angle":0}],"translate":[{"time":0,"x":0,"y":0,"curve":"stepped"},{"time":4.3333,"x":0,"y":0}]},"lv2 c":{"rotate":[{"time":0,"angle":0,"curve":[0.25,0,0.75,1]},{"time":2.6666,"angle":-7.6,"curve":[0.25,0,0.75,1]},{"time":4.3333,"angle":0}],"translate":[{"time":0,"x":0,"y":0,"curve":"stepped"},{"time":4.3333,"x":0,"y":0}]},"bone13":{"rotate":[{"time":0,"angle":0,"curve":[0.25,0,0.75,1]},{"time":1.8333,"angle":15.08,"curve":[0.25,0,0.75,1]},{"time":3.5,"angle":-16.11,"curve":[0.25,0,0.75,1]},{"time":4.3333,"angle":0}],"translate":[{"time":0,"x":0,"y":0,"curve":"stepped"},{"time":4.3333,"x":0,"y":0}]},"bone14":{"rotate":[{"time":0,"angle":0,"curve":"stepped"},{"time":4.3333,"angle":0}],"translate":[{"time":0,"x":0,"y":0,"curve":"stepped"},{"time":4.3333,"x":0,"y":0}]},"lv2 d":{"rotate":[{"time":0,"angle":0,"curve":[0.25,0,0.75,1]},{"time":2.6666,"angle":-8.37,"curve":[0.25,0,0.75,1]},{"time":4.3333,"angle":0}],"translate":[{"time":0,"x":0,"y":0,"curve":"stepped"},{"time":4.3333,"x":0,"y":0}]},"bone15":{"rotate":[{"time":0,"angle":0,"curve":[0.25,0,0.75,1]},{"time":1.8333,"angle":12.66,"curve":[0.25,0,0.75,1]},{"time":3.5,"angle":-9.69,"curve":[0.25,0,0.75,1]},{"time":4.3333,"angle":0}],"translate":[{"time":0,"x":0,"y":0,"curve":"stepped"},{"time":4.3333,"x":0,"y":0}]},"bone16":{"rotate":[{"time":0,"angle":0,"curve":[0.25,0,0.75,1]},{"time":1.8333,"angle":11.13,"curve":[0.25,0,0.75,1]},{"time":3.5,"angle":-23.91,"curve":[0.25,0,0.75,1]},{"time":4.3333,"angle":0}],"translate":[{"time":0,"x":0,"y":0,"curve":"stepped"},{"time":4.3333,"x":0,"y":0}]},"lv2 e":{"rotate":[{"time":0,"angle":0,"curve":[0.25,0,0.75,1]},{"time":2.6666,"angle":-7.78,"curve":[0.25,0,0.75,1]},{"time":4.3333,"angle":0}],"translate":[{"time":0,"x":0,"y":0,"curve":"stepped"},{"time":4.3333,"x":0,"y":0}]},"bone17":{"rotate":[{"time":0,"angle":0,"curve":[0.25,0,0.75,1]},{"time":1.8333,"angle":22.09,"curve":[0.25,0,0.75,1]},{"time":3.5,"angle":-19.65,"curve":[0.25,0,0.75,1]},{"time":4.3333,"angle":0}],"translate":[{"time":0,"x":0,"y":0,"curve":"stepped"},{"time":4.3333,"x":0,"y":0}]},"lv2 f":{"rotate":[{"time":0,"angle":0,"curve":[0.25,0,0.75,1]},{"time":2.6666,"angle":-10.06,"curve":[0.25,0,0.75,1]},{"time":4.3333,"angle":0}],"translate":[{"time":0,"x":0,"y":0,"curve":"stepped"},{"time":4.3333,"x":0,"y":0}]},"bone18":{"rotate":[{"time":0,"angle":0,"curve":[0.25,0,0.75,1]},{"time":1.8333,"angle":11.89,"curve":[0.25,0,0.75,1]},{"time":3.5,"angle":-3.67,"curve":[0.25,0,0.75,1]},{"time":4.3333,"angle":0}],"translate":[{"time":0,"x":0,"y":0,"curve":"stepped"},{"time":4.3333,"x":0,"y":0}]},"bone19":{"rotate":[{"time":0,"angle":0,"curve":[0.25,0,0.75,1]},{"time":1.8333,"angle":17.6,"curve":[0.25,0,0.75,1]},{"time":3.5,"angle":-19.4,"curve":[0.25,0,0.75,1]},{"time":4.3333,"angle":0}],"translate":[{"time":0,"x":0,"y":0,"curve":"stepped"},{"time":4.3333,"x":0,"y":0}]},"lv3 a":{"rotate":[{"time":0,"angle":0,"curve":[0.25,0,0.75,1]},{"time":1,"angle":-3.57,"curve":[0.25,0,0.75,1]},{"time":2.6666,"angle":19.47,"curve":[0.25,0,0.75,1]},{"time":4.3333,"angle":0}],"translate":[{"time":0,"x":0,"y":0,"curve":"stepped"},{"time":4.3333,"x":0,"y":0}]},"bone20":{"rotate":[{"time":0,"angle":0,"curve":[0.25,0,0.75,1]},{"time":1.8333,"angle":-7.73,"curve":[0.25,0,0.75,1]},{"time":3.5,"angle":19.56,"curve":[0.25,0,0.75,1]},{"time":4.3333,"angle":0}],"translate":[{"time":0,"x":0,"y":0,"curve":"stepped"},{"time":4.3333,"x":0,"y":0}]},"bone21":{"rotate":[{"time":0,"angle":0,"curve":[0.25,0,0.75,1]},{"time":1.8333,"angle":-12.9,"curve":[0.25,0,0.75,1]},{"time":3.5,"angle":18.39,"curve":[0.25,0,0.75,1]},{"time":4.3333,"angle":0}],"translate":[{"time":0,"x":0,"y":0,"curve":"stepped"},{"time":4.3333,"x":0,"y":0}]},"lv3 b":{"rotate":[{"time":0,"angle":0,"curve":[0.25,0,0.75,1]},{"time":1,"angle":-2.11,"curve":[0.25,0,0.75,1]},{"time":2.6666,"angle":6.35,"curve":[0.25,0,0.75,1]},{"time":4.3333,"angle":0}],"translate":[{"time":0,"x":0,"y":0,"curve":"stepped"},{"time":4.3333,"x":0,"y":0}]},"bone22":{"rotate":[{"time":0,"angle":0,"curve":[0.25,0,0.75,1]},{"time":1.8333,"angle":-12.97,"curve":[0.25,0,0.75,1]},{"time":3.5,"angle":6.95,"curve":[0.25,0,0.75,1]},{"time":4.3333,"angle":0}],"translate":[{"time":0,"x":0,"y":0,"curve":"stepped"},{"time":4.3333,"x":0,"y":0}]},"bone23":{"rotate":[{"time":0,"angle":0,"curve":[0.25,0,0.75,1]},{"time":1,"angle":-14.81,"curve":[0.25,0,0.75,1]},{"time":3.5,"angle":13.48,"curve":[0.25,0,0.75,1]},{"time":4.3333,"angle":0}],"translate":[{"time":0,"x":0,"y":0,"curve":"stepped"},{"time":4.3333,"x":0,"y":0}]},"lv3 c":{"rotate":[{"time":0,"angle":0,"curve":[0.25,0,0.75,1]},{"time":1,"angle":-4.42,"curve":[0.25,0,0.75,1]},{"time":2.6666,"angle":9.44,"curve":[0.25,0,0.75,1]},{"time":4.3333,"angle":0}],"translate":[{"time":0,"x":0,"y":0,"curve":"stepped"},{"time":4.3333,"x":0,"y":0}]},"bone24":{"rotate":[{"time":0,"angle":0,"curve":[0.25,0,0.75,1]},{"time":1,"angle":-9.19,"curve":[0.25,0,0.75,1]},{"time":1.8333,"angle":-10.8,"curve":[0.25,0,0.75,1]},{"time":3.5,"angle":6.65,"curve":[0.25,0,0.75,1]},{"time":4.3333,"angle":0}],"translate":[{"time":0,"x":0,"y":0,"curve":"stepped"},{"time":4.3333,"x":0,"y":0}]},"bone25":{"rotate":[{"time":0,"angle":0,"curve":[0.25,0,0.75,1]},{"time":1,"angle":-14.35,"curve":[0.25,0,0.75,1]},{"time":1.8333,"angle":-14.04,"curve":[0.25,0,0.75,1]},{"time":3.5,"angle":7.21,"curve":[0.25,0,0.75,1]},{"time":4.3333,"angle":0}],"translate":[{"time":0,"x":0,"y":0,"curve":"stepped"},{"time":4.3333,"x":0,"y":0}]},"lv3 d":{"rotate":[{"time":0,"angle":0,"curve":[0.25,0,0.75,1]},{"time":1,"angle":-5.97,"curve":[0.25,0,0.75,1]},{"time":2.6666,"angle":4.46,"curve":[0.25,0,0.75,1]},{"time":4.3333,"angle":0}],"translate":[{"time":0,"x":0,"y":0,"curve":"stepped"},{"time":4.3333,"x":0,"y":0}]},"bone26":{"rotate":[{"time":0,"angle":0,"curve":[0.25,0,0.75,1]},{"time":1,"angle":-10.98,"curve":[0.25,0,0.75,1]},{"time":1.8333,"angle":-12.21,"curve":[0.25,0,0.75,1]},{"time":3.5,"angle":9.25,"curve":[0.25,0,0.75,1]},{"time":4.3333,"angle":0}],"translate":[{"time":0,"x":0,"y":0,"curve":"stepped"},{"time":4.3333,"x":0,"y":0}]},"bone27":{"rotate":[{"time":0,"angle":0,"curve":[0.25,0,0.75,1]},{"time":1,"angle":-11.09,"curve":[0.25,0,0.75,1]},{"time":1.8333,"angle":-14.93,"curve":[0.25,0,0.75,1]},{"time":3.5,"angle":14.68,"curve":[0.25,0,0.75,1]},{"time":4.3333,"angle":0}],"translate":[{"time":0,"x":0,"y":0,"curve":"stepped"},{"time":4.3333,"x":0,"y":0}]},"lv3 e":{"rotate":[{"time":0,"angle":0,"curve":[0.25,0,0.75,1]},{"time":1,"angle":-5.77,"curve":[0.25,0,0.75,1]},{"time":2.6666,"angle":6.93,"curve":[0.25,0,0.75,1]},{"time":4.3333,"angle":0}],"translate":[{"time":0,"x":0,"y":0,"curve":"stepped"},{"time":4.3333,"x":0,"y":0}]},"bone28":{"rotate":[{"time":0,"angle":0,"curve":[0.25,0,0.75,1]},{"time":1,"angle":-2.27,"curve":[0.25,0,0.75,1]},{"time":1.8333,"angle":-13.13,"curve":[0.25,0,0.75,1]},{"time":3.5,"angle":8.8,"curve":[0.25,0,0.75,1]},{"time":4.3333,"angle":0}],"translate":[{"time":0,"x":0,"y":0,"curve":"stepped"},{"time":4.3333,"x":0,"y":0}]},"bone29":{"rotate":[{"time":0,"angle":0,"curve":[0.25,0,0.75,1]},{"time":1,"angle":4.86,"curve":[0.25,0,0.75,1]},{"time":1.8333,"angle":-14.12,"curve":[0.25,0,0.75,1]},{"time":3.5,"angle":13.84,"curve":[0.25,0,0.75,1]},{"time":4.3333,"angle":0}],"translate":[{"time":0,"x":0,"y":0,"curve":"stepped"},{"time":4.3333,"x":0,"y":0}]},"lv3 f":{"rotate":[{"time":0,"angle":0,"curve":[0.25,0,0.75,1]},{"time":1,"angle":-6.96,"curve":[0.25,0,0.75,1]},{"time":2.6666,"angle":6.93,"curve":[0.25,0,0.75,1]},{"time":4.3333,"angle":0}],"translate":[{"time":0,"x":0,"y":0,"curve":"stepped"},{"time":4.3333,"x":0,"y":0}]},"bone30":{"rotate":[{"time":0,"angle":0,"curve":[0.25,0,0.75,1]},{"time":1.8333,"angle":-14.52,"curve":[0.25,0,0.75,1]},{"time":3.5,"angle":12.66,"curve":[0.25,0,0.75,1]},{"time":4.3333,"angle":0}],"translate":[{"time":0,"x":0,"y":0,"curve":"stepped"},{"time":4.3333,"x":0,"y":0}]},"bone31":{"rotate":[{"time":0,"angle":0,"curve":[0.25,0,0.75,1]},{"time":1.8333,"angle":-22.52,"curve":[0.25,0,0.75,1]},{"time":3.5,"angle":20.74,"curve":[0.25,0,0.75,1]},{"time":4.3333,"angle":0}],"translate":[{"time":0,"x":0,"y":0,"curve":"stepped"},{"time":4.3333,"x":0,"y":0}]},"bone32":{"rotate":[{"time":0,"angle":0,"curve":[0.25,0,0.75,1]},{"time":1,"angle":15.17,"curve":[0.25,0,0.75,1]},{"time":2.6666,"angle":5.83,"curve":[0.25,0,0.75,1]},{"time":4.3333,"angle":0}],"translate":[{"time":0,"x":0,"y":0,"curve":"stepped"},{"time":4.3333,"x":0,"y":0}]},"lv3 g":{"rotate":[{"time":0,"angle":0,"curve":[0.25,0,0.75,1]},{"time":1,"angle":-8.04,"curve":[0.25,0,0.75,1]},{"time":2.6666,"angle":10.76,"curve":[0.25,0,0.75,1]},{"time":4.3333,"angle":0}],"translate":[{"time":0,"x":0,"y":0,"curve":"stepped"},{"time":4.3333,"x":0,"y":0}]},"bone33":{"rotate":[{"time":0,"angle":0,"curve":[0.25,0,0.75,1]},{"time":1.8333,"angle":-9.47,"curve":[0.25,0,0.75,1]},{"time":3.5,"angle":7.57,"curve":[0.25,0,0.75,1]},{"time":4.3333,"angle":0}],"translate":[{"time":0,"x":0,"y":0,"curve":"stepped"},{"time":4.3333,"x":0,"y":0}]},"bone34":{"rotate":[{"time":0,"angle":0,"curve":[0.25,0,0.75,1]},{"time":1.8333,"angle":10.4,"curve":[0.25,0,0.75,1]},{"time":3.5,"angle":23.22,"curve":[0.25,0,0.75,1]},{"time":4.3333,"angle":0}],"translate":[{"time":0,"x":0,"y":0,"curve":"stepped"},{"time":4.3333,"x":0,"y":0}]},"lv3 h":{"rotate":[{"time":0,"angle":0,"curve":[0.25,0,0.75,1]},{"time":1,"angle":-5.78,"curve":[0.25,0,0.75,1]},{"time":2.6666,"angle":9.1,"curve":[0.25,0,0.75,1]},{"time":4.3333,"angle":0}],"translate":[{"time":0,"x":0,"y":0,"curve":"stepped"},{"time":4.3333,"x":0,"y":0}]},"bone35":{"rotate":[{"time":0,"angle":0,"curve":[0.25,0,0.75,1]},{"time":1.8333,"angle":-10.87,"curve":[0.25,0,0.75,1]},{"time":3.5,"angle":12.04,"curve":[0.25,0,0.75,1]},{"time":4.3333,"angle":0}],"translate":[{"time":0,"x":0,"y":0,"curve":"stepped"},{"time":4.3333,"x":0,"y":0}]},"bone36":{"rotate":[{"time":0,"angle":0,"curve":[0.25,0,0.75,1]},{"time":1.8333,"angle":-0.86,"curve":[0.25,0,0.75,1]},{"time":3.5,"angle":15.23,"curve":[0.25,0,0.75,1]},{"time":4.3333,"angle":0}],"translate":[{"time":0,"x":0,"y":0,"curve":"stepped"},{"time":4.3333,"x":0,"y":0}]}}},"idle02":{"bones":{"root":{"rotate":[{"time":0,"angle":0,"curve":[0.25,0,0.75,1]},{"time":1.5,"angle":-4.28,"curve":[0.25,0,0.75,1]},{"time":3.3333,"angle":0}],"translate":[{"time":0,"x":0,"y":0,"curve":"stepped"},{"time":3.3333,"x":0,"y":0}]},"lv1 a":{"rotate":[{"time":0,"angle":0,"curve":[0.25,0,0.75,1]},{"time":1.6666,"angle":20.53,"curve":[0.25,0,0.75,1]},{"time":3.3333,"angle":0}],"translate":[{"time":0,"x":0,"y":0,"curve":"stepped"},{"time":3.3333,"x":0,"y":0}]},"bone":{"rotate":[{"time":0,"angle":0,"curve":[0.25,0,0.75,1]},{"time":1.6666,"angle":7.75,"curve":[0.25,0,0.75,1]},{"time":3.3333,"angle":0}],"translate":[{"time":0,"x":0,"y":0,"curve":"stepped"},{"time":3.3333,"x":0,"y":0}]},"bone2":{"rotate":[{"time":0,"angle":0,"curve":[0.25,0,0.75,1]},{"time":1.6666,"angle":10.91,"curve":[0.25,0,0.75,1]},{"time":3.3333,"angle":0}],"translate":[{"time":0,"x":0,"y":0,"curve":"stepped"},{"time":3.3333,"x":0,"y":0}]},"lv1 b":{"rotate":[{"time":0,"angle":0,"curve":[0.25,0,0.75,1]},{"time":1.6666,"angle":17.77,"curve":[0.25,0,0.75,1]},{"time":3.3333,"angle":0}],"translate":[{"time":0,"x":0,"y":0,"curve":"stepped"},{"time":3.3333,"x":0,"y":0}]},"bone4":{"rotate":[{"time":0,"angle":0,"curve":[0.25,0,0.75,1]},{"time":1.6666,"angle":8.44,"curve":[0.25,0,0.75,1]},{"time":3.3333,"angle":0}],"translate":[{"time":0,"x":0,"y":0,"curve":"stepped"},{"time":3.3333,"x":0,"y":0}]},"bone5":{"rotate":[{"time":0,"angle":0,"curve":[0.25,0,0.75,1]},{"time":1.6666,"angle":36.35,"curve":[0.25,0,0.75,1]},{"time":3.3333,"angle":0}],"translate":[{"time":0,"x":0,"y":0,"curve":"stepped"},{"time":3.3333,"x":0,"y":0}]},"lv1 c":{"rotate":[{"time":0,"angle":0,"curve":[0.25,0,0.75,1]},{"time":1.6666,"angle":20.71,"curve":[0.25,0,0.75,1]},{"time":3.3333,"angle":0}],"translate":[{"time":0,"x":0,"y":0,"curve":"stepped"},{"time":3.3333,"x":0,"y":0}]},"bone6":{"rotate":[{"time":0,"angle":0,"curve":[0.25,0,0.75,1]},{"time":1.6666,"angle":11.22,"curve":[0.25,0,0.75,1]},{"time":3.3333,"angle":0}],"translate":[{"time":0,"x":0,"y":0,"curve":"stepped"},{"time":3.3333,"x":0,"y":0}]},"bone7":{"rotate":[{"time":0,"angle":0,"curve":[0.25,0,0.75,1]},{"time":1.6666,"angle":7.3,"curve":[0.25,0,0.75,1]},{"time":3.3333,"angle":0}],"translate":[{"time":0,"x":0,"y":0,"curve":"stepped"},{"time":3.3333,"x":0,"y":0}]},"lv1 d":{"rotate":[{"time":0,"angle":0,"curve":[0.25,0,0.75,1]},{"time":1.6666,"angle":15.41,"curve":[0.25,0,0.75,1]},{"time":3.3333,"angle":0}],"translate":[{"time":0,"x":0,"y":0,"curve":"stepped"},{"time":3.3333,"x":0,"y":0}]},"bone8":{"rotate":[{"time":0,"angle":0,"curve":[0.25,0,0.75,1]},{"time":1.6666,"angle":9.96,"curve":[0.25,0,0.75,1]},{"time":3.3333,"angle":0}],"translate":[{"time":0,"x":0,"y":0,"curve":"stepped"},{"time":3.3333,"x":0,"y":0}]},"lv2 a":{"rotate":[{"time":0,"angle":0,"curve":[0.25,0,0.75,1]},{"time":1.6666,"angle":-16.31,"curve":[0.25,0,0.75,1]},{"time":3.3333,"angle":0}],"translate":[{"time":0,"x":0,"y":0,"curve":"stepped"},{"time":3.3333,"x":0,"y":0}]},"bone9":{"rotate":[{"time":0,"angle":0,"curve":[0.25,0,0.75,1]},{"time":1.6666,"angle":-9.94,"curve":[0.25,0,0.75,1]},{"time":3.3333,"angle":0}],"translate":[{"time":0,"x":0,"y":0,"curve":"stepped"},{"time":3.3333,"x":0,"y":0}]},"bone10":{"rotate":[{"time":0,"angle":0,"curve":[0.25,0,0.75,1]},{"time":1.6666,"angle":-11.81,"curve":[0.25,0,0.75,1]},{"time":3.3333,"angle":0}],"translate":[{"time":0,"x":0,"y":0,"curve":"stepped"},{"time":3.3333,"x":0,"y":0}]},"lv2 b":{"rotate":[{"time":0,"angle":0,"curve":[0.25,0,0.75,1]},{"time":1.6666,"angle":-13.85,"curve":[0.25,0,0.75,1]},{"time":3.3333,"angle":0}],"translate":[{"time":0,"x":0,"y":0,"curve":"stepped"},{"time":3.3333,"x":0,"y":0}]},"bone11":{"rotate":[{"time":0,"angle":0,"curve":[0.25,0,0.75,1]},{"time":1.6666,"angle":-14.71,"curve":[0.25,0,0.75,1]},{"time":3.3333,"angle":0}],"translate":[{"time":0,"x":0,"y":0,"curve":"stepped"},{"time":3.3333,"x":0,"y":0}]},"bone12":{"rotate":[{"time":0,"angle":0,"curve":[0.25,0,0.75,1]},{"time":1.6666,"angle":-4.1,"curve":[0.25,0,0.75,1]},{"time":3.3333,"angle":0}],"translate":[{"time":0,"x":0,"y":0,"curve":"stepped"},{"time":3.3333,"x":0,"y":0}]},"lv2 c":{"rotate":[{"time":0,"angle":0,"curve":[0.25,0,0.75,1]},{"time":1.6666,"angle":-6,"curve":[0.25,0,0.75,1]},{"time":3.3333,"angle":0}],"translate":[{"time":0,"x":0,"y":0,"curve":"stepped"},{"time":3.3333,"x":0,"y":0}]},"bone13":{"rotate":[{"time":0,"angle":0,"curve":[0.25,0,0.75,1]},{"time":1.6666,"angle":-9.3,"curve":[0.25,0,0.75,1]},{"time":3.3333,"angle":0}],"translate":[{"time":0,"x":0,"y":0,"curve":"stepped"},{"time":3.3333,"x":0,"y":0}]},"bone14":{"rotate":[{"time":0,"angle":0,"curve":[0.25,0,0.75,1]},{"time":1.6666,"angle":-4.63,"curve":[0.25,0,0.75,1]},{"time":3.3333,"angle":0}],"translate":[{"time":0,"x":0,"y":0,"curve":"stepped"},{"time":3.3333,"x":0,"y":0}]},"lv2 d":{"rotate":[{"time":0,"angle":0,"curve":[0.25,0,0.75,1]},{"time":1.6666,"angle":-5.94,"curve":[0.25,0,0.75,1]},{"time":3.3333,"angle":0}],"translate":[{"time":0,"x":0,"y":0,"curve":"stepped"},{"time":3.3333,"x":0,"y":0}]},"bone15":{"rotate":[{"time":0,"angle":0,"curve":[0.25,0,0.75,1]},{"time":1.6666,"angle":-5.47,"curve":[0.25,0,0.75,1]},{"time":3.3333,"angle":0}],"translate":[{"time":0,"x":0,"y":0,"curve":"stepped"},{"time":3.3333,"x":0,"y":0}]},"bone16":{"rotate":[{"time":0,"angle":0,"curve":[0.25,0,0.75,1]},{"time":1.6666,"angle":-19.27,"curve":[0.25,0,0.75,1]},{"time":3.3333,"angle":0}],"translate":[{"time":0,"x":0,"y":0,"curve":"stepped"},{"time":3.3333,"x":0,"y":0}]},"lv2 e":{"rotate":[{"time":0,"angle":0,"curve":[0.25,0,0.75,1]},{"time":1.6666,"angle":-8.61,"curve":[0.25,0,0.75,1]},{"time":3.3333,"angle":0}],"translate":[{"time":0,"x":0,"y":0,"curve":"stepped"},{"time":3.3333,"x":0,"y":0}]},"bone17":{"rotate":[{"time":0,"angle":0,"curve":[0.25,0,0.75,1]},{"time":1.6666,"angle":-8.87,"curve":[0.25,0,0.75,1]},{"time":3.3333,"angle":0}],"translate":[{"time":0,"x":0,"y":0,"curve":"stepped"},{"time":3.3333,"x":0,"y":0}]},"lv2 f":{"rotate":[{"time":0,"angle":0,"curve":[0.25,0,0.75,1]},{"time":1.6666,"angle":-8.07,"curve":[0.25,0,0.75,1]},{"time":3.3333,"angle":0}],"translate":[{"time":0,"x":0,"y":0,"curve":"stepped"},{"time":3.3333,"x":0,"y":0}]},"bone18":{"rotate":[{"time":0,"angle":0,"curve":[0.25,0,0.75,1]},{"time":1.6666,"angle":-12.75,"curve":[0.25,0,0.75,1]},{"time":3.3333,"angle":0}],"translate":[{"time":0,"x":0,"y":0,"curve":"stepped"},{"time":3.3333,"x":0,"y":0}]},"bone19":{"rotate":[{"time":0,"angle":0,"curve":[0.25,0,0.75,1]},{"time":1.6666,"angle":-13.16,"curve":[0.25,0,0.75,1]},{"time":3.3333,"angle":0}],"translate":[{"time":0,"x":0,"y":0,"curve":"stepped"},{"time":3.3333,"x":0,"y":0}]},"lv3 a":{"rotate":[{"time":0,"angle":0,"curve":[0.25,0,0.75,1]},{"time":1.6666,"angle":11.89,"curve":[0.25,0,0.75,1]},{"time":3.3333,"angle":0}],"translate":[{"time":0,"x":0,"y":0,"curve":"stepped"},{"time":3.3333,"x":0,"y":0}]},"bone20":{"rotate":[{"time":0,"angle":0,"curve":[0.25,0,0.75,1]},{"time":1.6666,"angle":9.54,"curve":[0.25,0,0.75,1]},{"time":3.3333,"angle":0}],"translate":[{"time":0,"x":0,"y":0,"curve":"stepped"},{"time":3.3333,"x":0,"y":0}]},"bone21":{"rotate":[{"time":0,"angle":0,"curve":[0.25,0,0.75,1]},{"time":1.6666,"angle":10.76,"curve":[0.25,0,0.75,1]},{"time":3.3333,"angle":0}],"translate":[{"time":0,"x":0,"y":0,"curve":"stepped"},{"time":3.3333,"x":0,"y":0}]},"lv3 b":{"rotate":[{"time":0,"angle":0,"curve":[0.25,0,0.75,1]},{"time":1.6666,"angle":4.78,"curve":[0.25,0,0.75,1]},{"time":3.3333,"angle":0}],"translate":[{"time":0,"x":0,"y":0,"curve":"stepped"},{"time":1.6666,"x":0,"y":0,"curve":"stepped"},{"time":3.3333,"x":0,"y":0}]},"bone22":{"rotate":[{"time":0,"angle":0,"curve":[0.25,0,0.75,1]},{"time":1.6666,"angle":4.99,"curve":[0.25,0,0.75,1]},{"time":3.3333,"angle":0}],"translate":[{"time":0,"x":0,"y":0,"curve":"stepped"},{"time":1.6666,"x":0,"y":0,"curve":"stepped"},{"time":3.3333,"x":0,"y":0}]},"bone23":{"rotate":[{"time":0,"angle":0,"curve":[0.25,0,0.75,1]},{"time":1.6666,"angle":7.51,"curve":[0.25,0,0.75,1]},{"time":3.3333,"angle":0}],"translate":[{"time":0,"x":0,"y":0,"curve":"stepped"},{"time":1.6666,"x":0,"y":0,"curve":"stepped"},{"time":3.3333,"x":0,"y":0}]},"lv3 c":{"rotate":[{"time":0,"angle":0,"curve":[0.25,0,0.75,1]},{"time":1.6666,"angle":5.8,"curve":[0.25,0,0.75,1]},{"time":3.3333,"angle":0}],"translate":[{"time":0,"x":0,"y":0,"curve":"stepped"},{"time":1.6666,"x":0,"y":0,"curve":"stepped"},{"time":3.3333,"x":0,"y":0}]},"bone24":{"rotate":[{"time":0,"angle":0,"curve":[0.25,0,0.75,1]},{"time":1.6666,"angle":6.55,"curve":[0.25,0,0.75,1]},{"time":3.3333,"angle":0}],"translate":[{"time":0,"x":0,"y":0,"curve":"stepped"},{"time":1.6666,"x":0,"y":0,"curve":"stepped"},{"time":3.3333,"x":0,"y":0}]},"bone25":{"rotate":[{"time":0,"angle":0,"curve":[0.25,0,0.75,1]},{"time":1.6666,"angle":5.79,"curve":[0.25,0,0.75,1]},{"time":3.3333,"angle":0}],"translate":[{"time":0,"x":0,"y":0,"curve":"stepped"},{"time":1.6666,"x":0,"y":0,"curve":"stepped"},{"time":3.3333,"x":0,"y":0}]},"lv3 d":{"rotate":[{"time":0,"angle":0,"curve":[0.25,0,0.75,1]},{"time":1.6666,"angle":6.49,"curve":[0.25,0,0.75,1]},{"time":3.3333,"angle":0}],"translate":[{"time":0,"x":0,"y":0,"curve":"stepped"},{"time":1.6666,"x":0,"y":0,"curve":"stepped"},{"time":3.3333,"x":0,"y":0}]},"bone26":{"rotate":[{"time":0,"angle":0,"curve":[0.25,0,0.75,1]},{"time":1.6666,"angle":6.36,"curve":[0.25,0,0.75,1]},{"time":3.3333,"angle":0}],"translate":[{"time":0,"x":0,"y":0,"curve":"stepped"},{"time":1.6666,"x":0,"y":0,"curve":"stepped"},{"time":3.3333,"x":0,"y":0}]},"bone27":{"rotate":[{"time":0,"angle":0,"curve":[0.25,0,0.75,1]},{"time":1.6666,"angle":11.56,"curve":[0.25,0,0.75,1]},{"time":3.3333,"angle":0}],"translate":[{"time":0,"x":0,"y":0,"curve":"stepped"},{"time":1.6666,"x":0,"y":0,"curve":"stepped"},{"time":3.3333,"x":0,"y":0}]},"lv3 e":{"rotate":[{"time":0,"angle":0,"curve":[0.25,0,0.75,1]},{"time":1.6666,"angle":5.41,"curve":[0.25,0,0.75,1]},{"time":3.3333,"angle":0}],"translate":[{"time":0,"x":0,"y":0,"curve":"stepped"},{"time":1.6666,"x":0,"y":0,"curve":"stepped"},{"time":3.3333,"x":0,"y":0}]},"bone28":{"rotate":[{"time":0,"angle":0,"curve":[0.25,0,0.75,1]},{"time":1.6666,"angle":6.4,"curve":[0.25,0,0.75,1]},{"time":3.3333,"angle":0}],"translate":[{"time":0,"x":0,"y":0,"curve":"stepped"},{"time":1.6666,"x":0,"y":0,"curve":"stepped"},{"time":3.3333,"x":0,"y":0}]},"bone29":{"rotate":[{"time":0,"angle":0,"curve":[0.25,0,0.75,1]},{"time":1.6666,"angle":10.67,"curve":[0.25,0,0.75,1]},{"time":3.3333,"angle":0}],"translate":[{"time":0,"x":0,"y":0,"curve":"stepped"},{"time":1.6666,"x":0,"y":0,"curve":"stepped"},{"time":3.3333,"x":0,"y":0}]},"lv3 f":{"rotate":[{"time":0,"angle":0,"curve":[0.25,0,0.75,1]},{"time":1.6666,"angle":5.78,"curve":[0.25,0,0.75,1]},{"time":3.3333,"angle":0}],"translate":[{"time":0,"x":0,"y":0,"curve":"stepped"},{"time":1.6666,"x":0,"y":0,"curve":"stepped"},{"time":3.3333,"x":0,"y":0}]},"bone30":{"rotate":[{"time":0,"angle":0,"curve":[0.25,0,0.75,1]},{"time":1.6666,"angle":11.14,"curve":[0.25,0,0.75,1]},{"time":3.3333,"angle":0}],"translate":[{"time":0,"x":0,"y":0,"curve":"stepped"},{"time":1.6666,"x":0,"y":0,"curve":"stepped"},{"time":3.3333,"x":0,"y":0}]},"bone31":{"rotate":[{"time":0,"angle":0,"curve":[0.25,0,0.75,1]},{"time":1.6666,"angle":5.81,"curve":[0.25,0,0.75,1]},{"time":3.3333,"angle":0}],"translate":[{"time":0,"x":0,"y":0,"curve":"stepped"},{"time":1.6666,"x":0,"y":0,"curve":"stepped"},{"time":3.3333,"x":0,"y":0}]},"bone32":{"rotate":[{"time":0,"angle":0,"curve":[0.25,0,0.75,1]},{"time":1.6666,"angle":40.18,"curve":[0.25,0,0.75,1]},{"time":3.3333,"angle":0}],"translate":[{"time":0,"x":0,"y":0,"curve":"stepped"},{"time":1.6666,"x":0,"y":0,"curve":"stepped"},{"time":3.3333,"x":0,"y":0}]},"lv3 g":{"rotate":[{"time":0,"angle":0,"curve":[0.25,0,0.75,1]},{"time":1.6666,"angle":5.24,"curve":[0.25,0,0.75,1]},{"time":3.3333,"angle":0}],"translate":[{"time":0,"x":0,"y":0,"curve":"stepped"},{"time":3.3333,"x":0,"y":0}]},"bone33":{"rotate":[{"time":0,"angle":0,"curve":[0.25,0,0.75,1]},{"time":1.6666,"angle":17.33,"curve":[0.25,0,0.75,1]},{"time":3.3333,"angle":0}],"translate":[{"time":0,"x":0,"y":0,"curve":"stepped"},{"time":3.3333,"x":0,"y":0}]},"bone34":{"rotate":[{"time":0,"angle":0,"curve":[0.25,0,0.75,1]},{"time":1.6666,"angle":10.7,"curve":[0.25,0,0.75,1]},{"time":3.3333,"angle":0}],"translate":[{"time":0,"x":0,"y":0,"curve":"stepped"},{"time":3.3333,"x":0,"y":0}]},"lv3 h":{"rotate":[{"time":0,"angle":0,"curve":[0.25,0,0.75,1]},{"time":1.6666,"angle":4.36,"curve":[0.25,0,0.75,1]},{"time":3.3333,"angle":0}],"translate":[{"time":0,"x":0,"y":0,"curve":"stepped"},{"time":3.3333,"x":0,"y":0}]},"bone35":{"rotate":[{"time":0,"angle":0,"curve":[0.25,0,0.75,1]},{"time":1.6666,"angle":7.46,"curve":[0.25,0,0.75,1]},{"time":3.3333,"angle":0}],"translate":[{"time":0,"x":0,"y":0,"curve":"stepped"},{"time":3.3333,"x":0,"y":0}]},"bone36":{"rotate":[{"time":0,"angle":0,"curve":[0.25,0,0.75,1]},{"time":1.6666,"angle":9.57,"curve":[0.25,0,0.75,1]},{"time":3.3333,"angle":0}],"translate":[{"time":0,"x":0,"y":0,"curve":"stepped"},{"time":3.3333,"x":0,"y":0}]}}}}}