{"skeleton":{"hash":"HlMD5gEhyfGxMuSBfciVfoL8DJU","spine":"3.4.02","width":1110.27,"height":1103.39},"bones":[{"name":"root","x":0.24,"y":0.18},{"name":"bubble big","parent":"root","length":357.07,"rotation":89.99,"x":1.91,"y":74.54},{"name":"bubble big2","parent":"root","length":323.85,"rotation":89.99,"x":73.06,"y":53.83},{"name":"bubble big3","parent":"root","length":320.53,"rotation":90,"x":-40.11,"y":-50.64},{"name":"bubble medium","parent":"root","length":152.48,"rotation":90,"x":119.96,"y":-145.44},{"name":"bubble medium2","parent":"root","length":126.63,"rotation":90,"x":-113.82,"y":147.38},{"name":"bubble medium3","parent":"root","length":130.78,"rotation":90,"x":-175.61,"y":-109.22},{"name":"bubble medium4","parent":"root","length":150.93,"rotation":90,"x":167.78,"y":127.39},{"name":"bubble small1","parent":"root","length":56.02,"rotation":90,"x":61.64,"y":-198.68},{"name":"bubble small2","parent":"root","length":56.02,"rotation":90,"x":-263.64,"y":34.65},{"name":"bubble small3","parent":"root","length":55.21,"rotation":90,"x":292.98,"y":-27.4},{"name":"bubble small4","parent":"root","length":60.08,"rotation":90,"x":81.34,"y":189.79},{"name":"pop big 1","parent":"bubble big2","length":323.85,"rotation":-179.99},{"name":"pop big 2","parent":"bubble big","length":357.07,"rotation":-179.99},{"name":"pop big 3","parent":"bubble big3","length":320.53,"rotation":180},{"name":"pop medium 1","parent":"bubble medium2","length":126.63,"rotation":180},{"name":"pop medium 2","parent":"bubble medium3","length":130.78,"rotation":180},{"name":"pop medium 3","parent":"bubble medium4","length":150.93,"rotation":180},{"name":"pop medium 4","parent":"bubble medium","length":152.48,"rotation":180},{"name":"pop small 1","parent":"bubble small1","length":56.02,"rotation":180},{"name":"pop small 2","parent":"bubble small4","length":60.08,"rotation":180},{"name":"pop small 3","parent":"bubble small2","length":56.02,"rotation":180},{"name":"pop small 4","parent":"bubble small3","length":55.21,"rotation":180}],"slots":[{"name":"bubble big2","bone":"bubble big2","attachment":"bubble big2"},{"name":"bubble big","bone":"bubble big","attachment":"bubble big"},{"name":"bubble big3","bone":"bubble big3","attachment":"bubble big3"},{"name":"bubble medium","bone":"bubble medium","attachment":"bubble medium"},{"name":"bubble medium2","bone":"bubble medium2","attachment":"bubble medium2"},{"name":"bubble medium3","bone":"bubble medium3","attachment":"bubble medium3"},{"name":"bubble medium4","bone":"bubble medium4","attachment":"bubble medium4"},{"name":"bubble small1","bone":"bubble small1","attachment":"bubble small1"},{"name":"bubble small2","bone":"bubble small2","attachment":"bubble small2"},{"name":"bubble small3","bone":"bubble small3","attachment":"bubble small3"},{"name":"bubble small4","bone":"bubble small4","attachment":"bubble small4"},{"name":"bubble big01","bone":"root","attachment":"bubble big01"},{"name":"bubble big02","bone":"root","attachment":"bubble big02"},{"name":"bubble big03","bone":"root","attachment":"bubble big03"},{"name":"bubble medium01","bone":"root","attachment":"bubble medium01"},{"name":"bubble medium02","bone":"root","attachment":"bubble medium02"},{"name":"bubble medium03","bone":"root","attachment":"bubble medium03"},{"name":"bubble medium04","bone":"root","attachment":"bubble medium04"},{"name":"bubble small01","bone":"root","attachment":"bubble small01"},{"name":"bubble small02","bone":"root","attachment":"bubble small02"},{"name":"bubble small03","bone":"root","attachment":"bubble small03"},{"name":"bubble small04","bone":"root","attachment":"bubble small04"}],"path":[{"name":"bubble big01","bones":["bubble big"],"target":"bubble big01"},{"name":"bubble big02","bones":["bubble big2"],"target":"bubble big02"},{"name":"bubble big03","bones":["bubble big3"],"target":"bubble big03"},{"name":"bubble medium01","bones":["bubble medium"],"target":"bubble medium01"},{"name":"bubble medium02","bones":["bubble medium2"],"target":"bubble medium02"},{"name":"bubble medium03","bones":["bubble medium3"],"target":"bubble medium03"},{"name":"bubble medium04","bones":["bubble medium4"],"target":"bubble medium04"},{"name":"bubble small01","bones":["bubble small1"],"target":"bubble small01"},{"name":"bubble small02","bones":["bubble small2"],"target":"bubble small02"},{"name":"bubble small03","bones":["bubble small3"],"target":"bubble small03"},{"name":"bubble small04","bones":["bubble small4"],"target":"bubble small04"}],"skins":{"default":{"bubble big":{"bubble big":{"x":36.9,"y":-27.34,"rotation":-89.99,"width":731,"height":735}},"bubble big01":{"bubble big01":{"type":"path","lengths":[747.22,1114.67,1498.3,2768.58],"vertexCount":12,"vertices":[82.89,11.92,-72.72,58.93,-184.5,99.46,-686.46,187.98,-748.55,347.77,-795.72,464.9,-645.8,591.31,-622.91,682.78,-571.96,854.36,-592.3,967.55,-640.53,1056.04,-724.24,1186.53]}},"bubble big02":{"bubble big02":{"type":"path","lengths":[852.55,1178.87,1543.59,2927.07],"vertexCount":12,"vertices":[-146,-3.17,93.3,47.71,227.9,74.15,870.3,88.71,899.57,257.47,899.03,413.81,852.93,442.16,820.91,572.11,812.92,710.8,838.61,848.74,873.35,930.45,916.6,1029.47]}},"bubble big03":{"bubble big03":{"type":"path","lengths":[746.31,1234.64,2232.37,2783.01],"vertexCount":12,"vertices":[-16.16,101.67,-78.01999,-61.42,-117.13,-171.45,1.91,-715.58,-234.86,-752.17,-401.55,-777.23,-543.41,-698.06,-560.26,-475.94,-582.25,-90.21,-286.82,-25.32,-372.37,489.31,-397.12,654.33]}},"bubble big2":{"bubble big2":{"x":7.4,"y":-19.88,"rotation":-89.99,"width":731,"height":735}},"bubble big3":{"bubble big3":{"x":16.86,"y":-25.38,"rotation":-90,"width":731,"height":735}},"bubble medium":{"bubble medium":{"x":7.83,"y":-6.33,"rotation":-90,"width":311,"height":313}},"bubble medium01":{"bubble medium01":{"type":"path","lengths":[657.64,1173.04,1447.77,1743.96,2217.08],"vertexCount":15,"vertices":[130.25,-79.33,152.83,-159.07,191.03,-298.21,4.25,-700.54,311.72,-722.05,574.45,-740.7,559.24,-467.79,533.82,-349.42,512.42,-230.1,445.55,-162.3,480.95,-85.01,514.82,-1.17999,510.51,100.55,467.12,203.81,412.41,339.31]}},"bubble medium02":{"bubble medium02":{"type":"path","lengths":[634.79,965.14,1425.98,2847.77],"vertexCount":12,"vertices":[40.73,80.36,-63.76,176.48,-164.04,265.72,-411.73,484.43,-412.2,689.67,-370.73,884.42,-321.49,864.77,-294.06,996.61,-250.9,1142.43,-305.6,1317.33,-347.37,1448.12,-396.83,1594.8]}},"bubble medium03":{"bubble medium03":{"type":"path","lengths":[286.51,701.76,1146.88,1592.69,2610.39],"vertexCount":15,"vertices":[-167.91,-130.4,-200.83,-198.46,-226.04,-247.59,-98.02,-415.97,-13.12,-366.2,71.76999,-316.43,145.34,-121.74,146.63,5.23,147.92,132.21,-4.48999,288.14,-5.13,420.6,-5.77,553.07,161.55,686.56,142.64,835.98,129.79,967.62]}},"bubble medium04":{"bubble medium04":{"type":"path","lengths":[329.7,646.24,997.85,1248.82,1580.33,2416.64],"vertexCount":18,"vertices":[-6.66,31.02,8.10999,-50.18,27.66,-170.85,31.17,-302.05,166.12,-301.85,307.68,-304.04,388.26,-189.59,347.67,-103.49,279.81,53.74,287.22,162.11,315.5,238.5,345.98,328.49,384.04,330.92,374.54,478.15,363.03,619.27,267.4,600.44,327.98,796.16,384.32,985.65]}},"bubble medium2":{"bubble medium2":{"x":-0.02,"y":-12.83,"rotation":-90,"width":311,"height":313}},"bubble medium3":{"bubble medium3":{"x":4.5,"y":-12.83,"rotation":-90,"width":311,"height":313}},"bubble medium4":{"bubble medium4":{"x":13.82,"y":-12.55,"rotation":-90,"width":311,"height":313}},"bubble small01":{"bubble small01":{"type":"path","lengths":[164.72,354.51,646.5,974.59,1139.86,1709.65],"vertexCount":18,"vertices":[104.77,-213.23,104.97,-257.71,103.72,-311.35,114.05,-386,152.13,-410.09,211.63,-447.95,276.55,-449.86,328.81,-405.22,387.13,-357.98,402.71,-266.8,398.82,-130.92,394.93,4.96,326.64,33.66999,273.83,168.64,250.26,223.88,259.81,258.04,266.98,331.58,281.15,457.87]}},"bubble small02":{"bubble small02":{"type":"path","lengths":[200.2,544.47,972.1,1295.09,2191.64],"vertexCount":15,"vertices":[-222.54,103.64,-178.91,66.01,-146.47,37.15,-61.17,3.19,10.39,33.63,81.97,64.06,259.94,130.39,254.51,250.34,249.08,370.29,108.1,517.21,77.37999,637.19,46.67,757.17,89.14,854.86,39.41999,955.98,-5.05,1051.63]}},"bubble small03":{"bubble small03":{"type":"path","lengths":[161.54,331.67,540.31,863.41,1215.58,1543.99,2498.17],"vertexCount":21,"vertices":[253.9,-19.16,208.61,-35.28,166.57,-48.98,118.51,-84.76,68.72,-115.4,21.52,-146.17,-30.51,-164.52,-91.28,-167.06,-188.39,-170.98,-235.01,-190.14,-264.88,-99.59,-298.05,-9.56,-180.68,60.21,-122.53,180.27,-62.21,301.8,-57.08,427.14,-76.83,523.5,-96.58,619.87,-198.35,759.16,-166.71,834.93,-141.24,897.79]}},"bubble small04":{"bubble small04":{"type":"path","lengths":[233.7,398.08,694.4,958.47,1177.84,1456.61,2432.04],"vertexCount":21,"vertices":[167.87,37.95,217.93,-12.58,253.86,-49.98,361.67,-108.23,426.2,-111.62,485.16,-114.84,542.43,-91.75,572.47,-50.79,625.08,20.51,572.49,206.14,548.58,235.18,488.98,309.37,445.64,358.3,424.05,464.47,402.46,561.69,421.02,617.14,440.38,680.19,457.58,739.83,526.96,878.54,525.27,944.78,522.25,1015.98]}},"bubble small1":{"bubble small1":{"x":6.28,"y":-5.72,"rotation":-90,"width":129,"height":130}},"bubble small2":{"bubble small2":{"x":3.99,"y":-5.25,"rotation":-90,"width":129,"height":129}},"bubble small3":{"bubble small3":{"x":4.8,"y":-3.28,"rotation":-90,"width":129,"height":129}},"bubble small4":{"bubble small4":{"x":8.4,"y":-2,"rotation":-90,"width":129,"height":129}}}},"animations":{"animation":{"slots":{"bubble big":{"color":[{"time":0,"color":"ffffffc4"},{"time":0.2333,"color":"ffffffff","curve":"stepped"},{"time":0.8,"color":"ffffffff"},{"time":0.8666,"color":"ffffff00"}]},"bubble big2":{"color":[{"time":0,"color":"ffffffcd"},{"time":0.4333,"color":"ffffffff","curve":"stepped"},{"time":0.7,"color":"ffffffff"},{"time":0.7666,"color":"ffffff00"}]},"bubble big3":{"color":[{"time":0,"color":"ffffffd5"},{"time":0.2333,"color":"ffffffff","curve":"stepped"},{"time":0.6,"color":"ffffffff"},{"time":0.7333,"color":"ffffff00"}]},"bubble medium":{"color":[{"time":0,"color":"ffffffaa"},{"time":0.1333,"color":"ffffffff","curve":"stepped"},{"time":0.4666,"color":"ffffffff"},{"time":0.5666,"color":"ffffff00"}]},"bubble medium2":{"color":[{"time":0,"color":"ffffffaa"},{"time":0.5666,"color":"ffffffff"},{"time":0.6333,"color":"ffffff00"}]},"bubble medium3":{"color":[{"time":0,"color":"ffffff00","curve":"stepped"},{"time":0.3333,"color":"ffffff00"},{"time":0.5666,"color":"ffffffff","curve":"stepped"},{"time":1.1,"color":"ffffffff"},{"time":1.2,"color":"ffffff00"}]},"bubble medium4":{"color":[{"time":0,"color":"ffffff00","curve":"stepped"},{"time":0.3666,"color":"ffffff00"},{"time":0.4666,"color":"ffffffb4"},{"time":0.6333,"color":"ffffffff","curve":"stepped"},{"time":1.3,"color":"ffffffff"},{"time":1.3666,"color":"ffffff00"}]},"bubble small1":{"color":[{"time":0,"color":"ffffff00","curve":"stepped"},{"time":0.2333,"color":"ffffff00"},{"time":0.3333,"color":"ffffffff","curve":"stepped"},{"time":1.1,"color":"ffffffff"},{"time":1.1666,"color":"ffffff00"}]},"bubble small2":{"color":[{"time":0,"color":"ffffff00","curve":"stepped"},{"time":0.2333,"color":"ffffff00"},{"time":0.4666,"color":"ffffffff","curve":"stepped"},{"time":0.8333,"color":"ffffffff"},{"time":0.9333,"color":"ffffff00"}]},"bubble small3":{"color":[{"time":0,"color":"ffffff00","curve":"stepped"},{"time":0.1333,"color":"ffffff00"},{"time":0.2,"color":"ffffffb4"},{"time":0.4666,"color":"ffffffff","curve":"stepped"},{"time":0.7666,"color":"ffffffff"},{"time":0.8333,"color":"ffffff00"}]},"bubble small4":{"color":[{"time":0,"color":"ffffff00","curve":"stepped"},{"time":0.5,"color":"ffffff00"},{"time":0.6333,"color":"ffffffff","curve":"stepped"},{"time":1.2,"color":"ffffffff"},{"time":1.2666,"color":"ffffff00"}]}},"bones":{"pop big 2":{"scale":[{"time":0,"x":0,"y":0,"curve":"stepped"},{"time":0.8,"x":0,"y":0},{"time":0.8666,"x":0.887,"y":0.887}]},"bubble big":{"scale":[{"time":0,"x":0.726,"y":0.726},{"time":0.3,"x":1,"y":1},{"time":0.5,"x":0.9,"y":0.9},{"time":0.6666,"x":1,"y":1},{"time":0.7666,"x":1.336,"y":1.336},{"time":0.8666,"x":0,"y":0}]},"pop big 1":{"scale":[{"time":0,"x":0,"y":0,"curve":"stepped"},{"time":0.7,"x":0,"y":0},{"time":0.7666,"x":1,"y":1}]},"bubble big2":{"scale":[{"time":0,"x":0.74,"y":0.74},{"time":0.4,"x":1,"y":1},{"time":0.6,"x":0.8,"y":0.8,"curve":"stepped"},{"time":0.6333,"x":0.8,"y":0.8},{"time":0.7,"x":1.181,"y":1.181},{"time":0.7666,"x":0,"y":0}]},"bubble big3":{"scale":[{"time":0,"x":0.912,"y":0.912},{"time":0.2666,"x":1,"y":1},{"time":0.5,"x":0.755,"y":0.755},{"time":0.6,"x":1,"y":1},{"time":0.6666,"x":1.4,"y":1.4},{"time":0.7333,"x":0,"y":0}]},"pop big 3":{"scale":[{"time":0,"x":0,"y":0,"curve":"stepped"},{"time":0.6333,"x":0,"y":0},{"time":0.7333,"x":0.616,"y":0.616}]},"bubble medium":{"scale":[{"time":0,"x":0.4,"y":0.4},{"time":0.1666,"x":1,"y":1},{"time":0.2666,"x":0.835,"y":0.835},{"time":0.3666,"x":1,"y":1,"curve":"stepped"},{"time":0.4,"x":1,"y":1},{"time":0.4666,"x":1.673,"y":1.673},{"time":0.5666,"x":0,"y":0}]},"pop medium 4":{"scale":[{"time":0,"x":0,"y":0,"curve":"stepped"},{"time":0.4666,"x":0,"y":0},{"time":0.5666,"x":1,"y":1}]},"bubble medium2":{"scale":[{"time":0,"x":0.4,"y":0.4},{"time":0.2,"x":1.544,"y":1.544},{"time":0.4,"x":0.788,"y":0.788},{"time":0.5,"x":1,"y":1},{"time":0.5666,"x":1.488,"y":1.488},{"time":0.6333,"x":0,"y":0}]},"pop medium 1":{"scale":[{"time":0,"x":0,"y":0,"curve":"stepped"},{"time":0.5666,"x":0,"y":0},{"time":0.6333,"x":1,"y":1}]},"bubble medium3":{"scale":[{"time":0.3666,"x":0.5,"y":0.5},{"time":0.5,"x":1,"y":1},{"time":0.8333,"x":0.548,"y":0.548},{"time":1,"x":1,"y":1},{"time":1.1,"x":1.673,"y":1.673},{"time":1.2,"x":0,"y":0}]},"pop medium 2":{"scale":[{"time":0,"x":0,"y":0,"curve":"stepped"},{"time":1.1333,"x":0,"y":0},{"time":1.2333,"x":1,"y":1}]},"bubble medium4":{"scale":[{"time":0.3666,"x":0.6,"y":0.6},{"time":0.6333,"x":1,"y":1},{"time":0.8333,"x":1.326,"y":1.326},{"time":1.0333,"x":0.713,"y":0.713},{"time":1.2,"x":1,"y":1},{"time":1.3,"x":1.318,"y":1.318},{"time":1.3666,"x":0,"y":0}]},"pop medium 3":{"scale":[{"time":0,"x":0,"y":0,"curve":"stepped"},{"time":1.2666,"x":0,"y":0},{"time":1.3333,"x":1,"y":1}]},"bubble small1":{"scale":[{"time":0,"x":0,"y":0},{"time":0.2333,"x":0.4,"y":0.4},{"time":0.4666,"x":1,"y":1},{"time":0.6666,"x":0.66,"y":0.66},{"time":0.8333,"x":1.288,"y":1.288},{"time":1,"x":0.72,"y":0.72},{"time":1.1,"x":2.336,"y":2.336},{"time":1.1666,"x":0,"y":0}]},"pop small 1":{"scale":[{"time":0,"x":0,"y":0,"curve":"stepped"},{"time":0.2333,"x":0,"y":0,"curve":"stepped"},{"time":1.1,"x":0,"y":0},{"time":1.1666,"x":1,"y":1}]},"bubble small2":{"scale":[{"time":0.2333,"x":0.712,"y":0.712},{"time":0.4333,"x":1.86,"y":1.86},{"time":0.7666,"x":1.059,"y":1.059},{"time":0.8333,"x":1.94,"y":1.94},{"time":0.9,"x":0,"y":0}]},"pop small 3":{"scale":[{"time":0,"x":0,"y":0,"curve":"stepped"},{"time":0.8333,"x":0,"y":0},{"time":0.9,"x":1,"y":1}]},"bubble small3":{"scale":[{"time":0.1,"x":0.8,"y":0.8},{"time":0.3,"x":0.603,"y":0.603},{"time":0.5333,"x":1.507,"y":1.507},{"time":0.6333,"x":0.7,"y":0.7},{"time":0.6666,"x":1,"y":1,"curve":"stepped"},{"time":0.7,"x":1,"y":1},{"time":0.7666,"x":1.664,"y":1.664},{"time":0.8333,"x":0,"y":0}]},"pop small 4":{"scale":[{"time":0,"x":0,"y":0,"curve":"stepped"},{"time":0.7333,"x":0,"y":0},{"time":0.8333,"x":1,"y":1}]},"bubble small4":{"scale":[{"time":0.5,"x":0.669,"y":0.669},{"time":0.7,"x":1.426,"y":1.426},{"time":0.9333,"x":0.511,"y":0.511},{"time":1.1,"x":1,"y":1},{"time":1.2,"x":1.53,"y":1.53},{"time":1.2666,"x":0,"y":2.451}]},"pop small 2":{"scale":[{"time":0,"x":0,"y":0,"curve":"stepped"},{"time":0.5,"x":0,"y":0,"curve":"stepped"},{"time":1.1666,"x":0,"y":0},{"time":1.2333,"x":1,"y":1}]}},"paths":{"bubble big01":{"position":[{"time":0,"curve":[0.028,0.13,0.778,1]},{"time":0.3,"position":0.5},{"time":1,"position":1}],"mix":[{"time":0,"rotateMix":0}]},"bubble big02":{"position":[{"time":0,"curve":[0.04,0.13,0.778,1]},{"time":0.3,"position":0.5333},{"time":0.8333,"position":1}],"mix":[{"time":0,"rotateMix":0}]},"bubble big03":{"position":[{"time":0,"curve":[0.182,0.2,0.75,1]},{"time":0.3,"position":0.4299},{"time":0.8666,"position":1}],"mix":[{"time":0,"rotateMix":0}]},"bubble medium01":{"position":[{"time":0,"curve":[0.182,0.2,0.75,1]},{"time":0.2,"position":0.3157},{"time":0.6333,"position":1}],"mix":[{"time":0,"rotateMix":0}]},"bubble medium02":{"position":[{"time":0,"curve":[0.182,0.2,0.75,1]},{"time":0.3,"position":0.409},{"time":0.7333,"position":1}],"mix":[{"time":0,"rotateMix":0}]},"bubble medium03":{"position":[{"time":0.3},{"time":1.5,"position":1}],"mix":[{"time":0.3333,"rotateMix":0}]},"bubble medium04":{"position":[{"time":0.3333},{"time":1.5666,"position":1}],"mix":[{"time":0.3,"rotateMix":0}]},"bubble small01":{"position":[{"time":0.2333},{"time":1.2,"position":1}],"mix":[{"time":0.2333,"rotateMix":0}]},"bubble small02":{"position":[{"time":0.2666},{"time":0.9666,"position":1}],"mix":[{"time":0,"rotateMix":0}]},"bubble small03":{"position":[{"time":0.1333,"curve":[0.182,0.2,0.75,1]},{"time":0.4,"position":0.3333,"curve":[0.25,0,0.829,0.79]},{"time":0.9333,"position":1}],"mix":[{"time":0,"rotateMix":0}]},"bubble small04":{"position":[{"time":0.5},{"time":1.3333,"position":1}],"mix":[{"time":0,"rotateMix":0}]}}}}}