{"skeleton":{"hash":"RfYXbNn67rQ9ozdrpaQlV4hSomo","spine":"3.4.02","width":2022,"height":2003,"images":""},"bones":[{"name":"root"},{"name":"aura","parent":"root","length":1644.36,"rotation":90.1,"x":4.03,"y":193.17},{"name":"glow 1","parent":"root","length":47.21,"rotation":90,"x":-446.78,"y":1336.83},{"name":"glow 2","parent":"root","length":40.91,"rotation":91.68,"x":195.39,"y":1307.52},{"name":"glow 3","parent":"root","length":48.13,"rotation":88.91,"x":-79.04,"y":1427.63},{"name":"glow 4","parent":"root","length":39.37,"rotation":86.63,"x":-4.57,"y":686.47},{"name":"glow 5","parent":"root","length":64.73,"rotation":90,"x":-285.48,"y":478.39},{"name":"glow 6","parent":"root","length":58.96,"rotation":88.87,"x":-523.61,"y":304.99},{"name":"glow 7","parent":"root","length":52.03,"rotation":88.72,"x":-671.58,"y":500.36},{"name":"glow 8","parent":"root","length":55.68,"rotation":85.23,"x":172.29,"y":483.02},{"name":"glow 9","parent":"root","length":39.23,"rotation":90,"x":757.3,"y":724.82},{"name":"glow 10","parent":"root","length":56.09,"rotation":87.7,"x":653.48,"y":236.49},{"name":"glow 11","parent":"root","length":60.16,"rotation":88.85,"x":-449.41,"y":975.5},{"name":"treasure chest","parent":"root","length":1771.74,"rotation":90.09,"x":4.03,"y":7.89}],"slots":[{"name":"tresure chest","bone":"treasure chest","attachment":"tresure chest"},{"name":"aura","bone":"aura","attachment":"aura"},{"name":"glow 11","bone":"glow 11","attachment":"glow 11"},{"name":"glow 10","bone":"glow 10","attachment":"glow 10"},{"name":"glow 9","bone":"glow 9","attachment":"glow 9"},{"name":"glow 8","bone":"glow 8","attachment":"glow 8"},{"name":"glow 7","bone":"glow 7","attachment":"glow 7"},{"name":"glow 6","bone":"glow 6","attachment":"glow 6"},{"name":"glow 5","bone":"glow 5","attachment":"glow 5"},{"name":"glow 4","bone":"glow 4","attachment":"glow 4"},{"name":"glow 3","bone":"glow 3","attachment":"glow 3"},{"name":"glow 2","bone":"glow 2","attachment":"glow 2"},{"name":"glow 1","bone":"glow 1","attachment":"glow 1"}],"skins":{"default":{"aura":{"aura":{"x":728.88,"y":33.75,"rotation":-90.1,"width":2002,"height":2002}},"glow 1":{"glow 1":{"x":-13.33,"y":-3.28,"rotation":-90,"width":301,"height":267}},"glow 10":{"glow 10":{"x":-13.5,"y":-16.87,"rotation":-87.7,"width":272,"height":257}},"glow 11":{"glow 11":{"x":-9.88,"y":-6.11,"rotation":-88.85,"width":301,"height":267}},"glow 2":{"glow 2":{"x":-11.57,"y":-1.26,"rotation":-91.68,"width":186,"height":156}},"glow 3":{"glow 3":{"x":-13.07,"y":-3.29,"rotation":-88.91,"width":276,"height":245}},"glow 4":{"glow 4":{"x":-14.15,"y":-5.91,"rotation":-86.63,"width":301,"height":270}},"glow 5":{"glow 5":{"x":-12.89,"y":-14.48,"rotation":-90,"width":326,"height":267}},"glow 6":{"glow 6":{"x":-16.41,"y":-4.44,"rotation":-88.87,"width":301,"height":257}},"glow 7":{"glow 7":{"x":-26.26,"y":-4.67,"rotation":-88.72,"width":301,"height":290}},"glow 8":{"glow 8":{"x":4.81,"y":-3.81,"rotation":-85.23,"width":301,"height":295}},"glow 9":{"glow 9":{"x":-19.19,"y":-4.62,"rotation":-90,"width":301,"height":281}},"tresure chest":{"tresure chest":{"x":848.19,"y":53.64,"rotation":-90.09,"width":2002,"height":1872}}}},"animations":{"animation":{"slots":{"aura":{"color":[{"time":0,"color":"ffffff00"},{"time":0.7666,"color":"ffffffc7","curve":"stepped"},{"time":0.9,"color":"ffffffc7"},{"time":1.6666,"color":"ffffff00"}]},"glow 1":{"color":[{"time":0,"color":"ffffff00","curve":"stepped"},{"time":0.6666,"color":"ffffff00"},{"time":0.8666,"color":"ffffffff","curve":"stepped"},{"time":0.9666,"color":"ffffffff"},{"time":1.1333,"color":"ffffff00","curve":"stepped"},{"time":1.6666,"color":"ffffff00"}]},"glow 2":{"color":[{"time":0,"color":"ffffff00","curve":"stepped"},{"time":0.1666,"color":"ffffff00"},{"time":0.3333,"color":"ffffffff","curve":"stepped"},{"time":0.4333,"color":"ffffffff"},{"time":0.6,"color":"ffffff00","curve":"stepped"},{"time":1.6666,"color":"ffffff00"}]},"glow 3":{"color":[{"time":0,"color":"ffffff00","curve":"stepped"},{"time":1.2333,"color":"ffffff00"},{"time":1.4,"color":"ffffffff","curve":"stepped"},{"time":1.5,"color":"ffffffff"},{"time":1.6666,"color":"ffffff00"}]},"glow 4":{"color":[{"time":0,"color":"ffffff00","curve":"stepped"},{"time":0.3333,"color":"ffffff00"},{"time":0.5,"color":"ffffffff","curve":"stepped"},{"time":0.6,"color":"ffffffff"},{"time":0.7666,"color":"ffffff00","curve":"stepped"},{"time":1.6666,"color":"ffffff00"}]},"glow 5":{"color":[{"time":0,"color":"ffffff00","curve":"stepped"},{"time":0.8666,"color":"ffffff00"},{"time":1.0333,"color":"ffffffff","curve":"stepped"},{"time":1.1333,"color":"ffffffff"},{"time":1.3,"color":"ffffff00","curve":"stepped"},{"time":1.6666,"color":"ffffff00"}]},"glow 6":{"color":[{"time":0,"color":"ffffff00","curve":"stepped"},{"time":0.1666,"color":"ffffff00"},{"time":0.3333,"color":"ffffffff","curve":"stepped"},{"time":0.4333,"color":"ffffffff"},{"time":0.6,"color":"ffffff00","curve":"stepped"},{"time":1.6666,"color":"ffffff00"}]},"glow 7":{"color":[{"time":0,"color":"ffffff00"},{"time":0.1666,"color":"ffffffff","curve":"stepped"},{"time":0.2666,"color":"ffffffff"},{"time":0.4333,"color":"ffffff00","curve":"stepped"},{"time":1.6666,"color":"ffffff00"}]},"glow 8":{"color":[{"time":0,"color":"ffffff00","curve":"stepped"},{"time":1.0666,"color":"ffffff00"},{"time":1.2333,"color":"ffffffff"},{"time":1.3333,"color":"ffffff00","curve":"stepped"},{"time":1.5,"color":"ffffff00","curve":"stepped"},{"time":1.6666,"color":"ffffff00"}]},"glow 9":{"color":[{"time":0,"color":"ffffff00","curve":"stepped"},{"time":0.7,"color":"ffffff00"},{"time":0.8666,"color":"ffffffff","curve":"stepped"},{"time":0.9666,"color":"ffffffff"},{"time":1.1333,"color":"ffffff00","curve":"stepped"},{"time":1.6666,"color":"ffffff00"}]},"glow 10":{"color":[{"time":0,"color":"ffffff00","curve":"stepped"},{"time":0.5333,"color":"ffffff00"},{"time":0.7,"color":"ffffffff","curve":"stepped"},{"time":0.8,"color":"ffffffff"},{"time":0.9666,"color":"ffffff00","curve":"stepped"},{"time":1.6666,"color":"ffffff00"}]},"glow 11":{"color":[{"time":0,"color":"ffffff00","curve":"stepped"},{"time":1.2333,"color":"ffffff00"},{"time":1.4,"color":"ffffffff","curve":"stepped"},{"time":1.5,"color":"ffffffff"},{"time":1.6666,"color":"ffffff00"}]}},"bones":{"glow 5":{"rotate":[{"time":0,"angle":0,"curve":"stepped"},{"time":0.8666,"angle":0,"curve":"stepped"},{"time":1.0333,"angle":0,"curve":"stepped"},{"time":1.1333,"angle":0,"curve":"stepped"},{"time":1.3,"angle":0,"curve":"stepped"},{"time":1.6666,"angle":0}],"translate":[{"time":0,"x":0,"y":0,"curve":"stepped"},{"time":0.8666,"x":0,"y":0,"curve":"stepped"},{"time":1.0333,"x":0,"y":0,"curve":"stepped"},{"time":1.1333,"x":0,"y":0,"curve":"stepped"},{"time":1.3,"x":0,"y":0,"curve":"stepped"},{"time":1.6666,"x":0,"y":0}],"scale":[{"time":0,"x":0.033,"y":0.033,"curve":"stepped"},{"time":0.8666,"x":0.033,"y":0.033},{"time":1.0333,"x":1.926,"y":1.926},{"time":1.1333,"x":1,"y":1},{"time":1.3,"x":0.033,"y":0.033,"curve":"stepped"},{"time":1.6666,"x":0.033,"y":0.033}]},"glow 7":{"rotate":[{"time":0,"angle":0,"curve":"stepped"},{"time":0.1666,"angle":0,"curve":"stepped"},{"time":0.2666,"angle":0,"curve":"stepped"},{"time":0.4333,"angle":0,"curve":"stepped"},{"time":1.6666,"angle":0}],"translate":[{"time":0,"x":0,"y":0,"curve":"stepped"},{"time":0.1666,"x":0,"y":0,"curve":"stepped"},{"time":0.2666,"x":0,"y":0,"curve":"stepped"},{"time":0.4333,"x":0,"y":0,"curve":"stepped"},{"time":1.6666,"x":0,"y":0}],"scale":[{"time":0,"x":0.008,"y":0.008},{"time":0.1666,"x":2.532,"y":2.532,"curve":"stepped"},{"time":0.2666,"x":2.532,"y":2.532},{"time":0.4333,"x":0.008,"y":0.008,"curve":"stepped"},{"time":1.6666,"x":0.008,"y":0.008}]},"glow 6":{"rotate":[{"time":0,"angle":0,"curve":"stepped"},{"time":0.1666,"angle":0,"curve":"stepped"},{"time":0.3333,"angle":0,"curve":"stepped"},{"time":0.4333,"angle":0,"curve":"stepped"},{"time":0.6,"angle":0,"curve":"stepped"},{"time":1.6666,"angle":0}],"translate":[{"time":0,"x":0,"y":0,"curve":"stepped"},{"time":0.1666,"x":0,"y":0,"curve":"stepped"},{"time":0.3333,"x":0,"y":0,"curve":"stepped"},{"time":0.4333,"x":0,"y":0,"curve":"stepped"},{"time":0.6,"x":0,"y":0,"curve":"stepped"},{"time":1.6666,"x":0,"y":0}],"scale":[{"time":0,"x":0.01,"y":0.01,"curve":"stepped"},{"time":0.1666,"x":0.01,"y":0.01},{"time":0.3333,"x":2.288,"y":2.288,"curve":"stepped"},{"time":0.4333,"x":2.288,"y":2.288},{"time":0.6,"x":0.01,"y":0.01,"curve":"stepped"},{"time":1.6666,"x":0.01,"y":0.01}]},"glow 8":{"rotate":[{"time":0,"angle":0,"curve":"stepped"},{"time":1.0666,"angle":0,"curve":"stepped"},{"time":1.2333,"angle":0,"curve":"stepped"},{"time":1.3333,"angle":0,"curve":"stepped"},{"time":1.5,"angle":0,"curve":"stepped"},{"time":1.6666,"angle":0}],"translate":[{"time":0,"x":0,"y":0,"curve":"stepped"},{"time":1.0666,"x":0,"y":0,"curve":"stepped"},{"time":1.2333,"x":0,"y":0,"curve":"stepped"},{"time":1.3333,"x":0,"y":0,"curve":"stepped"},{"time":1.5,"x":0,"y":0,"curve":"stepped"},{"time":1.6666,"x":0,"y":0}],"scale":[{"time":0,"x":0.016,"y":0.016,"curve":"stepped"},{"time":1.0666,"x":0.016,"y":0.016},{"time":1.2333,"x":2.255,"y":2.255,"curve":"stepped"},{"time":1.3333,"x":2.255,"y":2.255},{"time":1.5,"x":0.016,"y":0.016,"curve":"stepped"},{"time":1.6666,"x":0.016,"y":0.016}]},"glow 10":{"rotate":[{"time":0,"angle":0,"curve":"stepped"},{"time":0.5333,"angle":0,"curve":"stepped"},{"time":0.7,"angle":0,"curve":"stepped"},{"time":0.8,"angle":0,"curve":"stepped"},{"time":0.9666,"angle":0,"curve":"stepped"},{"time":1.6666,"angle":0}],"translate":[{"time":0,"x":0,"y":0,"curve":"stepped"},{"time":0.5333,"x":0,"y":0,"curve":"stepped"},{"time":0.7,"x":0,"y":0,"curve":"stepped"},{"time":0.8,"x":0,"y":0,"curve":"stepped"},{"time":0.9666,"x":0,"y":0,"curve":"stepped"},{"time":1.6666,"x":0,"y":0}],"scale":[{"time":0,"x":0.034,"y":0.034,"curve":"stepped"},{"time":0.5333,"x":0.034,"y":0.034},{"time":0.7,"x":2.25,"y":2.25,"curve":"stepped"},{"time":0.8,"x":2.25,"y":2.25},{"time":0.9666,"x":0.034,"y":0.034,"curve":"stepped"},{"time":1.6666,"x":0.034,"y":0.034}]},"glow 4":{"rotate":[{"time":0,"angle":0,"curve":"stepped"},{"time":0.3333,"angle":0,"curve":"stepped"},{"time":0.5,"angle":0,"curve":"stepped"},{"time":0.6,"angle":0,"curve":"stepped"},{"time":0.7666,"angle":0,"curve":"stepped"},{"time":1.6666,"angle":0}],"translate":[{"time":0,"x":0,"y":0,"curve":"stepped"},{"time":0.3333,"x":0,"y":0,"curve":"stepped"},{"time":0.5,"x":0,"y":0,"curve":"stepped"},{"time":0.6,"x":0,"y":0,"curve":"stepped"},{"time":0.7666,"x":0,"y":0,"curve":"stepped"},{"time":1.6666,"x":0,"y":0}],"scale":[{"time":0,"x":0.138,"y":0.138,"curve":"stepped"},{"time":0.3333,"x":0.138,"y":0.138},{"time":0.5,"x":2.138,"y":2.138,"curve":"stepped"},{"time":0.6,"x":2.138,"y":2.138},{"time":0.7666,"x":0.138,"y":0.138,"curve":"stepped"},{"time":1.6666,"x":0.138,"y":0.138}]},"glow 9":{"rotate":[{"time":0,"angle":0,"curve":"stepped"},{"time":0.7,"angle":0,"curve":"stepped"},{"time":0.8666,"angle":0,"curve":"stepped"},{"time":0.9666,"angle":0,"curve":"stepped"},{"time":1.1333,"angle":0,"curve":"stepped"},{"time":1.6666,"angle":0}],"translate":[{"time":0,"x":0,"y":0,"curve":"stepped"},{"time":0.7,"x":0,"y":0,"curve":"stepped"},{"time":0.8666,"x":0,"y":0,"curve":"stepped"},{"time":0.9666,"x":0,"y":0,"curve":"stepped"},{"time":1.1333,"x":0,"y":0,"curve":"stepped"},{"time":1.6666,"x":0,"y":0}],"scale":[{"time":0,"x":0.008,"y":0.008,"curve":"stepped"},{"time":0.7,"x":0.008,"y":0.008},{"time":0.8666,"x":2.109,"y":2.109,"curve":"stepped"},{"time":0.9666,"x":2.109,"y":2.109},{"time":1.1333,"x":0.008,"y":0.008,"curve":"stepped"},{"time":1.6666,"x":0.008,"y":0.008}]},"glow 2":{"rotate":[{"time":0,"angle":0,"curve":"stepped"},{"time":0.1666,"angle":0,"curve":"stepped"},{"time":0.3333,"angle":0,"curve":"stepped"},{"time":0.4333,"angle":0,"curve":"stepped"},{"time":0.6,"angle":0,"curve":"stepped"},{"time":1.6666,"angle":0}],"translate":[{"time":0,"x":0,"y":0,"curve":"stepped"},{"time":0.1666,"x":0,"y":0,"curve":"stepped"},{"time":0.3333,"x":0,"y":0,"curve":"stepped"},{"time":0.4333,"x":0,"y":0,"curve":"stepped"},{"time":0.6,"x":0,"y":0,"curve":"stepped"},{"time":1.6666,"x":0,"y":0}],"scale":[{"time":0,"x":0.111,"y":0.111,"curve":"stepped"},{"time":0.1666,"x":0.111,"y":0.111},{"time":0.3333,"x":4.599,"y":4.599,"curve":"stepped"},{"time":0.4333,"x":4.599,"y":4.599},{"time":0.6,"x":0.111,"y":0.111,"curve":"stepped"},{"time":1.6666,"x":0.111,"y":0.111}]},"glow 1":{"rotate":[{"time":0,"angle":0,"curve":"stepped"},{"time":0.6666,"angle":0,"curve":"stepped"},{"time":0.8666,"angle":0,"curve":"stepped"},{"time":0.9666,"angle":0,"curve":"stepped"},{"time":1.1333,"angle":0,"curve":"stepped"},{"time":1.6666,"angle":0}],"translate":[{"time":0,"x":0,"y":0,"curve":"stepped"},{"time":0.6666,"x":0,"y":0,"curve":"stepped"},{"time":0.8666,"x":0,"y":0,"curve":"stepped"},{"time":0.9666,"x":0,"y":0,"curve":"stepped"},{"time":1.1333,"x":0,"y":0,"curve":"stepped"},{"time":1.6666,"x":0,"y":0}],"scale":[{"time":0,"x":0.039,"y":0.039,"curve":"stepped"},{"time":0.6666,"x":0.039,"y":0.039},{"time":0.8666,"x":1,"y":1,"curve":"stepped"},{"time":0.9666,"x":1,"y":1},{"time":1.1333,"x":0.039,"y":0.039,"curve":"stepped"},{"time":1.6666,"x":0.039,"y":0.039}]},"glow 3":{"rotate":[{"time":0,"angle":0,"curve":"stepped"},{"time":1.2333,"angle":0,"curve":"stepped"},{"time":1.4,"angle":0,"curve":"stepped"},{"time":1.5,"angle":0,"curve":"stepped"},{"time":1.6666,"angle":0}],"translate":[{"time":0,"x":0,"y":0,"curve":"stepped"},{"time":1.2333,"x":0,"y":0,"curve":"stepped"},{"time":1.4,"x":0,"y":0,"curve":"stepped"},{"time":1.5,"x":0,"y":0,"curve":"stepped"},{"time":1.6666,"x":0,"y":0}],"scale":[{"time":0,"x":1.429,"y":1.429,"curve":"stepped"},{"time":1.2333,"x":1.429,"y":1.429},{"time":1.4,"x":3.381,"y":3.381,"curve":"stepped"},{"time":1.5,"x":3.381,"y":3.381},{"time":1.6666,"x":1.429,"y":1.429}]},"glow 11":{"rotate":[{"time":0,"angle":0,"curve":"stepped"},{"time":1.2333,"angle":0,"curve":"stepped"},{"time":1.4,"angle":0,"curve":"stepped"},{"time":1.5,"angle":0,"curve":"stepped"},{"time":1.6666,"angle":0}],"translate":[{"time":0,"x":0,"y":0,"curve":"stepped"},{"time":1.2333,"x":0,"y":0,"curve":"stepped"},{"time":1.4,"x":0,"y":0,"curve":"stepped"},{"time":1.5,"x":0,"y":0,"curve":"stepped"},{"time":1.6666,"x":0,"y":0}],"scale":[{"time":0,"x":-0.01,"y":-0.01,"curve":"stepped"},{"time":1.2333,"x":-0.01,"y":-0.01},{"time":1.4,"x":2.322,"y":2.322,"curve":"stepped"},{"time":1.5,"x":2.322,"y":2.322},{"time":1.6666,"x":-0.01,"y":-0.01}]},"aura":{"rotate":[{"time":0,"angle":0,"curve":"stepped"},{"time":0.7666,"angle":0,"curve":"stepped"},{"time":0.9,"angle":0,"curve":"stepped"},{"time":1.6666,"angle":0}],"translate":[{"time":0,"x":0,"y":0,"curve":"stepped"},{"time":0.7666,"x":0,"y":0,"curve":"stepped"},{"time":0.9,"x":0,"y":0,"curve":"stepped"},{"time":1.6666,"x":0,"y":0}],"scale":[{"time":0,"x":0.784,"y":0.784},{"time":0.7666,"x":1,"y":1,"curve":"stepped"},{"time":0.9,"x":1,"y":1},{"time":1.6666,"x":0.784,"y":0.784}]}}}}}