{"skeleton":{"hash":"hsW+BaSH8GcktIrPS0mskgnnkms","spine":"3.5.32","width":913,"height":1269},"bones":[{"name":"root"},{"name":"get stamp","parent":"root","length":53.99,"rotation":90,"x":-0.1,"y":1.46}],"slots":[{"name":"get stamp","bone":"get stamp","attachment":"get stamp"}],"skins":{"default":{"get stamp":{"get stamp":{"x":2.03,"y":-6.6,"rotation":-90,"width":181,"height":112}}}},"animations":{"animation":{"slots":{"get stamp":{"color":[{"time":0,"color":"ffffff4e","curve":"stepped"},{"time":0.4333,"color":"ffffff4e"},{"time":1,"color":"ffffffff"}]}},"bones":{"get stamp":{"scale":[{"time":0,"x":5,"y":5,"curve":[0.381,0.06,0.984,0.15]},{"time":1,"x":1,"y":1}]}}}}}