{"skeleton":{"hash":"akV5u8KzLc/RAl9XiepZgvwEK6Y","spine":"3.5.43","width":1060.69,"height":1146.11},"bones":[{"name":"root"},{"name":"Rudolfish_Effect03","parent":"root","length":96.27,"rotation":108.05,"x":-9.17,"y":-122.07},{"name":"silver_star_big_1","parent":"root","length":77.48,"rotation":74.27,"x":23.71,"y":382.75},{"name":"silver_star_big_2","parent":"root","length":162.01,"rotation":90,"x":298.42,"y":389.8},{"name":"silver_star_small_1","parent":"root","length":136.18,"rotation":74.59,"x":159.89,"y":82.21},{"name":"silver_star_small_2","parent":"root","length":115.05,"rotation":70.33,"x":-201.7,"y":79.86},{"name":"silver_star_small_3","parent":"root","length":108.01,"rotation":74.78,"x":-180.57,"y":476.67}],"slots":[{"name":"silver_star_big_1","bone":"silver_star_big_1","color":"ffffff00","attachment":"silver_star_big_1"},{"name":"silver_star_big_2","bone":"silver_star_big_2","color":"ffffff00","attachment":"silver_star_big_2"},{"name":"silver_star_small_1","bone":"silver_star_small_1","color":"ffffff00","attachment":"silver_star_small_1"},{"name":"silver_star_small_2","bone":"silver_star_small_2","color":"ffffff00","attachment":"silver_star_small_2"},{"name":"silver_star_small_3","bone":"silver_star_small_3","color":"ffffff00","attachment":"silver_star_small_3"},{"name":"Rudolfish_Effect03","bone":"Rudolfish_Effect03","color":"ffffff00","attachment":"Rudolfish_Effect03"},{"name":"present 1","bone":"root","attachment":"present 1"},{"name":"present 2","bone":"root","attachment":"present 2"},{"name":"present 3","bone":"root","attachment":"present 3"},{"name":"present 4","bone":"root","attachment":"present 4"},{"name":"present 5","bone":"root","attachment":"present 5"},{"name":"present 6","bone":"root","attachment":"present 6"}],"path":[{"name":"present 1","order":0,"bones":["Rudolfish_Effect03"],"target":"present 1","rotateMix":0},{"name":"present 2","order":1,"bones":["silver_star_big_1"],"target":"present 2","rotateMix":0},{"name":"present 3","order":2,"bones":["silver_star_big_2"],"target":"present 3","rotateMix":0},{"name":"present 4","order":3,"bones":["silver_star_small_1"],"target":"present 4","rotateMix":0},{"name":"present 5","order":4,"bones":["silver_star_small_2"],"target":"present 5","rotateMix":0},{"name":"present 6","order":5,"bones":["silver_star_small_3"],"target":"present 6","rotateMix":0}],"skins":{"default":{"Rudolfish_Effect03":{"Rudolfish_Effect03":{"x":-1.94,"y":-2.39,"scaleX":0.15,"scaleY":0.15,"rotation":-90,"width":989,"height":950}},"present 1":{"present 1":{"type":"path","lengths":[1006.12,2093.32,3834.29],"vertexCount":9,"vertices":[122.72,152.84,192.67,367.96,256.11,550.56,547.79,950.44,945.06,965.8,1305.49,979.88,1662.48,615.64,1803.2,367.96,1967.74,69.73]}},"present 2":{"present 2":{"type":"path","lengths":[863.21,1627.95,3202.62],"vertexCount":9,"vertices":[242.57,168.72,34.05,315.08,-135.14,437.91,-526.77,645.03,-763.08,607.91,-999.39,570.78,-1190.93,296.78,-1312.12,103.6,-1428.08,-87.64]}},"present 3":{"present 3":{"type":"path","lengths":[553.89,1139.13,1982.16],"vertexCount":9,"vertices":[211,79.46,286.21,217.48,359.41,344.37,598.54,522.04,749.84,461.5,944.95,380.98,995.08,124.34,1022.33,-30.61,1047.96,-197.41]}},"present 4":{"present 4":{"type":"path","lengths":[801.26,1612.48,3185.93],"vertexCount":9,"vertices":[254.59,-213.67,78.79,-79.41,-91.62,54.8,-390.89,306.15,-612.6,302.88,-834.31,299.61,-1077.87,106.45,-1299.92,-99.75,-1464.16,-249.51]}},"present 5":{"present 5":{"type":"path","lengths":[937.01,1617.81,3063.81],"vertexCount":9,"vertices":[-274.9,-81.32,-132.7,83.27,0.65,226.42,350.97,428.37,734.41,256.48,921.3,173.83,1095.91,-60.44,1140.87,-265.61,1178,-457.09]}},"present 6":{"present 6":{"type":"path","lengths":[775.53,1564.68,2825.45],"vertexCount":9,"vertices":[-110.23,408.63,-222.17,563.17,-381.59,792.96,-590.94,1018.75,-832.22,982.07,-1132.76,932.16,-1214.52,620.11,-1340.59,416.76,-1462.1,207.26]}},"silver_star_big_1":{"silver_star_big_1":{"x":-1.81,"y":-4.34,"scaleX":0.1,"scaleY":0.1,"rotation":-90,"width":989,"height":963}},"silver_star_big_2":{"silver_star_big_2":{"x":30.32,"y":-21.28,"scaleX":0.4,"scaleY":0.4,"rotation":-65.8,"width":989,"height":950}},"silver_star_small_1":{"silver_star_small_1":{"x":2.73,"y":-11.81,"scaleX":0.55,"scaleY":0.55,"rotation":-90,"width":989,"height":963}},"silver_star_small_2":{"silver_star_small_2":{"x":5.08,"y":-12.1,"scaleX":0.6,"scaleY":0.6,"rotation":-90,"width":989,"height":950}},"silver_star_small_3":{"silver_star_small_3":{"x":0.04,"y":-4.03,"scaleX":0.3,"scaleY":0.3,"rotation":-90,"width":989,"height":950}}}},"animations":{"animation":{"slots":{"Rudolfish_Effect03":{"color":[{"time":0,"color":"ffffff00"},{"time":0.1667,"color":"ffffffff","curve":"stepped"},{"time":0.7,"color":"ffffffff"},{"time":0.8333,"color":"ffffff00"}]},"silver_star_big_1":{"color":[{"time":0.1333,"color":"ffffff00"},{"time":0.3,"color":"ffffffff","curve":"stepped"},{"time":0.8333,"color":"ffffffff"},{"time":1,"color":"ffffff00"}]},"silver_star_big_2":{"color":[{"time":0.6333,"color":"ffffff00"},{"time":0.7667,"color":"ffffffff","curve":"stepped"},{"time":1.2333,"color":"ffffffff"},{"time":1.3667,"color":"ffffff00"}]},"silver_star_small_1":{"color":[{"time":0.4667,"color":"ffffff00"},{"time":0.6333,"color":"ffffffff","curve":"stepped"},{"time":1.0667,"color":"ffffffff"},{"time":1.1667,"color":"ffffff00"}]},"silver_star_small_2":{"color":[{"time":0.9,"color":"ffffff00"},{"time":1.0667,"color":"ffffffff","curve":"stepped"},{"time":1.5333,"color":"ffffffff"},{"time":1.6667,"color":"ffffff00"}]},"silver_star_small_3":{"color":[{"time":0.4,"color":"ffffff00"},{"time":0.5333,"color":"ffffffff","curve":"stepped"},{"time":1,"color":"ffffffff"},{"time":1.0667,"color":"ffffff00"}]}},"bones":{"Rudolfish_Effect03":{"rotate":[{"time":0,"angle":0},{"time":0.8333,"angle":-43.61}],"scale":[{"time":0,"x":1.6,"y":1.6},{"time":0.4,"x":1.9,"y":1.9},{"time":0.8333,"x":1.6,"y":1.6}]},"silver_star_big_1":{"rotate":[{"time":0.1333,"angle":-15.16},{"time":1,"angle":47.91}],"scale":[{"time":0.1333,"x":2.5,"y":1.8},{"time":0.5667,"x":4.5,"y":4.5},{"time":1,"x":1.8,"y":1.8}]},"silver_star_big_2":{"rotate":[{"time":0.6333,"angle":30.66},{"time":1.3667,"angle":-64.53}],"scale":[{"time":0.6333,"x":1.2,"y":1.2},{"time":1,"x":1.5,"y":1.5},{"time":1.3667,"x":1.2,"y":1.2}]},"silver_star_small_1":{"rotate":[{"time":0.4667,"angle":-15.54},{"time":1.1667,"angle":44.25}],"scale":[{"time":0.4667,"x":0.9,"y":0.9},{"time":0.8333,"x":1.3,"y":1.3},{"time":1.1667,"x":0.9,"y":0.9}]},"silver_star_small_2":{"rotate":[{"time":0.9,"angle":43.01},{"time":1.6667,"angle":-12.63}],"scale":[{"time":0.9,"x":0.8,"y":0.8},{"time":1.3,"x":1.1,"y":1.1},{"time":1.6667,"x":0.8,"y":0.8}]},"silver_star_small_3":{"rotate":[{"time":0.4,"angle":0},{"time":1.0667,"angle":74.41}],"scale":[{"time":0.4,"x":1.3,"y":1.3},{"time":0.7333,"x":1.7,"y":1.7},{"time":1.0667,"x":1.3,"y":1.3}]}},"paths":{"present 1":{"position":[{"time":0},{"time":0.8333,"position":1}]},"present 2":{"position":[{"time":0.1333},{"time":1,"position":1}]},"present 3":{"position":[{"time":0.6333},{"time":1.3667,"position":1}]},"present 4":{"position":[{"time":0.4667},{"time":1.1667,"position":1}]},"present 5":{"position":[{"time":0.9},{"time":1.6667,"position":1}]},"present 6":{"position":[{"time":0.4},{"time":1.0667,"position":1}]}}}}}