{"skeleton":{"hash":"A/H4fGvEho8MFabeN6fts6cRDFE","spine":"3.5.29","width":382,"height":430},"bones":[{"name":"root"},{"name":"warning_1","parent":"root","length":50,"rotation":90,"x":-0.11,"y":0.95},{"name":"warning_2","parent":"root","length":289.68,"rotation":90,"x":0.27,"y":116.37},{"name":"warning_3","parent":"root","length":33.26,"rotation":90,"x":0.17,"y":70.1}],"slots":[{"name":"warning_1","bone":"warning_1","attachment":"warning_1"},{"name":"warning_2","bone":"warning_2","attachment":"warning_2"},{"name":"warning_3","bone":"warning_3","attachment":"warning_3"}],"skins":{"default":{"warning_1":{"warning_1":{"x":149.55,"y":-4.11,"rotation":-90,"width":382,"height":347}},"warning_2":{"warning_2":{"x":138.13,"y":-0.73,"rotation":-90,"width":118,"height":305}},"warning_3":{"warning_3":{"x":-4.6,"y":0.17,"rotation":-90,"width":78,"height":79}}}},"animations":{"animation":{"bones":{"warning_1":{"scale":[{"time":0,"x":0,"y":0,"curve":[0.272,0,0.619,0.41]},{"time":0.1667,"x":1.2,"y":1.2,"curve":[0.317,0.28,0.662,0.65]},{"time":0.3333,"x":0.8,"y":0.8,"curve":[0.379,0.53,0.746,1]},{"time":0.6,"x":1,"y":1,"curve":"stepped"},{"time":1.0667,"x":1,"y":1,"curve":[0.276,0,0.621,0.4]},{"time":1.1667,"x":1.4,"y":1.4,"curve":[0.333,0.33,0.758,1]},{"time":1.3333,"x":0,"y":0}]},"warning_2":{"translate":[{"time":0,"x":0,"y":107.01,"curve":[0.25,0,0.75,1]},{"time":0.1667,"x":0,"y":0,"curve":"stepped"},{"time":0.9333,"x":0,"y":0,"curve":[0.25,0,0.75,1]},{"time":1.3333,"x":0,"y":107.01}],"scale":[{"time":0,"x":1.2,"y":1,"curve":"stepped"},{"time":0.1,"x":1.2,"y":1,"curve":[0.25,0,0.75,1]},{"time":0.2333,"x":0.2,"y":1,"curve":[0.25,0,0.75,1]},{"time":0.3667,"x":1.2,"y":1,"curve":[0.25,0,0.75,1]},{"time":0.5,"x":1,"y":1,"curve":"stepped"},{"time":0.8667,"x":1,"y":1,"curve":[0.25,0,0.75,1]},{"time":0.9667,"x":0.6,"y":1,"curve":[0.265,0,0.618,0.43]},{"time":1.1,"x":1.2,"y":1,"curve":"stepped"},{"time":1.3333,"x":1.2,"y":1}]},"warning_3":{"scale":[{"time":0,"x":0,"y":0,"curve":"stepped"},{"time":0.1667,"x":0,"y":0,"curve":[0.25,0,0.75,1]},{"time":0.2667,"x":1.2,"y":1.2,"curve":[0.25,0,0.75,1]},{"time":0.3667,"x":0.8,"y":0.8,"curve":[0.25,0,0.75,1]},{"time":0.4667,"x":1,"y":1,"curve":"stepped"},{"time":1.0667,"x":1,"y":1,"curve":[0.25,0,0.75,1]},{"time":1.1333,"x":0.8,"y":0.8,"curve":[0.25,0,0.75,1]},{"time":1.2,"x":1.2,"y":1.2,"curve":[0.25,0,0.75,1]},{"time":1.2667,"x":0,"y":0,"curve":"stepped"},{"time":1.3333,"x":0,"y":0}]}}}}}