{"skeleton":{"hash":"D1mJmecQxgCmRna3nPeUDTkydHY","spine":"3.5.32","width":876,"height":798},"bones":[{"name":"root"},{"name":"Buff_gold","parent":"root","length":488.79,"rotation":90,"x":-146.34,"y":4.84,"scaleX":3,"scaleY":3},{"name":"star big 1","parent":"root","length":82.5,"rotation":90,"x":-312.41,"y":1745.32},{"name":"star big 2","parent":"root","length":88.94,"rotation":90,"x":200.61,"y":1839.41},{"name":"star small 1","parent":"root","length":70.9,"rotation":90,"x":-91.99,"y":1999.25},{"name":"star small 2","parent":"root","length":61.87,"rotation":90,"x":76.87,"y":1656.38},{"name":"star small 3","parent":"root","length":70.9,"rotation":90,"x":-88.12,"y":1768.52}],"slots":[{"name":"star big 1","bone":"star big 1","attachment":"star big 1"},{"name":"star big 2","bone":"star big 2","attachment":"star big 2"},{"name":"star small 1","bone":"star small 1","attachment":"star small 1"},{"name":"star small 2","bone":"star small 2","attachment":"star small 2"},{"name":"star small 3","bone":"star small 3","attachment":"star small 3"},{"name":"star1","bone":"root","attachment":"star1"},{"name":"star_s1","bone":"root","attachment":"star_s1"},{"name":"star2","bone":"root","attachment":"star2"},{"name":"star_s2","bone":"root","attachment":"star_s2"},{"name":"star_s3","bone":"root","attachment":"star_s3"},{"name":"Buff_gold","bone":"Buff_gold","attachment":"Buff_gold"}],"path":[{"name":"star1","order":0,"bones":["star big 1"],"target":"star1","rotateMix":0},{"name":"star2","order":2,"bones":["star big 2"],"target":"star2","rotateMix":0},{"name":"star_s1","order":1,"bones":["star small 1"],"target":"star_s1","rotateMix":0},{"name":"star_s2","order":3,"bones":["star small 2"],"target":"star_s2","rotateMix":0},{"name":"star_s3","order":4,"bones":["star small 3"],"target":"star_s3","rotateMix":0}],"skins":{"default":{"Buff_gold":{"Buff_gold":{"x":69.81,"y":-43.16,"rotation":-90,"width":292,"height":266}},"star big 1":{"star big 1":{"x":0.24,"y":1.71,"rotation":-90,"width":259,"height":259}},"star big 2":{"star big 2":{"x":-0.66,"y":-0.95,"rotation":-90,"width":259,"height":259}},"star small 1":{"star small 1":{"x":1.04,"y":-1.54,"rotation":-90,"width":172,"height":172}},"star small 2":{"star small 2":{"x":2.2,"y":-0.43,"rotation":-90,"width":172,"height":172}},"star small 3":{"star small 3":{"x":1.89,"y":-3.89,"rotation":-90,"width":172,"height":172}},"star1":{"star1":{"type":"path","lengths":[965.91,2066.36,3484.61],"vertexCount":9,"vertices":[-27.45,69.08,-102.82,197.2,-197.25,342.75,-493.49,833.97,-791.26,833.93,-1139.64,833.89,-1384.85,122.85,-1440.38,-1.58,-1474.26,-85.02]}},"star2":{"star2":{"type":"path","lengths":[1104.7,2046.22,3786.29],"vertexCount":9,"vertices":[-40.31,-68.15,65.46,163.45,171.09,382.18,350.43,941.19,719.93,1007.38,1043.4,1063.57,1363.5,763.96,1535.15,599.76,1716.02,401.4]}},"star_s1":{"star_s1":{"type":"path","lengths":[851.55,1624.44,2825.44],"vertexCount":9,"vertices":[77.05,-116.58,163.06,77.33,261.23,291.47,446.77,696.4,696.97,697.36,895.29,698.11,1067.84,455.67,1184.95,146.23,1308.81,-151.8]}},"star_s2":{"star_s2":{"type":"path","lengths":[693.81,1692.1,2637.52],"vertexCount":9,"vertices":[-43.62,193.25,-83.81,381.61,-110.79,561.87,-294.06,923.07,-459.39,932.18,-705.9,936.88,-945.53,313.86,-921.99,106.04,-878.9,-191.37]}},"star_s3":{"star_s3":{"type":"path","lengths":[979.49,1951.59,3631.91],"vertexCount":9,"vertices":[61.16,61.1,-42.64,321.08,-102.51,485.85,-364.45,1004.73,-623.49,1085.66,-931.04,1179.6,-1408.23,855.1,-1465.13,700.41,-1561.11,473.12]}}}},"animations":{"animation":{"slots":{"star big 1":{"color":[{"time":0,"color":"ffffff00","curve":"stepped"},{"time":0.0333,"color":"ffffff00"},{"time":0.1333,"color":"ffffffff","curve":"stepped"},{"time":0.3333,"color":"ffffffff"},{"time":0.4333,"color":"ffffff00"}]},"star big 2":{"color":[{"time":0,"color":"ffffff00","curve":"stepped"},{"time":0.0333,"color":"ffffff00"},{"time":0.1,"color":"ffffffff","curve":"stepped"},{"time":0.2667,"color":"ffffffff"},{"time":0.3667,"color":"ffffff00"}]},"star small 1":{"color":[{"time":0,"color":"ffffff00","curve":"stepped"},{"time":0.0333,"color":"ffffff00"},{"time":0.1333,"color":"ffffffff","curve":"stepped"},{"time":0.3333,"color":"ffffffff"},{"time":0.4333,"color":"ffffff00"}]},"star small 2":{"color":[{"time":0,"color":"ffffff00","curve":"stepped"},{"time":0.0667,"color":"ffffff00"},{"time":0.1667,"color":"ffffffff","curve":"stepped"},{"time":0.4,"color":"ffffffff"},{"time":0.5,"color":"ffffff00"}]},"star small 3":{"color":[{"time":0,"color":"ffffff00","curve":"stepped"},{"time":0.0333,"color":"ffffff00"},{"time":0.1333,"color":"ffffffff","curve":"stepped"},{"time":0.2667,"color":"ffffffff"},{"time":0.3667,"color":"ffffff00"}]}},"bones":{"Buff_gold":{"translate":[{"time":0,"x":0,"y":0,"curve":[0,0.09,0.161,0.99]},{"time":0.4,"x":0,"y":954.7,"curve":[0.444,0,1,0.83]},{"time":0.7667,"x":0,"y":0}]},"star big 1":{"rotate":[{"time":0.0333,"angle":0},{"time":0.4333,"angle":-90}]},"star big 2":{"rotate":[{"time":0.0333,"angle":0},{"time":0.3667,"angle":-90}]},"star small 1":{"rotate":[{"time":0.0333,"angle":0},{"time":0.4333,"angle":180}]},"star small 2":{"rotate":[{"time":0.0333,"angle":0},{"time":0.5,"angle":270}]},"star small 3":{"rotate":[{"time":0.0333,"angle":0},{"time":0.4333,"angle":180}]}},"paths":{"star1":{"position":[{"time":0.0333,"curve":[0.069,0.09,0.875,1]},{"time":0.2333,"position":0.5,"curve":[0.117,0,0.903,0.89]},{"time":0.4333,"position":1}]},"star2":{"position":[{"time":0.0333,"curve":[0.089,0.12,0.847,0.99]},{"time":0.2333,"position":0.5,"curve":[0.097,0.01,0.883,0.86]},{"time":0.4333,"position":1}]},"star_s1":{"position":[{"time":0.0333,"curve":[0.097,0.11,0.879,0.99]},{"time":0.2333,"position":0.5,"curve":[0.149,0,0.891,0.87]},{"time":0.4333,"position":1}]},"star_s2":{"position":[{"time":0.0333,"curve":[0.052,0.11,0.903,0.99]},{"time":0.2667,"position":0.5,"curve":[0.089,0.01,0.923,0.9]},{"time":0.5,"position":1}]},"star_s3":{"position":[{"time":0.0333,"curve":[0.069,0.09,0.887,0.99]},{"time":0.2333,"position":0.5,"curve":[0.109,0,0.907,0.89]},{"time":0.4333,"position":1}]}}}}}