{"skeleton":{"hash":"DvhBbysAsdwIwXkctutAB+OmWYQ","spine":"3.5.43","width":1945.04,"height":2083.73},"bones":[{"name":"root"},{"name":"star_big_1","parent":"root","length":119.39,"rotation":90,"x":-590.03,"y":211.4,"scaleX":3.076,"scaleY":3.076},{"name":"star_big_2","parent":"root","length":97.69,"rotation":90,"x":251.04,"y":1037.25,"scaleX":2.738,"scaleY":2.738},{"name":"star_small_1","parent":"root","length":55.48,"rotation":90,"x":694.38,"y":79.53,"scaleX":2.803,"scaleY":2.803},{"name":"star_small_2","parent":"root","length":62.11,"rotation":90,"x":-127.67,"y":1612.5,"scaleX":2.491,"scaleY":2.491},{"name":"star_small_3","parent":"root","length":61.51,"rotation":90,"x":-183.37,"y":818.52,"scaleX":2.276,"scaleY":2.276}],"slots":[{"name":"silver_star_big_1","bone":"star_big_1","attachment":"silver_star_big_1"},{"name":"silver_star_big_2","bone":"star_big_2","attachment":"silver_star_big_2"},{"name":"silver_star_small_1","bone":"star_small_1","attachment":"silver_star_small_1"},{"name":"silver_star_small_2","bone":"star_small_2","attachment":"silver_star_small_2"},{"name":"silver_star_small_3","bone":"star_small_3","attachment":"silver_star_small_3"}],"skins":{"default":{"silver_star_big_1":{"silver_star_big_1":{"x":-0.1,"y":-2.23,"scaleX":0.3,"scaleY":0.3,"rotation":-90,"width":865,"height":832}},"silver_star_big_2":{"silver_star_big_2":{"x":2.5,"y":-1.03,"scaleX":0.4,"scaleY":0.4,"rotation":-90,"width":487,"height":501}},"silver_star_small_1":{"silver_star_small_1":{"x":-1.17,"y":-2.78,"scaleX":0.4,"scaleY":0.4,"rotation":-90,"width":465,"height":514}},"silver_star_small_2":{"silver_star_small_2":{"x":-0.62,"y":-2.78,"scaleX":0.5,"scaleY":0.5,"rotation":-90,"width":409,"height":419}},"silver_star_small_3":{"silver_star_small_3":{"x":-1.27,"y":-1.58,"scaleX":0.6,"scaleY":0.6,"rotation":-90,"width":322,"height":330}}}},"animations":{"animation":{"slots":{"silver_star_big_1":{"color":[{"time":0,"color":"ffffff00"},{"time":0.4667,"color":"ffffffff","curve":"stepped"},{"time":0.6667,"color":"ffffffff"},{"time":1.1,"color":"ffffff00"}]},"silver_star_big_2":{"color":[{"time":0,"color":"ffffff00","curve":"stepped"},{"time":1.7667,"color":"ffffff00"},{"time":2.1333,"color":"ffffffff","curve":"stepped"},{"time":2.3,"color":"ffffffff"},{"time":2.6667,"color":"ffffff00"}]},"silver_star_small_1":{"color":[{"time":0,"color":"ffffff00","curve":"stepped"},{"time":1.1333,"color":"ffffff00"},{"time":1.5333,"color":"ffffffff","curve":"stepped"},{"time":1.7,"color":"ffffffff"},{"time":2.1,"color":"ffffff00"}]},"silver_star_small_2":{"color":[{"time":0,"color":"ffffff00","curve":"stepped"},{"time":1.4,"color":"ffffff00"},{"time":1.7333,"color":"ffffffff","curve":"stepped"},{"time":1.9333,"color":"ffffffff"},{"time":2.4,"color":"ffffff00"}]},"silver_star_small_3":{"color":[{"time":0,"color":"ffffff00","curve":"stepped"},{"time":0.5333,"color":"ffffff00"},{"time":1,"color":"ffffffff","curve":"stepped"},{"time":1.2333,"color":"ffffffff"},{"time":1.5333,"color":"ffffff00"}]}},"bones":{"star_big_1":{"rotate":[{"time":0,"angle":0},{"time":1.1,"angle":-168.96}],"scale":[{"time":0,"x":0.164,"y":0.164},{"time":0.5667,"x":1,"y":1},{"time":1.1,"x":0.164,"y":0.164}]},"star_big_2":{"rotate":[{"time":1.7667,"angle":0},{"time":2.6667,"angle":-129.73}],"scale":[{"time":1.7667,"x":0.333,"y":0.333},{"time":2.1667,"x":0.862,"y":0.862},{"time":2.6667,"x":0.333,"y":0.333}]},"star_small_1":{"rotate":[{"time":1.1333,"angle":0},{"time":2.1,"angle":-143.29}],"scale":[{"time":1.1333,"x":0.517,"y":0.517},{"time":1.6333,"x":1.527,"y":1.527},{"time":2.1,"x":0.517,"y":0.517}]},"star_small_3":{"rotate":[{"time":0.5333,"angle":0},{"time":1.5333,"angle":-227.48}],"scale":[{"time":0.5333,"x":0.405,"y":0.405},{"time":1.0333,"x":2.927,"y":2.927},{"time":1.5333,"x":0.405,"y":0.405}]},"star_small_2":{"rotate":[{"time":1.4,"angle":0},{"time":2.4,"angle":-167.36}],"scale":[{"time":1.4,"x":0.255,"y":0.255},{"time":1.8333,"x":1.796,"y":1.796},{"time":2.4,"x":0.255,"y":0.255}]}}}}}