{"skeleton":{"hash":"PwMezIhayABIt4LQqJwvt6bIP40","spine":"3.4.02","width":1446.52,"height":1371,"images":""},"bones":[{"name":"root"},{"name":"aura","parent":"root","length":818.58,"rotation":89.53,"x":-1.5,"y":196.43},{"name":"bling","parent":"root","length":216.65,"rotation":90.58,"x":-67.72,"y":805.3},{"name":"box","parent":"root","length":1039.76,"rotation":89.99,"x":0.84,"y":89.1},{"name":"glow 1","parent":"root","length":39.29,"rotation":90,"x":-114.73,"y":992.59},{"name":"glow 2","parent":"root","length":43.7,"rotation":88.72,"x":161.76,"y":896.13},{"name":"glow 3","parent":"root","length":56.35,"rotation":88.02,"x":-196.53,"y":298.96},{"name":"glow 4","parent":"root","length":49.55,"rotation":87.75,"x":90.88,"y":327.12},{"name":"glow 5","parent":"root","length":40.79,"rotation":91.36,"x":249.15,"y":516.47},{"name":"glow 6","parent":"root","length":38.85,"rotation":91.43,"x":552.1,"y":361.11}],"slots":[{"name":"box","bone":"box","attachment":"box"},{"name":"aura","bone":"aura","attachment":"aura"},{"name":"bling","bone":"bling","attachment":"bling"},{"name":"glow 6","bone":"glow 6","attachment":"glow 6"},{"name":"glow 5","bone":"glow 5","attachment":"glow 5"},{"name":"glow 4","bone":"glow 4","attachment":"glow 4"},{"name":"glow 3","bone":"glow 3","attachment":"glow 3"},{"name":"glow 2","bone":"glow 2","attachment":"glow 2"},{"name":"glow 1","bone":"glow 1","attachment":"glow 1"}],"skins":{"default":{"aura":{"aura":{"x":400.85,"y":27.76,"rotation":-89.53,"width":1437,"height":1371}},"bling":{"bling":{"x":97.37,"y":16.53,"rotation":-90.58,"width":952,"height":631}},"box":{"box":{"x":443.39,"y":-27.15,"rotation":-89.99,"width":1348,"height":1161}},"glow 1":{"glow 1":{"x":-15.59,"y":-2.73,"rotation":-90,"width":160,"height":146}},"glow 2":{"glow 2":{"x":-14.05,"y":-3.54,"rotation":-88.72,"width":160,"height":146}},"glow 3":{"glow 3":{"x":-24.19,"y":-8.37,"rotation":-88.02,"width":278,"height":253}},"glow 4":{"glow 4":{"x":-16.95,"y":-4.78,"rotation":-87.75,"width":200,"height":182}},"glow 5":{"glow 5":{"x":-16.69,"y":-8.95,"rotation":-91.36,"width":167,"height":162}},"glow 6":{"glow 6":{"x":-16.15,"y":-1.48,"rotation":-91.43,"width":160,"height":146}}}},"animations":{"animation":{"slots":{"aura":{"color":[{"time":0,"color":"ffffff00"},{"time":0.7666,"color":"ffffffff","curve":"stepped"},{"time":0.9,"color":"ffffffff"},{"time":1.6666,"color":"ffffff00"}]},"bling":{"color":[{"time":0,"color":"ffffff00"},{"time":0.6666,"color":"ffffffff","curve":"stepped"},{"time":1,"color":"ffffffff"},{"time":1.6666,"color":"ffffff00"}]},"glow 1":{"color":[{"time":0,"color":"ffffff00","curve":"stepped"},{"time":0.4666,"color":"ffffff00"},{"time":0.6333,"color":"ffffffff","curve":"stepped"},{"time":0.7333,"color":"ffffffff"},{"time":0.9,"color":"ffffff00","curve":"stepped"},{"time":1.6666,"color":"ffffff00"}]},"glow 2":{"color":[{"time":0,"color":"ffffff00","curve":"stepped"},{"time":0.7,"color":"ffffff00"},{"time":0.8666,"color":"ffffffff","curve":"stepped"},{"time":0.9666,"color":"ffffffff"},{"time":1.1333,"color":"ffffff00","curve":"stepped"},{"time":1.6666,"color":"ffffff00"}]},"glow 3":{"color":[{"time":0,"color":"ffffff00"},{"time":0.1666,"color":"ffffffff","curve":"stepped"},{"time":0.2666,"color":"ffffffff"},{"time":0.4333,"color":"ffffff00","curve":"stepped"},{"time":1.6666,"color":"ffffff00"}]},"glow 4":{"color":[{"time":0,"color":"ffffff00","curve":"stepped"},{"time":0.9333,"color":"ffffff00"},{"time":1.1,"color":"ffffffff","curve":"stepped"},{"time":1.2,"color":"ffffffff"},{"time":1.3666,"color":"ffffff00","curve":"stepped"},{"time":1.6666,"color":"ffffff00"}]},"glow 5":{"color":[{"time":0,"color":"ffffff00","curve":"stepped"},{"time":0.2333,"color":"ffffff00"},{"time":0.4,"color":"ffffffff","curve":"stepped"},{"time":0.5,"color":"ffffffff"},{"time":0.6666,"color":"ffffff00","curve":"stepped"},{"time":1.6666,"color":"ffffff00"}]},"glow 6":{"color":[{"time":0,"color":"ffffff00","curve":"stepped"},{"time":1.2333,"color":"ffffff00"},{"time":1.4,"color":"ffffffff","curve":"stepped"},{"time":1.5,"color":"ffffffff"},{"time":1.6666,"color":"ffffff00"}]}},"bones":{"aura":{"rotate":[{"time":0,"angle":0,"curve":"stepped"},{"time":0.7666,"angle":0,"curve":"stepped"},{"time":0.9,"angle":0,"curve":"stepped"},{"time":1.6666,"angle":0}],"translate":[{"time":0,"x":0,"y":0,"curve":"stepped"},{"time":0.7666,"x":0,"y":0,"curve":"stepped"},{"time":0.9,"x":0,"y":0,"curve":"stepped"},{"time":1.6666,"x":0,"y":0}],"scale":[{"time":0,"x":1.153,"y":1.153},{"time":0.7666,"x":1.113,"y":1.113,"curve":"stepped"},{"time":0.9,"x":1.113,"y":1.113},{"time":1.6666,"x":1.153,"y":1.153}]},"box":{"rotate":[{"time":0,"angle":0}],"translate":[{"time":0,"x":0,"y":0}],"scale":[{"time":0,"x":1,"y":1}]},"glow 3":{"rotate":[{"time":0,"angle":0,"curve":"stepped"},{"time":0.1666,"angle":0,"curve":"stepped"},{"time":0.2666,"angle":0,"curve":"stepped"},{"time":0.4333,"angle":0,"curve":"stepped"},{"time":1.6666,"angle":0}],"translate":[{"time":0,"x":0,"y":0,"curve":"stepped"},{"time":0.1666,"x":0,"y":0,"curve":"stepped"},{"time":0.2666,"x":0,"y":0,"curve":"stepped"},{"time":0.4333,"x":0,"y":0,"curve":"stepped"},{"time":1.6666,"x":0,"y":0}],"scale":[{"time":0,"x":0.038,"y":0.038},{"time":0.1666,"x":1.943,"y":1.943,"curve":"stepped"},{"time":0.2666,"x":1.943,"y":1.943},{"time":0.4333,"x":0.038,"y":0.038,"curve":"stepped"},{"time":1.6666,"x":0.038,"y":0.038}]},"glow 4":{"rotate":[{"time":0,"angle":0,"curve":"stepped"},{"time":0.9333,"angle":0,"curve":"stepped"},{"time":1.1,"angle":0,"curve":"stepped"},{"time":1.2,"angle":0,"curve":"stepped"},{"time":1.3666,"angle":0,"curve":"stepped"},{"time":1.6666,"angle":0}],"translate":[{"time":0,"x":0,"y":0,"curve":"stepped"},{"time":0.9333,"x":0,"y":0,"curve":"stepped"},{"time":1.1,"x":0,"y":0,"curve":"stepped"},{"time":1.2,"x":0,"y":0,"curve":"stepped"},{"time":1.3666,"x":0,"y":0,"curve":"stepped"},{"time":1.6666,"x":0,"y":0}],"scale":[{"time":0,"x":0.075,"y":0.075,"curve":"stepped"},{"time":0.9333,"x":0.075,"y":0.075},{"time":1.1,"x":2.794,"y":2.794,"curve":"stepped"},{"time":1.2,"x":2.794,"y":2.794},{"time":1.3666,"x":0.075,"y":0.075,"curve":"stepped"},{"time":1.6666,"x":0.075,"y":0.075}]},"glow 5":{"rotate":[{"time":0,"angle":0,"curve":"stepped"},{"time":0.2333,"angle":0,"curve":"stepped"},{"time":0.4,"angle":0,"curve":"stepped"},{"time":0.5,"angle":0,"curve":"stepped"},{"time":0.6666,"angle":0,"curve":"stepped"},{"time":1.6666,"angle":0}],"translate":[{"time":0,"x":0,"y":0,"curve":"stepped"},{"time":0.2333,"x":0,"y":0,"curve":"stepped"},{"time":0.4,"x":0,"y":0,"curve":"stepped"},{"time":0.5,"x":0,"y":0,"curve":"stepped"},{"time":0.6666,"x":0,"y":0,"curve":"stepped"},{"time":1.6666,"x":0,"y":0}],"scale":[{"time":0,"x":0.007,"y":0.007,"curve":"stepped"},{"time":0.2333,"x":0.007,"y":0.007},{"time":0.4,"x":2.773,"y":2.773,"curve":"stepped"},{"time":0.5,"x":2.773,"y":2.773},{"time":0.6666,"x":0.007,"y":0.007,"curve":"stepped"},{"time":1.6666,"x":0.007,"y":0.007}]},"glow 6":{"rotate":[{"time":0,"angle":0,"curve":"stepped"},{"time":1.2333,"angle":0,"curve":"stepped"},{"time":1.4,"angle":0,"curve":"stepped"},{"time":1.5,"angle":0,"curve":"stepped"},{"time":1.6666,"angle":0}],"translate":[{"time":0,"x":0,"y":0,"curve":"stepped"},{"time":1.2333,"x":0,"y":0,"curve":"stepped"},{"time":1.4,"x":0,"y":0,"curve":"stepped"},{"time":1.5,"x":0,"y":0,"curve":"stepped"},{"time":1.6666,"x":0,"y":0}],"scale":[{"time":0,"x":0.036,"y":0.036},{"time":0.1,"x":0.034,"y":0.034},{"time":1.2333,"x":0.036,"y":0.036},{"time":1.4,"x":4.688,"y":4.688,"curve":"stepped"},{"time":1.5,"x":4.688,"y":4.688},{"time":1.6666,"x":0.036,"y":0.036}]},"glow 2":{"rotate":[{"time":0,"angle":0,"curve":"stepped"},{"time":0.7,"angle":0,"curve":"stepped"},{"time":0.8666,"angle":0,"curve":"stepped"},{"time":0.9666,"angle":0,"curve":"stepped"},{"time":1.1333,"angle":0,"curve":"stepped"},{"time":1.6666,"angle":0}],"translate":[{"time":0,"x":0,"y":0,"curve":"stepped"},{"time":0.7,"x":0,"y":0,"curve":"stepped"},{"time":0.8666,"x":0,"y":0,"curve":"stepped"},{"time":0.9666,"x":0,"y":0,"curve":"stepped"},{"time":1.1333,"x":0,"y":0,"curve":"stepped"},{"time":1.6666,"x":0,"y":0}],"scale":[{"time":0,"x":0.007,"y":0.007,"curve":"stepped"},{"time":0.7,"x":0.007,"y":0.007},{"time":0.8666,"x":3.479,"y":3.479,"curve":"stepped"},{"time":0.9666,"x":3.479,"y":3.479},{"time":1.1333,"x":0.007,"y":0.007,"curve":"stepped"},{"time":1.6666,"x":0.007,"y":0.007}]},"glow 1":{"rotate":[{"time":0,"angle":0,"curve":"stepped"},{"time":0.4666,"angle":0,"curve":"stepped"},{"time":0.6333,"angle":0,"curve":"stepped"},{"time":0.7333,"angle":0,"curve":"stepped"},{"time":0.9,"angle":0,"curve":"stepped"},{"time":1.6666,"angle":0}],"translate":[{"time":0,"x":0,"y":0,"curve":"stepped"},{"time":0.4666,"x":0,"y":0,"curve":"stepped"},{"time":0.6333,"x":0,"y":0,"curve":"stepped"},{"time":0.7333,"x":0,"y":0,"curve":"stepped"},{"time":0.9,"x":0,"y":0,"curve":"stepped"},{"time":1.6666,"x":0,"y":0}],"scale":[{"time":0,"x":-0.002,"y":-0.002,"curve":"stepped"},{"time":0.4666,"x":-0.002,"y":-0.002},{"time":0.6333,"x":4.602,"y":4.602,"curve":"stepped"},{"time":0.7333,"x":4.602,"y":4.602},{"time":0.9,"x":-0.002,"y":-0.002,"curve":"stepped"},{"time":1.6666,"x":-0.002,"y":-0.002}]},"bling":{"rotate":[{"time":0,"angle":0,"curve":"stepped"},{"time":0.6666,"angle":0,"curve":"stepped"},{"time":1,"angle":0,"curve":"stepped"},{"time":1.6666,"angle":0}],"translate":[{"time":0,"x":0,"y":0,"curve":"stepped"},{"time":0.6666,"x":0,"y":0,"curve":"stepped"},{"time":1,"x":0,"y":0,"curve":"stepped"},{"time":1.6666,"x":0,"y":0}],"scale":[{"time":0,"x":1,"y":1,"curve":"stepped"},{"time":0.6666,"x":1,"y":1,"curve":"stepped"},{"time":1,"x":1,"y":1,"curve":"stepped"},{"time":1.6666,"x":1,"y":1}]}}}}}