{"skeleton":{"hash":"b0e6eecEk5POtRjYxPhZSGmNjmc","spine":"3.4.02","width":287.29,"height":356.56,"images":"./images/"},"bones":[{"name":"root","rotation":-0.17},{"name":"arrow glow","parent":"root","length":62.74,"rotation":90,"x":1.64,"y":-20.37},{"name":"arrow glow2","parent":"root","length":53.53,"rotation":90,"x":2.56,"y":12.36},{"name":"arrow glow3","parent":"root","length":53.87,"rotation":90.17,"x":2.13,"y":41},{"name":"bone","parent":"root","length":193.46,"rotation":89.99,"y":0.09}],"slots":[{"name":"arrow glow","bone":"arrow glow","attachment":"arrow glow"},{"name":"arrow glow2","bone":"arrow glow2","attachment":"arrow glow"},{"name":"arrow glow3","bone":"arrow glow3","attachment":"arrow glow"},{"name":"laser glow","bone":"bone","attachment":"laser glow"}],"skins":{"default":{"arrow glow":{"arrow glow":{"x":4.8,"y":-2.05,"rotation":-90.8,"width":114,"height":85}},"arrow glow2":{"arrow glow":{"x":-6.57,"y":-1.04,"rotation":-90.17,"width":114,"height":85}},"arrow glow3":{"arrow glow":{"x":-14.32,"y":-1.44,"rotation":-90.17,"width":114,"height":85}},"laser glow":{"laser glow":{"x":6.38,"y":-64.31,"scaleX":1.093,"scaleY":1.093,"rotation":-89.99,"width":169,"height":281}}}},"animations":{"animation":{"slots":{"arrow glow":{"color":[{"time":0,"color":"ffffff00"},{"time":0.1666,"color":"ffffffff"},{"time":0.3333,"color":"ffffff00","curve":"stepped"},{"time":0.6666,"color":"ffffff00"}]},"arrow glow2":{"color":[{"time":0,"color":"ffffff00","curve":"stepped"},{"time":0.1666,"color":"ffffff00"},{"time":0.3333,"color":"ffffffff"},{"time":0.5,"color":"ffffff00","curve":"stepped"},{"time":0.6666,"color":"ffffff00"}]},"arrow glow3":{"color":[{"time":0,"color":"ffffff00","curve":"stepped"},{"time":0.3333,"color":"ffffff00"},{"time":0.5,"color":"ffffffff"},{"time":0.6666,"color":"ffffff00"}]}},"bones":{"bone":{"rotate":[{"time":0,"angle":180},{"time":0.2333,"angle":59.41},{"time":0.4333,"angle":-65.45},{"time":0.6666,"angle":180}],"translate":[{"time":0,"x":0,"y":0,"curve":"stepped"},{"time":0.6666,"x":0,"y":0}],"scale":[{"time":0,"x":1,"y":1,"curve":"stepped"},{"time":0.6666,"x":1,"y":1}]},"arrow glow3":{"rotate":[{"time":0,"angle":0,"curve":"stepped"},{"time":0.3333,"angle":0,"curve":"stepped"},{"time":0.5,"angle":0,"curve":"stepped"},{"time":0.6666,"angle":0}],"translate":[{"time":0,"x":0,"y":0,"curve":"stepped"},{"time":0.3333,"x":0,"y":0,"curve":"stepped"},{"time":0.5,"x":0,"y":0,"curve":"stepped"},{"time":0.6666,"x":0,"y":0}],"scale":[{"time":0,"x":0.945,"y":0.945,"curve":"stepped"},{"time":0.3333,"x":0.945,"y":0.945},{"time":0.5,"x":1,"y":1},{"time":0.6666,"x":0.945,"y":0.945}]},"arrow glow2":{"rotate":[{"time":0,"angle":0,"curve":"stepped"},{"time":0.1666,"angle":0,"curve":"stepped"},{"time":0.3333,"angle":0,"curve":"stepped"},{"time":0.5,"angle":0,"curve":"stepped"},{"time":0.6666,"angle":0}],"translate":[{"time":0,"x":0,"y":0,"curve":"stepped"},{"time":0.1666,"x":0,"y":0,"curve":"stepped"},{"time":0.3333,"x":0,"y":0,"curve":"stepped"},{"time":0.5,"x":0,"y":0,"curve":"stepped"},{"time":0.6666,"x":0,"y":0}],"scale":[{"time":0,"x":0.955,"y":0.955,"curve":"stepped"},{"time":0.1666,"x":0.955,"y":0.955},{"time":0.3333,"x":1,"y":1},{"time":0.5,"x":0.955,"y":0.955,"curve":"stepped"},{"time":0.6666,"x":0.955,"y":0.955}]},"arrow glow":{"rotate":[{"time":0,"angle":0,"curve":"stepped"},{"time":0.1666,"angle":0,"curve":"stepped"},{"time":0.3333,"angle":0,"curve":"stepped"},{"time":0.6666,"angle":0}],"translate":[{"time":0,"x":0,"y":0,"curve":"stepped"},{"time":0.1666,"x":0,"y":0,"curve":"stepped"},{"time":0.3333,"x":0,"y":0,"curve":"stepped"},{"time":0.6666,"x":0,"y":0}],"scale":[{"time":0,"x":0.953,"y":0.953},{"time":0.1666,"x":1,"y":1},{"time":0.3333,"x":0.953,"y":0.953,"curve":"stepped"},{"time":0.6666,"x":0.953,"y":0.953}]}}}}}