{"data":{"shop_gold":[{"item_package_name":"com.bla.smallgold","amount":100,"item_id":"GO001","price":0.99,"item_name":"Small Pouch"}],"shop_skin":[{"end_date":0,"skin_id":"nemo","item_id":"SK001","price":100,"description":"Look at this cute orange friend","item_name":"Clown Fish","start_date":0},{"end_date":0,"skin_id":"dory","item_id":"SK002","price":100,"description":"A cute little blue fish under the sea","item_name":"Blue Tang Fish","start_date":0}],"shop_buff":[{"duration":7200000,"buff_id":"buff_2","item_id":"BU001","price":100,"description":"Enhance experience gain for time duration","item_name":"Experience"},{"duration":7200000,"buff_id":"buff_4","item_id":"BU002","price":100,"description":"Make your fish move faster","item_name":"Speed"}]},"message":"OK","status":1}