{"map_name":"15X15Symmetrical","map_width":15,"map_height":15,"tiles":[{"asset_code":"g_00","angle":0,"x_position":0.5,"y_position":0.5},{"asset_code":"g_00","angle":0,"x_position":0.5,"y_position":1.5},{"asset_code":"g_00","angle":0,"x_position":0.5,"y_position":2.5},{"asset_code":"g_00","angle":0,"x_position":0.5,"y_position":3.5},{"asset_code":"g_00","angle":0,"x_position":0.5,"y_position":4.5},{"asset_code":"g_00","angle":0,"x_position":0.5,"y_position":5.5},{"asset_code":"g_00","angle":0,"x_position":0.5,"y_position":6.5},{"asset_code":"g_00","angle":0,"x_position":0.5,"y_position":7.5},{"asset_code":"g_00","angle":0,"x_position":0.5,"y_position":8.5},{"asset_code":"g_00","angle":0,"x_position":0.5,"y_position":9.5},{"asset_code":"g_00","angle":0,"x_position":0.5,"y_position":10.5},{"asset_code":"g_00","angle":0,"x_position":0.5,"y_position":11.5},{"asset_code":"g_00","angle":0,"x_position":0.5,"y_position":12.5},{"asset_code":"g_00","angle":0,"x_position":0.5,"y_position":13.5},{"asset_code":"g_00","angle":0,"x_position":0.5,"y_position":14.5},{"asset_code":"g_00","angle":0,"x_position":1.5,"y_position":0.5},{"asset_code":"g_00","angle":0,"x_position":1.5,"y_position":1.5},{"asset_code":"g_00","angle":0,"x_position":1.5,"y_position":2.5},{"asset_code":"g_02","angle":270.000031,"x_position":1.5,"y_position":3.5},{"asset_code":"g_21","angle":180.000061,"x_position":1.5,"y_position":4.5},{"asset_code":"g_00","angle":0,"x_position":1.5,"y_position":5.5},{"asset_code":"g_00","angle":0,"x_position":1.5,"y_position":6.5},{"asset_code":"g_00","angle":0,"x_position":1.5,"y_position":7.5},{"asset_code":"g_09","angle":0,"x_position":1.5,"y_position":8.5},{"asset_code":"g_02","angle":0,"x_position":1.5,"y_position":9.5},{"asset_code":"g_36","angle":0,"x_position":1.5,"y_position":10.5},{"asset_code":"g_31","angle":0,"x_position":1.5,"y_position":11.5},{"asset_code":"g_00","angle":0,"x_position":1.5,"y_position":12.5},{"asset_code":"g_31","angle":0.000146621722,"x_position":1.5,"y_position":13.5},{"asset_code":"g_00","angle":0,"x_position":1.5,"y_position":14.5},{"asset_code":"g_00","angle":0,"x_position":2.5,"y_position":0.5},{"asset_code":"g_00","angle":0,"x_position":2.5,"y_position":1.5},{"asset_code":"g_35","angle":90.0000153,"x_position":2.5,"y_position":2.5},{"asset_code":"g_36","angle":0,"x_position":2.5,"y_position":3.5},{"asset_code":"g_00","angle":0,"x_position":2.5,"y_position":4.5},{"asset_code":"g_30","angle":90.0000153,"x_position":2.5,"y_position":5.5},{"asset_code":"g_00","angle":0,"x_position":2.5,"y_position":6.5},{"asset_code":"g_00","angle":0,"x_position":2.5,"y_position":7.5},{"asset_code":"g_00","angle":0,"x_position":2.5,"y_position":8.5},{"asset_code":"g_26","angle":0,"x_position":2.5,"y_position":9.5},{"asset_code":"g_00","angle":0,"x_position":2.5,"y_position":10.5},{"asset_code":"g_09","angle":0,"x_position":2.5,"y_position":11.5},{"asset_code":"g_00","angle":0,"x_position":2.5,"y_position":12.5},{"asset_code":"g_01","angle":0,"x_position":2.5,"y_position":13.5},{"asset_code":"g_00","angle":0,"x_position":2.5,"y_position":14.5},{"asset_code":"g_00","angle":0,"x_position":3.5,"y_position":0.5},{"asset_code":"g_00","angle":0,"x_position":3.5,"y_position":1.5},{"asset_code":"g_00","angle":0,"x_position":3.5,"y_position":2.5},{"asset_code":"g_09","angle":90.00001,"x_position":3.5,"y_position":3.5},{"asset_code":"g_00","angle":0,"x_position":3.5,"y_position":4.5},{"asset_code":"g_00","angle":0,"x_position":3.5,"y_position":5.5},{"asset_code":"g_00","angle":0,"x_position":3.5,"y_position":6.5},{"asset_code":"g_00","angle":0,"x_position":3.5,"y_position":7.5},{"asset_code":"g_18","angle":0,"x_position":3.5,"y_position":8.5},{"asset_code":"g_00","angle":0,"x_position":3.5,"y_position":9.5},{"asset_code":"g_00","angle":0,"x_position":3.5,"y_position":10.5},{"asset_code":"g_27","angle":90.00001,"x_position":3.5,"y_position":11.5},{"asset_code":"g_01","angle":0,"x_position":3.5,"y_position":12.5},{"asset_code":"g_00","angle":0,"x_position":3.5,"y_position":13.5},{"asset_code":"g_00","angle":0,"x_position":3.5,"y_position":14.5},{"asset_code":"g_00","angle":0,"x_position":4.5,"y_position":0.5},{"asset_code":"g_31","angle":90.0000153,"x_position":4.5,"y_position":1.5},{"asset_code":"g_12","angle":90.00001,"x_position":4.5,"y_position":2.5},{"asset_code":"g_00","angle":0,"x_position":4.5,"y_position":3.5},{"asset_code":"g_00","angle":0,"x_position":4.5,"y_position":4.5},{"asset_code":"g_00","angle":0,"x_position":4.5,"y_position":5.5},{"asset_code":"g_30","angle":270.000031,"x_position":4.5,"y_position":6.5},{"asset_code":"g_01","angle":0,"x_position":4.5,"y_position":7.5},{"asset_code":"g_00","angle":0,"x_position":4.5,"y_position":8.5},{"asset_code":"g_00","angle":0,"x_position":4.5,"y_position":9.5},{"asset_code":"g_18","angle":0,"x_position":4.5,"y_position":10.5},{"asset_code":"g_00","angle":0,"x_position":4.5,"y_position":11.5},{"asset_code":"g_12","angle":270.000031,"x_position":4.5,"y_position":12.5},{"asset_code":"g_31","angle":270.000031,"x_position":4.5,"y_position":13.5},{"asset_code":"g_00","angle":0,"x_position":4.5,"y_position":14.5},{"asset_code":"g_00","angle":0,"x_position":5.5,"y_position":0.5},{"asset_code":"g_21","angle":270.000031,"x_position":5.5,"y_position":1.5},{"asset_code":"g_02","angle":90.00001,"x_position":5.5,"y_position":2.5},{"asset_code":"g_35","angle":0,"x_position":5.5,"y_position":3.5},{"asset_code":"g_21","angle":0,"x_position":5.5,"y_position":4.5},{"asset_code":"g_00","angle":0,"x_position":5.5,"y_position":5.5},{"asset_code":"g_00","angle":0,"x_position":5.5,"y_position":6.5},{"asset_code":"g_18","angle":0,"x_position":5.5,"y_position":7.5},{"asset_code":"g_00","angle":0,"x_position":5.5,"y_position":8.5},{"asset_code":"g_36","angle":0,"x_position":5.5,"y_position":9.5},{"asset_code":"g_35","angle":0,"x_position":5.5,"y_position":10.5},{"asset_code":"g_36","angle":0,"x_position":5.5,"y_position":11.5},{"asset_code":"g_00","angle":0,"x_position":5.5,"y_position":12.5},{"asset_code":"g_00","angle":0,"x_position":5.5,"y_position":13.5},{"asset_code":"g_00","angle":0,"x_position":5.5,"y_position":14.5},{"asset_code":"g_00","angle":0,"x_position":6.5,"y_position":0.5},{"asset_code":"g_00","angle":0,"x_position":6.5,"y_position":1.5},{"asset_code":"g_00","angle":0,"x_position":6.5,"y_position":2.5},{"asset_code":"g_00","angle":0,"x_position":6.5,"y_position":3.5},{"asset_code":"g_00","angle":0,"x_position":6.5,"y_position":4.5},{"asset_code":"g_09","angle":0,"x_position":6.5,"y_position":5.5},{"asset_code":"g_00","angle":0,"x_position":6.5,"y_position":6.5},{"asset_code":"g_00","angle":0,"x_position":6.5,"y_position":7.5},{"asset_code":"g_18","angle":0,"x_position":6.5,"y_position":8.5},{"asset_code":"g_27","angle":180.000061,"x_position":6.5,"y_position":9.5},{"asset_code":"g_00","angle":0,"x_position":6.5,"y_position":10.5},{"asset_code":"g_09","angle":0,"x_position":6.5,"y_position":11.5},{"asset_code":"g_30","angle":1.52587891E-05,"x_position":6.5,"y_position":12.5},{"asset_code":"g_35","angle":270.000031,"x_position":6.5,"y_position":13.5},{"asset_code":"g_00","angle":0,"x_position":6.5,"y_position":14.5},{"asset_code":"g_00","angle":0,"x_position":7.5,"y_position":0.5},{"asset_code":"g_00","angle":0,"x_position":7.5,"y_position":1.5},{"asset_code":"g_00","angle":0,"x_position":7.5,"y_position":2.5},{"asset_code":"g_00","angle":0,"x_position":7.5,"y_position":3.5},{"asset_code":"g_00","angle":0,"x_position":7.5,"y_position":4.5},{"asset_code":"g_26","angle":0,"x_position":7.5,"y_position":5.5},{"asset_code":"g_00","angle":0,"x_position":7.5,"y_position":6.5},{"asset_code":"g_01","angle":0,"x_position":7.5,"y_position":7.5},{"asset_code":"g_00","angle":0,"x_position":7.5,"y_position":8.5},{"asset_code":"g_00","angle":0,"x_position":7.5,"y_position":9.5},{"asset_code":"g_00","angle":0,"x_position":7.5,"y_position":10.5},{"asset_code":"g_00","angle":0,"x_position":7.5,"y_position":11.5},{"asset_code":"g_00","angle":0,"x_position":7.5,"y_position":12.5},{"asset_code":"g_00","angle":0,"x_position":7.5,"y_position":13.5},{"asset_code":"g_00","angle":0,"x_position":7.5,"y_position":14.5},{"asset_code":"g_00","angle":0,"x_position":8.5,"y_position":0.5},{"asset_code":"g_00","angle":0,"x_position":8.5,"y_position":1.5},{"asset_code":"g_00","angle":0,"x_position":8.5,"y_position":2.5},{"asset_code":"g_00","angle":0,"x_position":8.5,"y_position":3.5},{"asset_code":"g_00","angle":0,"x_position":8.5,"y_position":4.5},{"asset_code":"g_00","angle":0,"x_position":8.5,"y_position":5.5},{"asset_code":"g_00","angle":0,"x_position":8.5,"y_position":6.5},{"asset_code":"g_00","angle":0,"x_position":8.5,"y_position":7.5},{"asset_code":"g_00","angle":0,"x_position":8.5,"y_position":8.5},{"asset_code":"g_35","angle":0,"x_position":8.5,"y_position":9.5},{"asset_code":"g_00","angle":0,"x_position":8.5,"y_position":10.5},{"asset_code":"g_35","angle":0,"x_position":8.5,"y_position":11.5},{"asset_code":"g_00","angle":0,"x_position":8.5,"y_position":12.5},{"asset_code":"g_00","angle":0,"x_position":8.5,"y_position":13.5},{"asset_code":"g_00","angle":0,"x_position":8.5,"y_position":14.5},{"asset_code":"g_00","angle":0,"x_position":9.5,"y_position":0.5},{"asset_code":"g_26","angle":0,"x_position":9.5,"y_position":1.5},{"asset_code":"g_12","angle":180.000061,"x_position":9.5,"y_position":2.5},{"asset_code":"g_27","angle":0,"x_position":9.5,"y_position":3.5},{"asset_code":"g_04","angle":0,"x_position":9.5,"y_position":4.5},{"asset_code":"g_35","angle":0,"x_position":9.5,"y_position":5.5},{"asset_code":"g_00","angle":0,"x_position":9.5,"y_position":6.5},{"asset_code":"g_00","angle":0,"x_position":9.5,"y_position":7.5},{"asset_code":"g_00","angle":0,"x_position":9.5,"y_position":8.5},{"asset_code":"g_04","angle":0,"x_position":9.5,"y_position":9.5},{"asset_code":"g_21","angle":0,"x_position":9.5,"y_position":10.5},{"asset_code":"g_12","angle":180.000061,"x_position":9.5,"y_position":11.5},{"asset_code":"g_02","angle":270.000031,"x_position":9.5,"y_position":12.5},{"asset_code":"g_18","angle":0,"x_position":9.5,"y_position":13.5},{"asset_code":"g_00","angle":0,"x_position":9.5,"y_position":14.5},{"asset_code":"g_00","angle":0,"x_position":10.5,"y_position":0.5},{"asset_code":"g_00","angle":0,"x_position":10.5,"y_position":1.5},{"asset_code":"g_02","angle":180.000061,"x_position":10.5,"y_position":2.5},{"asset_code":"g_36","angle":0,"x_position":10.5,"y_position":3.5},{"asset_code":"g_09","angle":0,"x_position":10.5,"y_position":4.5},{"asset_code":"g_00","angle":0,"x_position":10.5,"y_position":5.5},{"asset_code":"g_12","angle":0,"x_position":10.5,"y_position":6.5},{"asset_code":"g_00","angle":0,"x_position":10.5,"y_position":7.5},{"asset_code":"g_00","angle":0,"x_position":10.5,"y_position":8.5},{"asset_code":"g_00","angle":0,"x_position":10.5,"y_position":9.5},{"asset_code":"g_00","angle":0,"x_position":10.5,"y_position":10.5},{"asset_code":"g_00","angle":0,"x_position":10.5,"y_position":11.5},{"asset_code":"g_09","angle":0,"x_position":10.5,"y_position":12.5},{"asset_code":"g_00","angle":0,"x_position":10.5,"y_position":13.5},{"asset_code":"g_00","angle":0,"x_position":10.5,"y_position":14.5},{"asset_code":"g_00","angle":0,"x_position":11.5,"y_position":0.5},{"asset_code":"g_09","angle":0,"x_position":11.5,"y_position":1.5},{"asset_code":"g_26","angle":270.000031,"x_position":11.5,"y_position":2.5},{"asset_code":"g_30","angle":180.000061,"x_position":11.5,"y_position":3.5},{"asset_code":"g_00","angle":0,"x_position":11.5,"y_position":4.5},{"asset_code":"g_00","angle":0,"x_position":11.5,"y_position":5.5},{"asset_code":"g_00","angle":0,"x_position":11.5,"y_position":6.5},{"asset_code":"g_30","angle":0,"x_position":11.5,"y_position":7.5},{"asset_code":"g_09","angle":0,"x_position":11.5,"y_position":8.5},{"asset_code":"g_00","angle":0,"x_position":11.5,"y_position":9.5},{"asset_code":"g_00","angle":0,"x_position":11.5,"y_position":10.5},{"asset_code":"g_36","angle":0,"x_position":11.5,"y_position":11.5},{"asset_code":"g_00","angle":0,"x_position":11.5,"y_position":12.5},{"asset_code":"g_26","angle":0,"x_position":11.5,"y_position":13.5},{"asset_code":"g_00","angle":0,"x_position":11.5,"y_position":14.5},{"asset_code":"g_00","angle":0,"x_position":12.5,"y_position":0.5},{"asset_code":"g_00","angle":0,"x_position":12.5,"y_position":1.5},{"asset_code":"g_35","angle":180.000061,"x_position":12.5,"y_position":2.5},{"asset_code":"g_01","angle":0,"x_position":12.5,"y_position":3.5},{"asset_code":"g_36","angle":0,"x_position":12.5,"y_position":4.5},{"asset_code":"g_27","angle":270.000031,"x_position":12.5,"y_position":5.5},{"asset_code":"g_00","angle":0,"x_position":12.5,"y_position":6.5},{"asset_code":"g_00","angle":0,"x_position":12.5,"y_position":7.5},{"asset_code":"g_00","angle":0,"x_position":12.5,"y_position":8.5},{"asset_code":"g_27","angle":0,"x_position":12.5,"y_position":9.5},{"asset_code":"g_00","angle":0,"x_position":12.5,"y_position":10.5},{"asset_code":"g_09","angle":0,"x_position":12.5,"y_position":11.5},{"asset_code":"g_31","angle":270.000031,"x_position":12.5,"y_position":12.5},{"asset_code":"g_00","angle":0,"x_position":12.5,"y_position":13.5},{"asset_code":"g_00","angle":0,"x_position":12.5,"y_position":14.5},{"asset_code":"g_00","angle":0,"x_position":13.5,"y_position":0.5},{"asset_code":"g_00","angle":0,"x_position":13.5,"y_position":1.5},{"asset_code":"g_00","angle":0,"x_position":13.5,"y_position":2.5},{"asset_code":"g_31","angle":180.000061,"x_position":13.5,"y_position":3.5},{"asset_code":"g_18","angle":0,"x_position":13.5,"y_position":4.5},{"asset_code":"g_00","angle":0,"x_position":13.5,"y_position":5.5},{"asset_code":"g_00","angle":0,"x_position":13.5,"y_position":6.5},{"asset_code":"g_00","angle":0,"x_position":13.5,"y_position":7.5},{"asset_code":"g_21","angle":90.0000153,"x_position":13.5,"y_position":8.5},{"asset_code":"g_00","angle":0,"x_position":13.5,"y_position":9.5},{"asset_code":"g_18","angle":0,"x_position":13.5,"y_position":10.5},{"asset_code":"g_01","angle":0,"x_position":13.5,"y_position":11.5},{"asset_code":"g_00","angle":0,"x_position":13.5,"y_position":12.5},{"asset_code":"g_00","angle":0,"x_position":13.5,"y_position":13.5},{"asset_code":"g_00","angle":0,"x_position":13.5,"y_position":14.5},{"asset_code":"g_00","angle":0,"x_position":14.5,"y_position":0.5},{"asset_code":"g_00","angle":0,"x_position":14.5,"y_position":1.5},{"asset_code":"g_00","angle":0,"x_position":14.5,"y_position":2.5},{"asset_code":"g_00","angle":0,"x_position":14.5,"y_position":3.5},{"asset_code":"g_00","angle":0,"x_position":14.5,"y_position":4.5},{"asset_code":"g_00","angle":0,"x_position":14.5,"y_position":5.5},{"asset_code":"g_00","angle":0,"x_position":14.5,"y_position":6.5},{"asset_code":"g_00","angle":0,"x_position":14.5,"y_position":7.5},{"asset_code":"g_00","angle":0,"x_position":14.5,"y_position":8.5},{"asset_code":"g_00","angle":0,"x_position":14.5,"y_position":9.5},{"asset_code":"g_00","angle":0,"x_position":14.5,"y_position":10.5},{"asset_code":"g_00","angle":0,"x_position":14.5,"y_position":11.5},{"asset_code":"g_00","angle":0,"x_position":14.5,"y_position":12.5},{"asset_code":"g_00","angle":0,"x_position":14.5,"y_position":13.5},{"asset_code":"g_00","angle":0,"x_position":14.5,"y_position":14.5},{"asset_code":"g_border","angle":0,"x_position":0.5,"y_position":15.5},{"asset_code":"g_border","angle":0,"x_position":1.5,"y_position":15.5},{"asset_code":"g_border","angle":0,"x_position":2.5,"y_position":15.5},{"asset_code":"g_border","angle":0,"x_position":3.5,"y_position":15.5},{"asset_code":"g_border","angle":0,"x_position":4.5,"y_position":15.5},{"asset_code":"g_border","angle":0,"x_position":5.5,"y_position":15.5},{"asset_code":"g_border","angle":0,"x_position":6.5,"y_position":15.5},{"asset_code":"g_border","angle":0,"x_position":7.5,"y_position":15.5},{"asset_code":"g_border","angle":0,"x_position":8.5,"y_position":15.5},{"asset_code":"g_border","angle":0,"x_position":9.5,"y_position":15.5},{"asset_code":"g_border","angle":0,"x_position":10.5,"y_position":15.5},{"asset_code":"g_border","angle":0,"x_position":11.5,"y_position":15.5},{"asset_code":"g_border","angle":0,"x_position":12.5,"y_position":15.5},{"asset_code":"g_border","angle":0,"x_position":13.5,"y_position":15.5},{"asset_code":"g_border","angle":0,"x_position":14.5,"y_position":15.5},{"asset_code":"g_border","angle":180.000076,"x_position":0.5,"y_position":-0.5},{"asset_code":"g_border","angle":180.000076,"x_position":1.5,"y_position":-0.5},{"asset_code":"g_border","angle":180.000076,"x_position":2.5,"y_position":-0.5},{"asset_code":"g_border","angle":180.000076,"x_position":3.5,"y_position":-0.5},{"asset_code":"g_border","angle":180.000076,"x_position":4.5,"y_position":-0.5},{"asset_code":"g_border","angle":180.000076,"x_position":5.5,"y_position":-0.5},{"asset_code":"g_border","angle":180.000076,"x_position":6.5,"y_position":-0.5},{"asset_code":"g_border","angle":180.000076,"x_position":7.5,"y_position":-0.5},{"asset_code":"g_border","angle":180.000076,"x_position":8.5,"y_position":-0.5},{"asset_code":"g_border","angle":180.000076,"x_position":9.5,"y_position":-0.5},{"asset_code":"g_border","angle":180.000076,"x_position":10.5,"y_position":-0.5},{"asset_code":"g_border","angle":180.000076,"x_position":11.5,"y_position":-0.5},{"asset_code":"g_border","angle":180.000076,"x_position":12.5,"y_position":-0.5},{"asset_code":"g_border","angle":180.000076,"x_position":13.5,"y_position":-0.5},{"asset_code":"g_border","angle":180.000076,"x_position":14.5,"y_position":-0.5},{"asset_code":"g_border","angle":90.00001,"x_position":-0.5,"y_position":0.5},{"asset_code":"g_border","angle":90.00001,"x_position":-0.5,"y_position":1.5},{"asset_code":"g_border","angle":90.00001,"x_position":-0.5,"y_position":2.5},{"asset_code":"g_border","angle":90.00001,"x_position":-0.5,"y_position":3.5},{"asset_code":"g_border","angle":90.00001,"x_position":-0.5,"y_position":4.5},{"asset_code":"g_border","angle":90.00001,"x_position":-0.5,"y_position":5.5},{"asset_code":"g_border","angle":90.00001,"x_position":-0.5,"y_position":6.5},{"asset_code":"g_border","angle":90.00001,"x_position":-0.5,"y_position":7.5},{"asset_code":"g_border","angle":90.00001,"x_position":-0.5,"y_position":8.5},{"asset_code":"g_border","angle":90.00001,"x_position":-0.5,"y_position":9.5},{"asset_code":"g_border","angle":90.00001,"x_position":-0.5,"y_position":10.5},{"asset_code":"g_border","angle":90.00001,"x_position":-0.5,"y_position":11.5},{"asset_code":"g_border","angle":90.00001,"x_position":-0.5,"y_position":12.5},{"asset_code":"g_border","angle":90.00001,"x_position":-0.5,"y_position":13.5},{"asset_code":"g_border","angle":90.00001,"x_position":-0.5,"y_position":14.5},{"asset_code":"g_border","angle":270.000031,"x_position":15.5,"y_position":0.5},{"asset_code":"g_border","angle":270.000031,"x_position":15.5,"y_position":1.5},{"asset_code":"g_border","angle":270.000031,"x_position":15.5,"y_position":2.5},{"asset_code":"g_border","angle":270.000031,"x_position":15.5,"y_position":3.5},{"asset_code":"g_border","angle":270.000031,"x_position":15.5,"y_position":4.5},{"asset_code":"g_border","angle":270.000031,"x_position":15.5,"y_position":5.5},{"asset_code":"g_border","angle":270.000031,"x_position":15.5,"y_position":6.5},{"asset_code":"g_border","angle":270.000031,"x_position":15.5,"y_position":7.5},{"asset_code":"g_border","angle":270.000031,"x_position":15.5,"y_position":8.5},{"asset_code":"g_border","angle":270.000031,"x_position":15.5,"y_position":9.5},{"asset_code":"g_border","angle":270.000031,"x_position":15.5,"y_position":10.5},{"asset_code":"g_border","angle":270.000031,"x_position":15.5,"y_position":11.5},{"asset_code":"g_border","angle":270.000031,"x_position":15.5,"y_position":12.5},{"asset_code":"g_border","angle":270.000031,"x_position":15.5,"y_position":13.5},{"asset_code":"g_border","angle":270.000031,"x_position":15.5,"y_position":14.5},{"asset_code":"g_corner","angle":90.00001,"x_position":-0.5,"y_position":-0.5},{"asset_code":"g_corner","angle":0,"x_position":-0.5,"y_position":15.5},{"asset_code":"g_corner","angle":180.000076,"x_position":15.5,"y_position":-0.5},{"asset_code":"g_corner","angle":270.000031,"x_position":15.5,"y_position":15.5}],"map_feature":[{"asset_code":"mf_hide_plus","angle":0,"x_position":7.52898645,"y_position":7.492754,"map_feature_type":1,"radius":0.5},{"asset_code":"mf_hide_i","angle":45.0000038,"x_position":3.88,"y_position":10.06,"map_feature_type":1,"radius":0.5},{"asset_code":"mf_hide_i","angle":135,"x_position":11.15,"y_position":10.01,"map_feature_type":1,"radius":0.5},{"asset_code":"mf_hide_i","angle":135,"x_position":4.01,"y_position":5,"map_feature_type":1,"radius":0.5},{"asset_code":"mf_hide_i","angle":45.0000038,"x_position":11.15,"y_position":4.88,"map_feature_type":1,"radius":0.5},{"asset_code":"mf_hide_i","angle":90.00001,"x_position":7.57,"y_position":4.31884,"map_feature_type":1,"radius":0.5},{"asset_code":"mf_hide_i","angle":90.00001,"x_position":7.572465,"y_position":10.44,"map_feature_type":1,"radius":0.5},{"asset_code":"mf_hide_l","angle":0,"x_position":2.094203,"y_position":2.15942049,"map_feature_type":1,"radius":0.5},{"asset_code":"mf_hide_l","angle":90.00001,"x_position":13.44203,"y_position":1.60869551,"map_feature_type":1,"radius":0.5},{"asset_code":"mf_hide_l","angle":180.000061,"x_position":13.239131,"y_position":13.405797,"map_feature_type":1,"radius":0.5},{"asset_code":"mf_hide_l","angle":270.000031,"x_position":2.166668,"y_position":12.985507,"map_feature_type":1,"radius":0.5},{"asset_code":"mf_hide_plus","angle":0,"x_position":7.514494,"y_position":2.144928,"map_feature_type":1,"radius":0.5},{"asset_code":"mf_hide_plus","angle":0,"x_position":7.76087046,"y_position":13.362319,"map_feature_type":1,"radius":0.5},{"asset_code":"mf_hide_plus","angle":0,"x_position":13.079711,"y_position":7.231884,"map_feature_type":1,"radius":0.5},{"asset_code":"mf_hide_plus","angle":0,"x_position":2.44203,"y_position":7.202899,"map_feature_type":1,"radius":0.5},{"asset_code":"mf_kill_01","angle":0,"x_position":1.5653491,"y_position":1.27355623,"map_feature_type":3,"radius":0.1},{"asset_code":"mf_kill_01","angle":0,"x_position":12.3465052,"y_position":3.02431583,"map_feature_type":3,"radius":0.1},{"asset_code":"mf_kill_01","angle":0,"x_position":4.662614,"y_position":3.77811527,"map_feature_type":3,"radius":0.1},{"asset_code":"mf_kill_01","angle":0,"x_position":3.65045452,"y_position":7.914893,"map_feature_type":3,"radius":0.1},{"asset_code":"mf_kill_01","angle":0,"x_position":9.270516,"y_position":10.9452887,"map_feature_type":3,"radius":0.1},{"asset_code":"mf_kill_01","angle":0,"x_position":5.16109371,"y_position":11.5683889,"map_feature_type":3,"radius":0.1},{"asset_code":"mf_kill_01","angle":0,"x_position":13.2978716,"y_position":8.978724,"map_feature_type":3,"radius":0.1},{"asset_code":"mf_kill_01","angle":0,"x_position":11.3282671,"y_position":5.975684,"map_feature_type":3,"radius":0.1},{"asset_code":"mf_kill_01","angle":0,"x_position":1.75075912,"y_position":10.7598782,"map_feature_type":3,"radius":0.1},{"asset_code":"mf_kill_01","angle":0,"x_position":7.550151,"y_position":5.15805531,"map_feature_type":3,"radius":0.1},{"asset_code":"mf_kill_01","angle":0,"x_position":9.221884,"y_position":1.6990881,"map_feature_type":3,"radius":0.1},{"asset_code":"mf_kill_01","angle":0,"x_position":11.7051659,"y_position":12.4650459,"map_feature_type":3,"radius":0.1},{"asset_code":"mf_kill_01","angle":0,"x_position":2.77603626,"y_position":5.57110834,"map_feature_type":3,"radius":0.1},{"asset_code":"mf_kill_01","angle":0,"x_position":13.4792843,"y_position":4.76483727,"map_feature_type":3,"radius":0.1},{"asset_code":"mf_kill_01","angle":0,"x_position":5.88017941,"y_position":13.2105274,"map_feature_type":3,"radius":0.1},{"asset_code":"mf_kill_01","angle":0,"x_position":5.779395,"y_position":9.56215,"map_feature_type":3,"radius":0.1},{"asset_code":"mf_kill_01","angle":0,"x_position":10.9193726,"y_position":8.513998,"map_feature_type":3,"radius":0.1},{"asset_code":"mf_kill_01","angle":0,"x_position":12.5722284,"y_position":10.7917128,"map_feature_type":3,"radius":0.1},{"asset_code":"mf_kill_01","angle":0,"x_position":2.91713333,"y_position":3.13213873,"map_feature_type":3,"radius":0.1},{"asset_code":"mf_kill_01","angle":0,"x_position":10.2340422,"y_position":4.05935049,"map_feature_type":3,"radius":0.1},{"asset_code":"mf_kill_01","angle":0,"x_position":9.468084,"y_position":13.0089588,"map_feature_type":3,"radius":0.1},{"asset_code":"mf_kill_01","angle":0,"x_position":6.9446106,"y_position":9.185629,"map_feature_type":3,"radius":0.1},{"asset_code":"mf_kill_01","angle":0,"x_position":5.74148,"y_position":5.60413551,"map_feature_type":3,"radius":0.1},{"asset_code":"mf_kill_01","angle":0,"x_position":2.43613148,"y_position":9.22452,"map_feature_type":3,"radius":0.1},{"asset_code":"mf_kill_01","angle":0,"x_position":3.24891472,"y_position":12.3515511,"map_feature_type":3,"radius":0.1},{"asset_code":"mf_kill_01","angle":0,"x_position":7.756165,"y_position":11.583456,"map_feature_type":3,"radius":0.1},{"asset_code":"mf_kill_01","angle":0,"x_position":11.4014959,"y_position":14.1935005,"map_feature_type":3,"radius":0.1},{"asset_code":"mf_kill_01","angle":0,"x_position":0.7711277,"y_position":14.3116684,"map_feature_type":3,"radius":0.1},{"asset_code":"mf_kill_01","angle":0,"x_position":0.6381264,"y_position":6.002954,"map_feature_type":3,"radius":0.1},{"asset_code":"mf_kill_01","angle":0,"x_position":5.17992067,"y_position":1.988183,"map_feature_type":3,"radius":0.1},{"asset_code":"mf_kill_01","angle":0,"x_position":11.4409351,"y_position":0.8463812,"map_feature_type":3,"radius":0.1},{"asset_code":"mf_kill_01","angle":0,"x_position":14.4507256,"y_position":6.16986752,"map_feature_type":3,"radius":0.1},{"asset_code":"mf_kill_01","angle":0,"x_position":10.8251591,"y_position":2.52584934,"map_feature_type":3,"radius":0.1},{"asset_code":"mf_kill_01","angle":0,"x_position":9.613374,"y_position":5.5982275,"map_feature_type":3,"radius":0.1},{"asset_code":"mf_kill_01","angle":0,"x_position":9.43604,"y_position":9.336781,"map_feature_type":3,"radius":0.1},{"asset_code":"mf_hide_l","angle":0,"x_position":9.867256,"y_position":7.46980858,"map_feature_type":1,"radius":0.5},{"asset_code":"mf_hide_l","angle":180,"x_position":5.366105,"y_position":7.42268038,"map_feature_type":1,"radius":0.5}],"spawner":[{"asset_code":"s_02","spawner_type":2,"spawn_method":1,"radius":3.5,"angle":0,"spawn_interval":10,"spawn_rate":2,"max_spawn":10,"spawner_position":"3.719462,11.27;3.719462,11.27","spawn_item":[{"buff_type":3},{"buff_type":4},{"buff_type":2}]},{"asset_code":"s_02","spawner_type":2,"spawn_method":1,"radius":3.5,"angle":0,"spawn_interval":10,"spawn_rate":2,"max_spawn":10,"spawner_position":"11.37,11.29;11.37,11.29","spawn_item":[{"buff_type":3},{"buff_type":4},{"buff_type":2}]},{"asset_code":"s_02","spawner_type":2,"spawn_method":1,"radius":3.5,"angle":0,"spawn_interval":10,"spawn_rate":2,"max_spawn":10,"spawner_position":"11.41,3.69;11.41,3.69","spawn_item":[{"buff_type":3},{"buff_type":4},{"buff_type":2}]},{"asset_code":"s_02","spawner_type":2,"spawn_method":1,"radius":3.5,"angle":0,"spawn_interval":10,"spawn_rate":2,"max_spawn":10,"spawner_position":"3.609731,3.523809;3.609731,3.523809","spawn_item":[{"buff_type":3},{"buff_type":4},{"buff_type":2}]},{"asset_code":"s_02","spawner_type":2,"spawn_method":1,"radius":7,"angle":0,"spawn_interval":15,"spawn_rate":2,"max_spawn":16,"spawner_position":"7.61,7.39;7.61,7.39","spawn_item":[{"buff_type":5}]},{"asset_code":"s_01","spawner_type":1,"spawn_method":1,"radius":7.3,"angle":0,"spawn_interval":1,"spawn_rate":100,"max_spawn":750,"spawner_position":"7.530901,7.455927;7.530901,7.455927","spawn_item":[]},{"asset_code":"s_01","spawner_type":1,"spawn_method":1,"radius":1,"angle":0,"spawn_interval":1,"spawn_rate":5,"max_spawn":20,"spawner_position":"1.269504,1.417427;1.269504,1.417427","spawn_item":[]},{"asset_code":"s_01","spawner_type":1,"spawn_method":1,"radius":1,"angle":0,"spawn_interval":1,"spawn_rate":5,"max_spawn":20,"spawner_position":"13.67173,1.267477;13.67173,1.267477","spawn_item":[]},{"asset_code":"s_01","spawner_type":1,"spawn_method":1,"radius":1,"angle":0,"spawn_interval":1,"spawn_rate":5,"max_spawn":20,"spawner_position":"1.311044,13.3465;1.311044,13.3465","spawn_item":[]},{"asset_code":"s_01","spawner_type":1,"spawn_method":1,"radius":1,"angle":0,"spawn_interval":1,"spawn_rate":5,"max_spawn":20,"spawner_position":"13.692,13.65046;13.692,13.65046","spawn_item":[]},{"asset_code":"s_02","spawner_type":2,"spawn_method":1,"radius":5,"angle":0,"spawn_interval":10,"spawn_rate":2,"max_spawn":20,"spawner_position":"7.514754,7.501639;7.514754,7.501639","spawn_item":[{"buff_type":3},{"buff_type":4},{"buff_type":2}]},{"asset_code":"s_02","spawner_type":2,"spawn_method":1,"radius":4,"angle":0,"spawn_interval":1,"spawn_rate":1,"max_spawn":5,"spawner_position":"4.522832,7.98;4.522832,7.98","spawn_item":[{"buff_type":6}]},{"asset_code":"s_02","spawner_type":2,"spawn_method":1,"radius":4,"angle":0,"spawn_interval":1,"spawn_rate":1,"max_spawn":5,"spawner_position":"10.28373,6.69;10.28373,6.69","spawn_item":[{"buff_type":6}]}],"borderline":[]}
