{"skeleton":{"hash":"SHCFekyXn4YRbpSmSJncLGm1EDI","spine":"3.4.02","width":474,"height":474},"bones":[{"name":"root"},{"name":"glow 1","parent":"root","length":93.32,"rotation":-90,"x":-0.62,"y":0.68},{"name":"glow 2","parent":"root","length":215.49,"rotation":90,"x":-0.45,"y":0.66}],"slots":[{"name":"glow 2","bone":"glow 2","attachment":"glow 2"},{"name":"glow 1","bone":"glow 1","attachment":"glow 1"}],"skins":{"default":{"glow 1":{"glow 1":{"x":0.47,"y":0.34,"rotation":90,"width":219,"height":219}},"glow 2":{"glow 2":{"x":0.03,"y":-0.86,"rotation":-90.24,"width":472,"height":472}}}},"animations":{"animation":{"slots":{"glow 1":{"color":[{"time":0.5,"color":"ffffffff","curve":[0.25,0,0.75,1]},{"time":0.7666,"color":"ffffff00"}]},"glow 2":{"color":[{"time":0,"color":"ffffffff","curve":[0.25,0,0.75,1]},{"time":0.3333,"color":"ffffff00","curve":"stepped"},{"time":0.3666,"color":"ffffffff","curve":"stepped"},{"time":1.3333,"color":"ffffffff"}]}},"bones":{"glow 2":{"scale":[{"time":0,"x":1,"y":1},{"time":0.3333,"x":1.2,"y":1.2},{"time":0.3666,"x":0,"y":0},{"time":1.3333,"x":1,"y":1}]},"glow 1":{"scale":[{"time":0,"x":1,"y":1},{"time":0.7666,"x":2.5,"y":2.5},{"time":0.8,"x":0,"y":0},{"time":1.3333,"x":1,"y":1}]}}}}}