{"skeleton":{"hash":"JgtO5J7tkUkHCrugxvuZ6aelhVE","spine":"3.4.02","width":1848.62,"height":2627.54},"bones":[{"name":"root"},{"name":"sea_urchin","parent":"root","length":135.35,"rotation":93.09,"x":3.08,"y":-0.33}],"slots":[{"name":"shadow_2","bone":"root","attachment":"shadow_2"},{"name":"sea_urchin","bone":"sea_urchin","attachment":"sea_urchin"}],"skins":{"default":{"sea_urchin":{"sea_urchin":{"x":31.75,"y":-30.17,"rotation":-93.09,"width":1793,"height":1852}},"shadow_2":{"shadow_2":{"color":"ffffffb4","x":-280.62,"y":-1028.54,"scaleX":2.5,"scaleY":2.5,"width":512,"height":512}}}},"animations":{"hit01":{"slots":{"shadow_2":{"color":[{"time":0,"color":"ffffffb8","curve":[0.25,0,0.75,1]},{"time":0.1666,"color":"ffffff59","curve":[0.25,0,0.75,1]},{"time":1,"color":"ffffffb8"}]}},"bones":{"sea_urchin":{"rotate":[{"time":0,"angle":-1.09}],"translate":[{"time":0,"x":5.88,"y":-30.6}],"scale":[{"time":0,"x":1,"y":1,"curve":[0.25,0,0.75,1]},{"time":0.1666,"x":1.1,"y":1.1,"curve":[0.25,0,0.75,1]},{"time":0.5666,"x":0.95,"y":0.95,"curve":[0.25,0,0.75,1]},{"time":1,"x":1,"y":1}]}}},"hit02":{"slots":{"shadow_2":{"color":[{"time":0,"color":"ffffffb8","curve":[0.25,0,0.75,1]},{"time":0.3333,"color":"ffffffd8","curve":[0.25,0,0.75,1]},{"time":0.6666,"color":"ffffff78","curve":[0.25,0,0.75,1]},{"time":1.1666,"color":"ffffffdb","curve":[0.25,0,0.75,1]},{"time":1.6666,"color":"ffffffb8"}]}},"bones":{"sea_urchin":{"rotate":[{"time":0,"angle":2.31}],"translate":[{"time":0,"x":3.62,"y":-86.95}],"scale":[{"time":0,"x":1,"y":1,"curve":[0.25,0,0.75,1]},{"time":0.3333,"x":0.95,"y":0.95,"curve":[0.25,0,0.75,1]},{"time":0.6666,"x":1.05,"y":1.05,"curve":[0.25,0,0.75,1]},{"time":1.1666,"x":0.95,"y":0.95,"curve":[0.25,0,0.75,1]},{"time":1.6666,"x":1,"y":1}]}}},"idle01":{"slots":{"shadow_2":{"color":[{"time":0,"color":"ffffffb8","curve":"stepped"},{"time":0.8333,"color":"ffffffb8","curve":[0.25,0,0.75,1]},{"time":1.6666,"color":"ffffff59","curve":[0.25,0,0.75,1]},{"time":2.6666,"color":"ffffffb8","curve":[0.25,0,0.75,1]},{"time":3.3333,"color":"ffffff78","curve":[0.25,0,0.75,1]},{"time":4,"color":"ffffffb8"}]}},"bones":{"sea_urchin":{"rotate":[{"time":0,"angle":-1.09,"curve":[0.25,0,0.75,1]},{"time":1.6666,"angle":-5.17,"curve":[0.25,0,0.75,1]},{"time":5,"angle":-1.09}],"translate":[{"time":0,"x":5.88,"y":-30.6,"curve":[0.25,0,0.75,1]},{"time":1.6666,"x":0,"y":41.18,"curve":[0.25,0,0.75,1]},{"time":5,"x":5.88,"y":-30.6}],"scale":[{"time":0,"x":1,"y":1,"curve":[0.25,0,0.75,1]},{"time":0.8333,"x":0.982,"y":0.982,"curve":[0.25,0,0.75,1]},{"time":1.6666,"x":1.075,"y":1.075,"curve":[0.25,0,0.75,1]},{"time":2.5,"x":0.921,"y":0.921,"curve":[0.25,0,0.75,1]},{"time":3.3333,"x":1.03,"y":1.03,"curve":[0.25,0,0.75,1]},{"time":4,"x":0.926,"y":0.926,"curve":[0.25,0,0.75,1]},{"time":5,"x":1,"y":1}]}}},"idle02":{"slots":{"shadow_2":{"color":[{"time":0,"color":"ffffffb8","curve":[0.25,0,0.75,1]},{"time":1.5,"color":"ffffff59","curve":[0.25,0,0.75,1]},{"time":3,"color":"ffffffb8"}],"attachment":[{"time":0,"name":"shadow_2"},{"time":3,"name":"shadow_2"}]}},"bones":{"sea_urchin":{"rotate":[{"time":0,"angle":2.31,"curve":[0.25,0,0.75,1]},{"time":1,"angle":7.13,"curve":[0.25,0,0.75,1]},{"time":2,"angle":-1.69,"curve":[0.25,0,0.75,1]},{"time":3,"angle":2.31}],"translate":[{"time":0,"x":3.62,"y":-86.95,"curve":[0.25,0,0.75,1]},{"time":1.5,"x":0,"y":86.95,"curve":[0.25,0,0.75,1]},{"time":3,"x":3.62,"y":-86.95}],"scale":[{"time":0,"x":1,"y":1,"curve":[0.25,0,0.75,1]},{"time":1.5,"x":1.05,"y":1.05,"curve":[0.25,0,0.75,1]},{"time":3,"x":1,"y":1}]},"root":{"scale":[{"time":0,"x":1,"y":1,"curve":"stepped"},{"time":3,"x":1,"y":1}]}}}}}