{"skeleton":{"hash":"bNRRXMv5CeNvmsDLg8rEyb7qIuQ","spine":"3.4.02","width":2741.29,"height":2968.8,"images":"./spineimages/"},"bones":[{"name":"root"},{"name":"nos 1","parent":"root","length":531.39,"rotation":55.16,"x":101.55,"y":207.71,"scaleX":3,"scaleY":2},{"name":"nos 2","parent":"root","length":586.27,"rotation":75.96,"x":42.44,"y":666.24,"scaleX":3,"scaleY":2},{"name":"nos 3","parent":"root","length":561.03,"rotation":111.37,"x":-165.25,"y":568.78,"scaleX":3,"scaleY":2},{"name":"nos 4","parent":"root","length":315.53,"rotation":42.33,"x":210.19,"y":108.66,"scaleX":3,"scaleY":2},{"name":"nos 5","parent":"root","length":335.5,"rotation":60.62,"x":128.71,"y":512.87,"scaleX":3,"scaleY":2},{"name":"nos 6","parent":"root","length":328.92,"rotation":94.35,"x":-57.18,"y":404.3,"scaleX":3,"scaleY":2},{"name":"nos 7","parent":"root","length":352.48,"rotation":110.98,"x":-37.43,"y":795.65,"scaleX":3,"scaleY":2},{"name":"nos 8","parent":"root","length":333.55,"rotation":113.81,"x":-190.76,"y":323.93,"scaleX":3,"scaleY":2},{"name":"nos 9","parent":"root","length":676.03,"rotation":125.38,"x":-181.22,"y":94.28,"scaleX":3,"scaleY":2},{"name":"nos glow","parent":"root","length":1491.31,"rotation":89.99,"x":-2.56,"y":205.25}],"slots":[{"name":"nos glow","bone":"nos glow","attachment":"nos glow"},{"name":"nos 9","bone":"nos 9","attachment":"nos 9"},{"name":"nos 8","bone":"nos 8","attachment":"nos 8"},{"name":"nos 7","bone":"nos 7","attachment":"nos 7"},{"name":"nos 6","bone":"nos 6","attachment":"nos 6"},{"name":"nos 5","bone":"nos 5","attachment":"nos 5"},{"name":"nos 4","bone":"nos 4","attachment":"nos 4"},{"name":"nos 3","bone":"nos 3","attachment":"nos 3"},{"name":"nos 2","bone":"nos 2","attachment":"nos 2"},{"name":"nos 1","bone":"nos 1","attachment":"nos 1"}],"skins":{"default":{"nos 1":{"nos 1":{"x":207.35,"y":-22.31,"rotation":-64.21,"width":402,"height":720}},"nos 2":{"nos 2":{"x":205.13,"y":-6.16,"rotation":-75.96,"width":308,"height":773}},"nos 3":{"nos 3":{"x":206.45,"y":15.19,"rotation":-111.37,"width":363,"height":745}},"nos 4":{"nos 4":{"x":153.92,"y":6.17,"rotation":-69.65,"width":273,"height":455}},"nos 5":{"nos 5":{"x":146.08,"y":2.44,"rotation":-60.62,"width":320,"height":440}},"nos 6":{"nos 6":{"x":150.84,"y":-3.75,"rotation":-94.35,"width":211,"height":474}},"nos 7":{"nos 7":{"x":148.15,"y":-7.01,"rotation":-110.98,"width":273,"height":455}},"nos 8":{"nos 8":{"x":149.89,"y":-7.41,"rotation":-113.81,"width":290,"height":450}},"nos 9":{"nos 9":{"x":315.8,"y":-6.43,"rotation":-125.38,"width":531,"height":691}},"nos glow":{"nos glow":{"x":156.73,"y":-7.56,"rotation":-89.99,"width":1488,"height":1898}}}},"animations":{"animation":{"slots":{"nos 1":{"color":[{"time":0,"color":"ffffff00","curve":"stepped"},{"time":0.5,"color":"ffffff00","curve":[0.25,0,0.75,1]},{"time":0.6666,"color":"ffffffff","curve":[0.25,0,0.75,1]},{"time":0.8333,"color":"ffffff00","curve":"stepped"},{"time":2,"color":"ffffff00"}]},"nos 2":{"color":[{"time":0,"color":"ffffff00","curve":"stepped"},{"time":1.1666,"color":"ffffff00","curve":[0.25,0,0.75,1]},{"time":1.3333,"color":"ffffffff","curve":[0.25,0,0.75,1]},{"time":1.5,"color":"ffffff00","curve":"stepped"},{"time":2,"color":"ffffff00"}]},"nos 3":{"color":[{"time":0,"color":"ffffff00","curve":"stepped"},{"time":0.3333,"color":"ffffff00","curve":[0.25,0,0.75,1]},{"time":0.5,"color":"ffffffff","curve":[0.25,0,0.75,1]},{"time":0.6666,"color":"ffffff00","curve":"stepped"},{"time":2,"color":"ffffff00"}]},"nos 4":{"color":[{"time":0,"color":"ffffff00","curve":"stepped"},{"time":0.1666,"color":"ffffff00","curve":[0.25,0,0.75,1]},{"time":0.3333,"color":"ffffffff","curve":[0.25,0,0.75,1]},{"time":0.5,"color":"ffffff00","curve":"stepped"},{"time":0.8333,"color":"ffffff00","curve":[0.25,0,0.75,1]},{"time":1,"color":"ffffffff","curve":[0.25,0,0.75,1]},{"time":1.1666,"color":"ffffff00","curve":"stepped"},{"time":2,"color":"ffffff00"}]},"nos 5":{"color":[{"time":0,"color":"ffffff00","curve":"stepped"},{"time":1.5,"color":"ffffff00","curve":[0.25,0,0.75,1]},{"time":1.6666,"color":"ffffffff","curve":[0.25,0,0.75,1]},{"time":1.8333,"color":"ffffff00","curve":"stepped"},{"time":2,"color":"ffffff00"}]},"nos 6":{"color":[{"time":0,"color":"ffffff00","curve":"stepped"},{"time":1.6666,"color":"ffffff00","curve":[0.25,0,0.75,1]},{"time":1.8333,"color":"ffffffff","curve":[0.68,0,0.75,1]},{"time":2,"color":"ffffff00"}]},"nos 7":{"color":[{"time":0,"color":"ffffff00","curve":"stepped"},{"time":1.3333,"color":"ffffff00","curve":[0.25,0,0.75,1]},{"time":1.5,"color":"ffffffff","curve":[0.25,0,0.75,1]},{"time":1.6666,"color":"ffffff00","curve":"stepped"},{"time":2,"color":"ffffff00"}]},"nos 8":{"color":[{"time":0,"color":"ffffff00","curve":[0.25,0,0.244,0.99]},{"time":0.1666,"color":"ffffffff","curve":[0.25,0,0.75,1]},{"time":0.3333,"color":"ffffff00","curve":"stepped"},{"time":0.6666,"color":"ffffff00","curve":[0.25,0,0.244,0.99]},{"time":0.8333,"color":"ffffffff","curve":[0.25,0,0.75,1]},{"time":1,"color":"ffffff00","curve":"stepped"},{"time":2,"color":"ffffff00"}]},"nos 9":{"color":[{"time":0,"color":"ffffff00","curve":"stepped"},{"time":1,"color":"ffffff00","curve":[0.25,0,0.75,1]},{"time":1.1666,"color":"ffffffff","curve":[0.25,0,0.75,1]},{"time":1.3333,"color":"ffffff00","curve":"stepped"},{"time":2,"color":"ffffff00"}]},"nos glow":{"color":[{"time":0,"color":"ffffff4a"},{"time":0.5,"color":"ffffffc7","curve":[0.25,0,0.75,1]},{"time":1,"color":"ffffff4a"},{"time":1.5,"color":"ffffffc7","curve":[0.25,0,0.75,1]},{"time":2,"color":"ffffff4a"}]}},"bones":{"nos 9":{"rotate":[{"time":0,"angle":-35.54,"curve":"stepped"},{"time":1,"angle":-35.54,"curve":"stepped"},{"time":2,"angle":-35.54}],"translate":[{"time":0,"x":48.4,"y":-366.99,"curve":"stepped"},{"time":1,"x":48.4,"y":-366.99,"curve":[0.25,0,0.75,1]},{"time":1.3333,"x":51.15,"y":591.71,"curve":"stepped"},{"time":2,"x":51.15,"y":591.71}],"scale":[{"time":0,"x":0.353,"y":0.353,"curve":"stepped"},{"time":1,"x":0.353,"y":0.353,"curve":[0.25,0,0.75,1]},{"time":1.1666,"x":1,"y":1,"curve":[0.25,0,0.75,1]},{"time":1.3333,"x":0.353,"y":0.353,"curve":"stepped"},{"time":2,"x":0.353,"y":0.353}]},"nos 8":{"rotate":[{"time":0,"angle":-23.6,"curve":"stepped"},{"time":0.6666,"angle":-23.6,"curve":"stepped"},{"time":2,"angle":-23.6}],"translate":[{"time":0,"x":-69.2,"y":-440.14,"curve":[0.392,0,0.704,0.38]},{"time":0.3333,"x":-72.5,"y":464.94},{"time":0.6666,"x":-142.06,"y":-249.07,"curve":[0.392,0,0.704,0.38]},{"time":1,"x":-127.81,"y":400.32,"curve":"stepped"},{"time":2,"x":-127.81,"y":400.32}],"scale":[{"time":0,"x":0.574,"y":0.574,"curve":[0.25,0,0.244,0.99]},{"time":0.1666,"x":1,"y":1,"curve":[0.25,0,0.75,1]},{"time":0.3333,"x":0.574,"y":0.574,"curve":"stepped"},{"time":0.6666,"x":0.574,"y":0.574,"curve":[0.25,0,0.244,0.99]},{"time":0.8333,"x":1,"y":1,"curve":[0.25,0,0.75,1]},{"time":1,"x":0.574,"y":0.574,"curve":"stepped"},{"time":2,"x":0.574,"y":0.574}]},"nos 3":{"rotate":[{"time":0,"angle":-20.63,"curve":"stepped"},{"time":0.3333,"angle":-20.63,"curve":"stepped"},{"time":2,"angle":-20.63}],"translate":[{"time":0,"x":-5.04,"y":-789.76,"curve":"stepped"},{"time":0.3333,"x":-5.04,"y":-789.76,"curve":[0.25,0,0.75,1]},{"time":0.6666,"x":-24.09,"y":685.17,"curve":"stepped"},{"time":2,"x":-24.09,"y":685.17}],"scale":[{"time":0,"x":0.476,"y":0.476,"curve":"stepped"},{"time":0.3333,"x":0.476,"y":0.476,"curve":[0.25,0,0.75,1]},{"time":0.5,"x":1,"y":1,"curve":[0.25,0,0.75,1]},{"time":0.6666,"x":0.476,"y":0.476,"curve":"stepped"},{"time":2,"x":0.476,"y":0.476}]},"nos 7":{"rotate":[{"time":0,"angle":-19.7,"curve":"stepped"},{"time":1.3333,"angle":-19.7,"curve":"stepped"},{"time":2,"angle":-19.7}],"translate":[{"time":0,"x":35.19,"y":-1038.88,"curve":"stepped"},{"time":1.3333,"x":35.19,"y":-1038.88,"curve":[0.25,0,0.75,1]},{"time":1.6666,"x":-2.22,"y":641.64,"curve":"stepped"},{"time":2,"x":-2.22,"y":641.64}],"scale":[{"time":0,"x":0.482,"y":0.482,"curve":"stepped"},{"time":1.3333,"x":0.482,"y":0.482,"curve":[0.25,0,0.75,1]},{"time":1.5,"x":1,"y":1,"curve":[0.25,0,0.75,1]},{"time":1.6666,"x":0.482,"y":0.482,"curve":"stepped"},{"time":2,"x":0.482,"y":0.482}]},"nos 6":{"rotate":[{"time":0,"angle":-4.04,"curve":"stepped"},{"time":1.6666,"angle":-4.04,"curve":"stepped"},{"time":2,"angle":-4.04}],"translate":[{"time":0,"x":-16.64,"y":-548.35,"curve":"stepped"},{"time":1.6666,"x":-16.64,"y":-548.35,"curve":[0.25,0,0.75,1]},{"time":2,"x":-22.21,"y":482.12}],"scale":[{"time":0,"x":0.386,"y":0.386,"curve":"stepped"},{"time":1.6666,"x":0.386,"y":0.386,"curve":[0.25,0,0.75,1]},{"time":1.8333,"x":1,"y":1,"curve":[0.68,0,0.75,1]},{"time":2,"x":0.386,"y":0.386}]},"nos 2":{"rotate":[{"time":0,"angle":12.43,"curve":"stepped"},{"time":1.1666,"angle":12.43,"curve":"stepped"},{"time":2,"angle":12.43}],"translate":[{"time":0,"x":-25.2,"y":-776.64,"curve":"stepped"},{"time":1.1666,"x":-25.2,"y":-776.64,"curve":[0.25,0,0.75,1]},{"time":1.5,"x":11.02,"y":520.93,"curve":"stepped"},{"time":2,"x":11.02,"y":520.93}],"scale":[{"time":0,"x":0.275,"y":0.275,"curve":"stepped"},{"time":1.1666,"x":0.275,"y":0.275,"curve":[0.25,0,0.75,1]},{"time":1.3333,"x":1,"y":1,"curve":[0.25,0,0.75,1]},{"time":1.5,"x":0.275,"y":0.275,"curve":"stepped"},{"time":2,"x":0.275,"y":0.275}]},"nos 5":{"rotate":[{"time":0,"angle":30.37,"curve":"stepped"},{"time":1.5,"angle":30.37,"curve":"stepped"},{"time":2,"angle":30.37}],"translate":[{"time":0,"x":38.38,"y":-421.85,"curve":"stepped"},{"time":1.5,"x":38.38,"y":-421.85,"curve":[0.25,0,0.75,1]},{"time":1.8333,"x":19.86,"y":637.77,"curve":"stepped"},{"time":2,"x":19.86,"y":637.77}],"scale":[{"time":0,"x":0.533,"y":0.533,"curve":"stepped"},{"time":1.5,"x":0.533,"y":0.533,"curve":[0.25,0,0.75,1]},{"time":1.6666,"x":1,"y":1,"curve":[0.25,0,0.75,1]},{"time":1.8333,"x":0.533,"y":0.533,"curve":"stepped"},{"time":2,"x":0.533,"y":0.533}]},"nos 1":{"rotate":[{"time":0,"angle":33.34,"curve":"stepped"},{"time":0.5,"angle":33.34,"curve":"stepped"},{"time":2,"angle":33.34}],"translate":[{"time":0,"x":-13.22,"y":-436.54,"curve":"stepped"},{"time":0.5,"x":-13.22,"y":-436.54,"curve":[0.25,0,0.75,1]},{"time":0.8333,"x":10.41,"y":473.22,"curve":"stepped"},{"time":2,"x":10.41,"y":473.22}],"scale":[{"time":0,"x":0.373,"y":0.373,"curve":"stepped"},{"time":0.5,"x":0.373,"y":0.373,"curve":[0.25,0,0.75,1]},{"time":0.6666,"x":1,"y":1,"curve":[0.25,0,0.75,1]},{"time":0.8333,"x":0.373,"y":0.373,"curve":"stepped"},{"time":2,"x":0.373,"y":0.373}]},"nos 4":{"rotate":[{"time":0,"angle":47.45,"curve":"stepped"},{"time":0.1666,"angle":47.45,"curve":"stepped"},{"time":0.8333,"angle":47.45,"curve":"stepped"},{"time":2,"angle":47.45}],"translate":[{"time":0,"x":27.08,"y":-300.4,"curve":"stepped"},{"time":0.1666,"x":27.08,"y":-300.4,"curve":[0.25,0,0.75,1]},{"time":0.5,"x":30.74,"y":668.67},{"time":0.8333,"x":93.79,"y":-298.99,"curve":[0.25,0,0.75,1]},{"time":1.1666,"x":97.76,"y":751.18,"curve":"stepped"},{"time":2,"x":97.76,"y":751.18}],"scale":[{"time":0,"x":0.593,"y":0.593,"curve":"stepped"},{"time":0.1666,"x":0.593,"y":0.593,"curve":[0.25,0,0.75,1]},{"time":0.3333,"x":1,"y":1,"curve":[0.25,0,0.75,1]},{"time":0.5,"x":0.593,"y":0.593,"curve":"stepped"},{"time":0.8333,"x":0.593,"y":0.593,"curve":[0.25,0,0.75,1]},{"time":1,"x":1,"y":1,"curve":[0.25,0,0.75,1]},{"time":1.1666,"x":0.593,"y":0.593,"curve":"stepped"},{"time":2,"x":0.593,"y":0.593}]},"nos glow":{"rotate":[{"time":0,"angle":0,"curve":"stepped"},{"time":0.5,"angle":0,"curve":"stepped"},{"time":1,"angle":0,"curve":"stepped"},{"time":1.5,"angle":0,"curve":"stepped"},{"time":2,"angle":0}],"translate":[{"time":0,"x":0,"y":0,"curve":"stepped"},{"time":0.5,"x":0,"y":0,"curve":"stepped"},{"time":1,"x":0,"y":0,"curve":"stepped"},{"time":1.5,"x":0,"y":0,"curve":"stepped"},{"time":2,"x":0,"y":0}],"scale":[{"time":0,"x":0.94,"y":0.94},{"time":0.5,"x":1.053,"y":1.053,"curve":[0.25,0,0.75,1]},{"time":1,"x":0.94,"y":0.94},{"time":1.5,"x":1.053,"y":1.053,"curve":[0.25,0,0.75,1]},{"time":2,"x":0.94,"y":0.94}]}}}}}