{"skeleton":{"hash":"km3muBKN6xfuFaIX1vbH/qQ3DCg","spine":"3.4.02","width":2708.62,"height":2570.76,"images":"./image/"},"bones":[{"name":"root","rotation":0.05},{"name":"lightning_01","parent":"root","length":1063.7,"rotation":270,"x":-4.1,"y":-0.2},{"name":"lightning_02","parent":"root","length":1044.24,"rotation":-90,"x":-18.8,"y":24.03},{"name":"lightning_03","parent":"root","length":1070.18,"rotation":-90,"x":-9.07,"y":-14.87},{"name":"lightning_04","parent":"root","length":852.9,"rotation":89.99,"x":-25.28,"y":-34.33},{"name":"lightning_05","parent":"root","length":671.3,"rotation":89.99,"x":0.65,"y":-18.12},{"name":"lightning_06","parent":"root","length":690.75,"rotation":89.99,"x":-2.58,"y":4.57},{"name":"lightning_big_01","parent":"root","length":1148.02,"rotation":89.99,"x":-2.58,"y":11.06},{"name":"lightning_big_02","parent":"root","length":1293.95,"rotation":89.99,"x":-12.31,"y":-11.63}],"slots":[{"name":"lightning_big_01","bone":"lightning_big_01","attachment":"lightning_big_01"},{"name":"lightning_01","bone":"lightning_01","attachment":"lightning_01"},{"name":"lightning_02","bone":"lightning_02","attachment":"lightning_02"},{"name":"lightning_03","bone":"lightning_03","attachment":"lightning_03"},{"name":"lightning_04","bone":"lightning_04","attachment":"lightning_04"},{"name":"lightning_05","bone":"lightning_05","attachment":"lightning_05"},{"name":"lightning_06","bone":"lightning_06","attachment":"lightning_06"},{"name":"lightning_big_02","bone":"lightning_big_02","attachment":"lightning_big_02"}],"skins":{"default":{"lightning_01":{"lightning_01":{"x":-416.74,"y":248.97,"rotation":89.88,"width":1503,"height":1397}},"lightning_02":{"lightning_02":{"x":-177,"y":218.82,"rotation":90,"width":1515,"height":1693}},"lightning_03":{"lightning_03":{"x":-495.42,"y":2.59,"rotation":90,"width":1936,"height":1608}},"lightning_04":{"lightning_04":{"x":-294.11,"y":141.69,"rotation":-89.99,"width":1655,"height":1286}},"lightning_05":{"lightning_05":{"x":-227.33,"y":-190.86,"rotation":-89.99,"width":1188,"height":1124}},"lightning_06":{"lightning_06":{"x":-241.03,"y":-366.6,"rotation":-89.99,"width":1365,"height":1144}},"lightning_big_01":{"lightning_big_01":{"x":12.98,"y":-71.1,"rotation":-89.99,"width":2130,"height":2387}},"lightning_big_02":{"lightning_big_02":{"x":71.18,"y":-5.83,"rotation":-89.99,"width":2706,"height":2568}}}},"animations":{"animation":{"slots":{"lightning_01":{"color":[{"time":0,"color":"ffffff00","curve":"stepped"},{"time":1.2666,"color":"ffffff00","curve":[0.25,0,0.75,1]},{"time":1.3666,"color":"ffffffff","curve":"stepped"},{"time":1.4666,"color":"ffffffff","curve":[0.25,0,0.75,1]},{"time":1.6,"color":"ffffff00"}]},"lightning_02":{"color":[{"time":0,"color":"ffffff00","curve":"stepped"},{"time":0.2333,"color":"ffffff00","curve":[0.25,0,0.75,1]},{"time":0.3333,"color":"ffffffff","curve":"stepped"},{"time":0.4333,"color":"ffffffff","curve":[0.25,0,0.75,1]},{"time":0.5666,"color":"ffffff00"}]},"lightning_03":{"color":[{"time":0,"color":"ffffff00","curve":[0.25,0,0.75,1]},{"time":0.1,"color":"ffffffff","curve":"stepped"},{"time":0.2,"color":"ffffffff","curve":[0.25,0,0.75,1]},{"time":0.3333,"color":"ffffff00"}]},"lightning_04":{"color":[{"time":0,"color":"ffffff00","curve":"stepped"},{"time":1,"color":"ffffff00","curve":[0.25,0,0.75,1]},{"time":1.1,"color":"ffffffff","curve":"stepped"},{"time":1.2,"color":"ffffffff","curve":[0.25,0,0.75,1]},{"time":1.3333,"color":"ffffff00"}]},"lightning_05":{"color":[{"time":0,"color":"ffffff00","curve":"stepped"},{"time":0.5,"color":"ffffff00","curve":[0.25,0,0.75,1]},{"time":0.6,"color":"ffffffff","curve":"stepped"},{"time":0.7,"color":"ffffffff","curve":[0.25,0,0.75,1]},{"time":0.8333,"color":"ffffff00"}]},"lightning_06":{"color":[{"time":0,"color":"ffffff00","curve":"stepped"},{"time":0.7666,"color":"ffffff00","curve":[0.25,0,0.75,1]},{"time":0.8666,"color":"ffffffff","curve":"stepped"},{"time":0.9666,"color":"ffffffff","curve":[0.25,0,0.75,1]},{"time":1.1,"color":"ffffff00"}]},"lightning_big_01":{"color":[{"time":0,"color":"ffffff00","curve":"stepped"},{"time":1.3333,"color":"ffffff00"},{"time":1.4333,"color":"ffffffff","curve":"stepped"},{"time":1.5666,"color":"ffffffff","curve":"stepped"},{"time":1.8333,"color":"ffffffff"}]},"lightning_big_02":{"color":[{"time":0,"color":"ffffff00","curve":"stepped"},{"time":1.6666,"color":"ffffff00"},{"time":1.7666,"color":"ffffffff","curve":"stepped"},{"time":1.8666,"color":"ffffffff"},{"time":2,"color":"ffffff00"}]}},"bones":{"lightning_big_02":{"rotate":[{"time":0,"angle":0,"curve":"stepped"},{"time":1.6666,"angle":0,"curve":"stepped"},{"time":2,"angle":0}],"translate":[{"time":0,"x":10.44,"y":-106.4,"curve":"stepped"},{"time":1.6666,"x":10.44,"y":-106.4,"curve":"stepped"},{"time":2,"x":10.44,"y":-106.4}],"scale":[{"time":0,"x":0.039,"y":0.039,"curve":"stepped"},{"time":1.6666,"x":0.039,"y":0.039},{"time":1.7666,"x":0.889,"y":0.889},{"time":2,"x":1.442,"y":1.442}]},"lightning_big_01":{"rotate":[{"time":0,"angle":0,"curve":"stepped"},{"time":1.4333,"angle":0,"curve":"stepped"},{"time":1.8333,"angle":0}],"translate":[{"time":0,"x":0,"y":0,"curve":"stepped"},{"time":1.4333,"x":0,"y":0,"curve":"stepped"},{"time":1.8333,"x":0,"y":0}],"scale":[{"time":0,"x":0.002,"y":0.002},{"time":1.3333,"x":2.197,"y":2.197},{"time":1.8333,"x":0.002,"y":0.002}]},"lightning_06":{"rotate":[{"time":0,"angle":9.6,"curve":"stepped"},{"time":0.7666,"angle":9.6,"curve":"stepped"},{"time":1.1,"angle":9.6}],"translate":[{"time":0,"x":35.42,"y":-214.81,"curve":"stepped"},{"time":0.7666,"x":35.42,"y":-214.81,"curve":"stepped"},{"time":1.1,"x":35.42,"y":-214.81}],"scale":[{"time":0,"x":0.13,"y":0.13,"curve":"stepped"},{"time":0.7666,"x":0.13,"y":0.13,"curve":[0.25,0,0.75,1]},{"time":0.8666,"x":0.897,"y":0.897,"curve":[0.25,0,0.75,1]},{"time":1.1,"x":1.134,"y":1.134}]},"lightning_05":{"rotate":[{"time":0,"angle":-28.94,"curve":"stepped"},{"time":0.5,"angle":-28.94}],"translate":[{"time":0,"x":-21.4,"y":-409.04,"curve":"stepped"},{"time":0.5,"x":-21.4,"y":-409.04}],"scale":[{"time":0,"x":0.117,"y":0.117,"curve":"stepped"},{"time":0.5,"x":0.117,"y":0.117,"curve":[0.25,0,0.75,1]},{"time":0.6,"x":1.054,"y":1.054,"curve":[0.25,0,0.75,1]},{"time":0.8333,"x":1.444,"y":1.444}]},"lightning_04":{"rotate":[{"time":0,"angle":-19.66,"curve":"stepped"},{"time":1,"angle":-19.66,"curve":"stepped"},{"time":1.3333,"angle":-19.66}],"translate":[{"time":0,"x":-53.49,"y":-110.2,"curve":"stepped"},{"time":1,"x":-53.49,"y":-110.2,"curve":"stepped"},{"time":1.3333,"x":-53.49,"y":-110.2}],"scale":[{"time":0,"x":0.102,"y":0.102,"curve":"stepped"},{"time":1,"x":0.102,"y":0.102,"curve":[0.25,0,0.75,1]},{"time":1.1,"x":0.786,"y":0.786,"curve":[0.25,0,0.75,1]},{"time":1.3333,"x":0.972,"y":0.972}]},"lightning_03":{"rotate":[{"time":0,"angle":34.01,"curve":"stepped"},{"time":0.3333,"angle":34.01}],"translate":[{"time":0,"x":-55.73,"y":148.42,"curve":"stepped"},{"time":0.3333,"x":-55.73,"y":148.42}],"scale":[{"time":0,"x":0.185,"y":0.185,"curve":[0.25,0,0.75,1]},{"time":0.1,"x":1,"y":1,"curve":[0.25,0,0.75,1]},{"time":0.3333,"x":1.282,"y":1.282}]},"lightning_02":{"rotate":[{"time":0,"angle":-14.72,"curve":"stepped"},{"time":0.2333,"angle":-14.72,"curve":"stepped"},{"time":0.5666,"angle":-14.72}],"translate":[{"time":0,"x":63.76,"y":-107.72,"curve":"stepped"},{"time":0.2333,"x":63.76,"y":-107.72,"curve":"stepped"},{"time":0.5666,"x":63.76,"y":-107.72}],"scale":[{"time":0,"x":0.137,"y":0.137,"curve":"stepped"},{"time":0.2333,"x":0.137,"y":0.137,"curve":[0.25,0,0.75,1]},{"time":0.3333,"x":1,"y":1,"curve":[0.25,0,0.75,1]},{"time":0.5666,"x":1.287,"y":1.287}]},"lightning_01":{"rotate":[{"time":0,"angle":-333.77,"curve":"stepped"},{"time":1.2666,"angle":-333.77,"curve":[0.25,0,0.75,1]},{"time":1.6,"angle":26.22}],"translate":[{"time":0,"x":-0.97,"y":206.1,"curve":"stepped"},{"time":1.2666,"x":-0.97,"y":206.1,"curve":"stepped"},{"time":1.6,"x":-0.97,"y":206.1}],"scale":[{"time":0,"x":0.106,"y":0.106,"curve":"stepped"},{"time":1.2666,"x":0.106,"y":0.106,"curve":[0.25,0,0.75,1]},{"time":1.3666,"x":0.967,"y":0.967,"curve":[0.25,0,0.75,1]},{"time":1.6,"x":1.286,"y":1.286}]}}}}}