{"skeleton":{"hash":"2R/CrqLR7zXMHy8Ri//pfLwdxeM","spine":"3.4.02","width":2523,"height":3423},"bones":[{"name":"root"},{"name":"Speed_back_glow","parent":"root","length":1047.49,"rotation":89.99,"x":-0.02,"y":950.15},{"name":"Speed_back_glow copy","parent":"root","length":31.98,"rotation":90,"x":-432.15,"y":1912.15},{"name":"Speed_back_glow copy 2","parent":"root","length":106.65,"rotation":90,"x":441.14,"y":2103.3},{"name":"Speed_back_glow copy 3","parent":"root","length":104.95,"rotation":89.99,"x":-41.57,"y":2204.39},{"name":"Speed_back_glow copy 4","parent":"root","length":62.88,"rotation":90,"x":753.18,"y":1427.72},{"name":"Speed_back_glow copy 5","parent":"root","length":60.49,"rotation":90,"x":-743.91,"y":1010.13},{"name":"Speed_back_glow copy 6","parent":"root","length":62.85,"rotation":90,"x":-833.43,"y":1658.27},{"name":"Speed_back_glow copy 7","parent":"root","length":63.53,"rotation":89.99,"x":-0.45,"y":2548.71},{"name":"Speed_back_glow copy 8","parent":"root","length":105.95,"rotation":90,"x":-663.7,"y":2376.11},{"name":"Speed_back_glow copy 9","parent":"root","length":105.96,"rotation":90,"x":479.28,"y":2542.26},{"name":"Speed_back_glow copy 10","parent":"root","length":117.43,"rotation":89.99,"x":846.2,"y":2015.26},{"name":"Speed_back_glow copy 11","parent":"root","length":113.4,"rotation":89.99,"x":-789.5,"y":2014.22}],"slots":[{"name":"expup_back_glow","bone":"Speed_back_glow","attachment":"expup_back_glow"},{"name":"expup_back_glow copy","bone":"Speed_back_glow copy","attachment":"expup_back_glow copy"},{"name":"expup_back_glow copy 4","bone":"Speed_back_glow copy 4","attachment":"expup_back_glow copy 4"},{"name":"expup_back_glow copy 5","bone":"Speed_back_glow copy 5","attachment":"expup_back_glow copy 5"},{"name":"expup_back_glow copy 6","bone":"Speed_back_glow copy 6","attachment":"expup_back_glow copy 6"},{"name":"expup_back_glow copy 7","bone":"Speed_back_glow copy 7","attachment":"expup_back_glow copy 7"},{"name":"expup_back_glow copy 2","bone":"Speed_back_glow copy 2","attachment":"expup_back_glow copy 2"},{"name":"expup_back_glow copy 3","bone":"Speed_back_glow copy 3","attachment":"expup_back_glow copy 3"},{"name":"expup_back_glow copy 8","bone":"Speed_back_glow copy 8","attachment":"expup_back_glow copy 8"},{"name":"expup_back_glow copy 9","bone":"Speed_back_glow copy 9","attachment":"expup_back_glow copy 9"},{"name":"expup_back_glow copy 10","bone":"Speed_back_glow copy 10","attachment":"expup_back_glow copy 10"},{"name":"expup_back_glow copy 11","bone":"Speed_back_glow copy 11","attachment":"expup_back_glow copy 11"},{"name":"Speed_back_glow","bone":"Speed_back_glow","attachment":"Speed_back_glow"},{"name":"Speed_back_glow copy","bone":"Speed_back_glow copy","attachment":"Speed_back_glow copy"},{"name":"Speed_back_glow copy 4","bone":"Speed_back_glow copy 4","attachment":"Speed_back_glow copy 4"},{"name":"Speed_back_glow copy 5","bone":"Speed_back_glow copy 5","attachment":"Speed_back_glow copy 5"},{"name":"Speed_back_glow copy 6","bone":"Speed_back_glow copy 6","attachment":"Speed_back_glow copy 6"},{"name":"Speed_back_glow copy 7","bone":"Speed_back_glow copy 7","attachment":"Speed_back_glow copy 7"},{"name":"Speed_back_glow copy 2","bone":"Speed_back_glow copy 2","attachment":"Speed_back_glow copy 2"},{"name":"Speed_back_glow copy 3","bone":"Speed_back_glow copy 3","attachment":"Speed_back_glow copy 3"},{"name":"Speed_back_glow copy 8","bone":"Speed_back_glow copy 8","attachment":"Speed_back_glow copy 8"},{"name":"Speed_back_glow copy 9","bone":"Speed_back_glow copy 9","attachment":"Speed_back_glow copy 9"},{"name":"Speed_back_glow copy 10","bone":"Speed_back_glow copy 10","attachment":"Speed_back_glow copy 10"},{"name":"Speed_back_glow copy 11","bone":"Speed_back_glow copy 11","attachment":"Speed_back_glow copy 11"},{"name":"gold_back_glow","bone":"Speed_back_glow","attachment":"gold_back_glow"},{"name":"gold_back_glow copy","bone":"Speed_back_glow copy","attachment":"gold_back_glow copy"},{"name":"gold_back_glow copy 4","bone":"Speed_back_glow copy 4","attachment":"gold_back_glow copy 4"},{"name":"gold_back_glow copy 5","bone":"Speed_back_glow copy 5","attachment":"gold_back_glow copy 5"},{"name":"gold_back_glow copy 6","bone":"Speed_back_glow copy 6","attachment":"gold_back_glow copy 6"},{"name":"gold_back_glow copy 7","bone":"Speed_back_glow copy 7","attachment":"gold_back_glow copy 7"},{"name":"gold_back_glow copy 2","bone":"Speed_back_glow copy 2","attachment":"gold_back_glow copy 2"},{"name":"gold_back_glow copy 3","bone":"Speed_back_glow copy 3","attachment":"gold_back_glow copy 3"},{"name":"gold_back_glow copy 8","bone":"Speed_back_glow copy 8","attachment":"gold_back_glow copy 8"},{"name":"gold_back_glow copy 9","bone":"Speed_back_glow copy 9","attachment":"gold_back_glow copy 9"},{"name":"gold_back_glow copy 10","bone":"Speed_back_glow copy 10","attachment":"gold_back_glow copy 10"},{"name":"gold_back_glow copy 11","bone":"Speed_back_glow copy 11","attachment":"gold_back_glow copy 11"},{"name":"invi_back_glow","bone":"Speed_back_glow","attachment":"invi_back_glow"},{"name":"invi_back_glow copy","bone":"Speed_back_glow copy","attachment":"invi_back_glow copy"},{"name":"invi_back_glow copy 4","bone":"Speed_back_glow copy 4","attachment":"invi_back_glow copy 4"},{"name":"invi_back_glow copy 5","bone":"Speed_back_glow copy 5","attachment":"invi_back_glow copy 5"},{"name":"invi_back_glow copy 6","bone":"Speed_back_glow copy 6","attachment":"invi_back_glow copy 6"},{"name":"invi_back_glow copy 7","bone":"Speed_back_glow copy 7","attachment":"invi_back_glow copy 7"},{"name":"invi_back_glow copy 2","bone":"Speed_back_glow copy 2","attachment":"invi_back_glow copy 2"},{"name":"invi_back_glow copy 3","bone":"Speed_back_glow copy 3","attachment":"invi_back_glow copy 3"},{"name":"invi_back_glow copy 8","bone":"Speed_back_glow copy 8","attachment":"invi_back_glow copy 8"},{"name":"invi_back_glow copy 9","bone":"Speed_back_glow copy 9","attachment":"invi_back_glow copy 9"},{"name":"invi_back_glow copy 10","bone":"Speed_back_glow copy 10","attachment":"invi_back_glow copy 10"},{"name":"invi_back_glow copy 11","bone":"Speed_back_glow copy 11","attachment":"invi_back_glow copy 11"},{"name":"vuln_back_glow","bone":"Speed_back_glow","attachment":"vuln_back_glow"},{"name":"vuln_back_glow copy","bone":"Speed_back_glow copy","attachment":"vuln_back_glow copy"},{"name":"vuln_back_glow copy 4","bone":"Speed_back_glow copy 4","attachment":"vuln_back_glow copy 4"},{"name":"vuln_back_glow copy 5","bone":"Speed_back_glow copy 5","attachment":"vuln_back_glow copy 5"},{"name":"vuln_back_glow copy 6","bone":"Speed_back_glow copy 6","attachment":"vuln_back_glow copy 6"},{"name":"vuln_back_glow copy 7","bone":"Speed_back_glow copy 7","attachment":"vuln_back_glow copy 7"},{"name":"vuln_back_glow copy 2","bone":"Speed_back_glow copy 2","attachment":"vuln_back_glow copy 2"},{"name":"vuln_back_glow copy 3","bone":"Speed_back_glow copy 3","attachment":"vuln_back_glow copy 3"},{"name":"vuln_back_glow copy 8","bone":"Speed_back_glow copy 8","attachment":"vuln_back_glow copy 8"},{"name":"vuln_back_glow copy 9","bone":"Speed_back_glow copy 9","attachment":"vuln_back_glow copy 9"},{"name":"vuln_back_glow copy 10","bone":"Speed_back_glow copy 10","attachment":"vuln_back_glow copy 10"},{"name":"vuln_back_glow copy 11","bone":"Speed_back_glow copy 11","attachment":"vuln_back_glow copy 11"}],"skins":{"default":{},"expup":{"expup_back_glow":{"expup_back_glow":{"x":-98.15,"y":95.47,"rotation":-89.99,"width":2523,"height":3158}},"expup_back_glow copy":{"expup_back_glow copy":{"x":-1.65,"y":3.34,"rotation":-90,"width":137,"height":171}},"expup_back_glow copy 10":{"expup_back_glow copy 10":{"x":0.73,"y":4.7,"rotation":-89.99,"width":253,"height":316}},"expup_back_glow copy 11":{"expup_back_glow copy 11":{"x":0.77,"y":4.99,"rotation":-89.99,"width":253,"height":316}},"expup_back_glow copy 2":{"expup_back_glow copy 2":{"x":-0.3,"y":4.64,"rotation":-90,"width":253,"height":316}},"expup_back_glow copy 3":{"expup_back_glow copy 3":{"x":0.6,"y":3.92,"rotation":-89.99,"width":253,"height":316}},"expup_back_glow copy 4":{"expup_back_glow copy 4":{"x":2.77,"y":3.68,"rotation":-90,"width":137,"height":171}},"expup_back_glow copy 5":{"expup_back_glow copy 5":{"x":2.36,"y":2.58,"rotation":-90,"width":137,"height":171}},"expup_back_glow copy 6":{"expup_back_glow copy 6":{"x":0.22,"y":4.06,"rotation":-90,"width":137,"height":171}},"expup_back_glow copy 7":{"expup_back_glow copy 7":{"x":-1.21,"y":3.04,"rotation":-89.99,"width":137,"height":171}},"expup_back_glow copy 8":{"expup_back_glow copy 8":{"x":-0.11,"y":4.79,"rotation":-90,"width":253,"height":316}},"expup_back_glow copy 9":{"expup_back_glow copy 9":{"x":-4.26,"y":4.78,"rotation":-90,"width":253,"height":316}}},"gold":{"gold_back_glow":{"gold_back_glow":{"x":-98.15,"y":95.47,"rotation":-89.99,"width":2523,"height":3158}},"gold_back_glow copy":{"gold_back_glow copy":{"x":-1.65,"y":3.34,"rotation":-90,"width":137,"height":171}},"gold_back_glow copy 10":{"gold_back_glow copy 10":{"x":0.73,"y":4.7,"rotation":-89.99,"width":253,"height":316}},"gold_back_glow copy 11":{"gold_back_glow copy 11":{"x":0.77,"y":4.99,"rotation":-89.99,"width":253,"height":316}},"gold_back_glow copy 2":{"gold_back_glow copy 2":{"x":-0.3,"y":4.64,"rotation":-90,"width":253,"height":316}},"gold_back_glow copy 3":{"gold_back_glow copy 3":{"x":0.6,"y":3.92,"rotation":-89.99,"width":253,"height":316}},"gold_back_glow copy 4":{"gold_back_glow copy 4":{"x":2.77,"y":3.68,"rotation":-90,"width":137,"height":171}},"gold_back_glow copy 5":{"gold_back_glow copy 5":{"x":2.36,"y":2.58,"rotation":-90,"width":137,"height":171}},"gold_back_glow copy 6":{"gold_back_glow copy 6":{"x":0.22,"y":4.06,"rotation":-90,"width":137,"height":171}},"gold_back_glow copy 7":{"gold_back_glow copy 7":{"x":-1.21,"y":3.04,"rotation":-89.99,"width":137,"height":171}},"gold_back_glow copy 8":{"gold_back_glow copy 8":{"x":-0.11,"y":4.79,"rotation":-90,"width":253,"height":316}},"gold_back_glow copy 9":{"gold_back_glow copy 9":{"x":-4.26,"y":4.78,"rotation":-90,"width":253,"height":316}}},"invi":{"invi_back_glow":{"invi_back_glow":{"x":-98.15,"y":95.47,"rotation":-89.99,"width":2523,"height":3158}},"invi_back_glow copy":{"invi_back_glow copy":{"x":-1.65,"y":3.34,"rotation":-90,"width":137,"height":171}},"invi_back_glow copy 10":{"invi_back_glow copy 10":{"x":0.73,"y":4.7,"rotation":-89.99,"width":253,"height":316}},"invi_back_glow copy 11":{"invi_back_glow copy 11":{"x":0.77,"y":4.99,"rotation":-89.99,"width":253,"height":316}},"invi_back_glow copy 2":{"invi_back_glow copy 2":{"x":-0.3,"y":4.64,"rotation":-90,"width":253,"height":316}},"invi_back_glow copy 3":{"invi_back_glow copy 3":{"x":0.6,"y":3.92,"rotation":-89.99,"width":253,"height":316}},"invi_back_glow copy 4":{"invi_back_glow copy 4":{"x":2.77,"y":3.68,"rotation":-90,"width":137,"height":171}},"invi_back_glow copy 5":{"invi_back_glow copy 5":{"x":2.36,"y":2.58,"rotation":-90,"width":137,"height":171}},"invi_back_glow copy 6":{"invi_back_glow copy 6":{"x":0.22,"y":4.06,"rotation":-90,"width":137,"height":171}},"invi_back_glow copy 7":{"invi_back_glow copy 7":{"x":-1.21,"y":3.04,"rotation":-89.99,"width":137,"height":171}},"invi_back_glow copy 8":{"invi_back_glow copy 8":{"x":-0.11,"y":4.79,"rotation":-90,"width":253,"height":316}},"invi_back_glow copy 9":{"invi_back_glow copy 9":{"x":-4.26,"y":4.78,"rotation":-90,"width":253,"height":316}}},"invul":{"vuln_back_glow":{"vuln_back_glow":{"x":-98.15,"y":95.47,"rotation":-89.99,"width":2523,"height":3158}},"vuln_back_glow copy":{"vuln_back_glow copy":{"x":-1.65,"y":3.34,"rotation":-90,"width":137,"height":171}},"vuln_back_glow copy 10":{"vuln_back_glow copy 10":{"x":0.73,"y":4.7,"rotation":-89.99,"width":253,"height":316}},"vuln_back_glow copy 11":{"vuln_back_glow copy 11":{"x":0.77,"y":4.99,"rotation":-89.99,"width":253,"height":316}},"vuln_back_glow copy 2":{"vuln_back_glow copy 2":{"x":-0.3,"y":4.64,"rotation":-90,"width":253,"height":316}},"vuln_back_glow copy 3":{"vuln_back_glow copy 3":{"x":0.6,"y":3.92,"rotation":-89.99,"width":253,"height":316}},"vuln_back_glow copy 4":{"vuln_back_glow copy 4":{"x":2.77,"y":3.68,"rotation":-90,"width":137,"height":171}},"vuln_back_glow copy 5":{"vuln_back_glow copy 5":{"x":2.36,"y":2.58,"rotation":-90,"width":137,"height":171}},"vuln_back_glow copy 6":{"vuln_back_glow copy 6":{"x":0.22,"y":4.06,"rotation":-90,"width":137,"height":171}},"vuln_back_glow copy 7":{"vuln_back_glow copy 7":{"x":-1.21,"y":3.04,"rotation":-89.99,"width":137,"height":171}},"vuln_back_glow copy 8":{"vuln_back_glow copy 8":{"x":-0.11,"y":4.79,"rotation":-90,"width":253,"height":316}},"vuln_back_glow copy 9":{"vuln_back_glow copy 9":{"x":-4.26,"y":4.78,"rotation":-90,"width":253,"height":316}}},"speed":{"Speed_back_glow":{"Speed_back_glow":{"x":-98.15,"y":95.47,"rotation":-89.99,"width":2523,"height":3158}},"Speed_back_glow copy":{"Speed_back_glow copy":{"x":-0.15,"y":0.34,"rotation":-90,"width":93,"height":108}},"Speed_back_glow copy 10":{"Speed_back_glow copy 10":{"x":0.73,"y":4.7,"rotation":-89.99,"width":253,"height":316}},"Speed_back_glow copy 11":{"Speed_back_glow copy 11":{"x":0.77,"y":4.99,"rotation":-89.99,"width":253,"height":316}},"Speed_back_glow copy 2":{"Speed_back_glow copy 2":{"x":-0.3,"y":4.64,"rotation":-90,"width":253,"height":316}},"Speed_back_glow copy 3":{"Speed_back_glow copy 3":{"x":0.6,"y":3.92,"rotation":-89.99,"width":253,"height":316}},"Speed_back_glow copy 4":{"Speed_back_glow copy 4":{"x":2.77,"y":3.68,"rotation":-90,"width":137,"height":171}},"Speed_back_glow copy 5":{"Speed_back_glow copy 5":{"x":2.36,"y":2.58,"rotation":-90,"width":137,"height":171}},"Speed_back_glow copy 6":{"Speed_back_glow copy 6":{"x":0.22,"y":4.06,"rotation":-90,"width":137,"height":171}},"Speed_back_glow copy 7":{"Speed_back_glow copy 7":{"x":-1.21,"y":3.04,"rotation":-89.99,"width":137,"height":171}},"Speed_back_glow copy 8":{"Speed_back_glow copy 8":{"x":-0.11,"y":4.79,"rotation":-90,"width":253,"height":316}},"Speed_back_glow copy 9":{"Speed_back_glow copy 9":{"x":-4.26,"y":4.78,"rotation":-90,"width":253,"height":316}}}},"animations":{"buff_effect_all":{"slots":{"Speed_back_glow copy":{"color":[{"time":0.8333,"color":"ffffffff","curve":[0.25,0,0.75,1]},{"time":1,"color":"ffffff00"}]},"Speed_back_glow copy 2":{"color":[{"time":1.1666,"color":"ffffffff","curve":[0.25,0,0.75,1]},{"time":1.3333,"color":"ffffff00","curve":"stepped"},{"time":3.3,"color":"ffffff00","curve":[0.25,0,0.75,1]},{"time":3.3333,"color":"ffffffff","curve":"stepped"},{"time":3.8333,"color":"ffffffff","curve":[0.25,0,0.75,1]},{"time":4,"color":"ffffff00"}]},"Speed_back_glow copy 3":{"color":[{"time":1.5,"color":"ffffffff","curve":[0.25,0,0.75,1]},{"time":1.6666,"color":"ffffff00","curve":"stepped"},{"time":1.8,"color":"ffffff00","curve":[0.25,0,0.75,1]},{"time":1.8333,"color":"ffffffff","curve":"stepped"},{"time":2.6666,"color":"ffffffff","curve":[0.25,0,0.75,1]},{"time":2.8333,"color":"ffffff00"}]},"Speed_back_glow copy 4":{"color":[{"time":1.8333,"color":"ffffffff","curve":[0.25,0,0.75,1]},{"time":2,"color":"ffffff00","curve":"stepped"},{"time":2.3,"color":"ffffff00","curve":[0.25,0,0.75,1]},{"time":2.3333,"color":"ffffffff","curve":"stepped"},{"time":3.1666,"color":"ffffffff","curve":[0.25,0,0.75,1]},{"time":3.3333,"color":"ffffff00"}]},"Speed_back_glow copy 5":{"color":[{"time":2.1666,"color":"ffffffff","curve":[0.25,0,0.75,1]},{"time":2.3333,"color":"ffffff00"}]},"Speed_back_glow copy 6":{"color":[{"time":2.5,"color":"ffffffff","curve":[0.25,0,0.75,1]},{"time":2.6666,"color":"ffffff00"}]},"Speed_back_glow copy 7":{"color":[{"time":2.3333,"color":"ffffffff","curve":[0.25,0,0.75,1]},{"time":2.5,"color":"ffffff00"}]},"Speed_back_glow copy 8":{"color":[{"time":2.8333,"color":"ffffffff","curve":[0.25,0,0.75,1]},{"time":3,"color":"ffffff00"}]},"Speed_back_glow copy 9":{"color":[{"time":3.1666,"color":"ffffffff","curve":[0.25,0,0.75,1]},{"time":3.3333,"color":"ffffff00"}]},"Speed_back_glow copy 10":{"color":[{"time":1.6666,"color":"ffffffff","curve":[0.304,0,0.64,0.35]},{"time":1.8333,"color":"ffffff00","curve":"stepped"},{"time":2.6333,"color":"ffffff00","curve":[0.333,0.33,0.666,0.66]},{"time":2.6666,"color":"ffffffff","curve":"stepped"},{"time":3.5,"color":"ffffffff","curve":[0.25,0,0.75,1]},{"time":3.6666,"color":"ffffff00"}]},"Speed_back_glow copy 11":{"color":[{"time":0.8333,"color":"ffffffff","curve":[0.316,0,0.65,0.34]},{"time":1,"color":"ffffff00","curve":"stepped"},{"time":2.9666,"color":"ffffff00","curve":[0.334,0.33,0.667,0.67]},{"time":3,"color":"ffffffff","curve":"stepped"},{"time":3.8333,"color":"ffffffff","curve":[0.25,0,0.75,1]},{"time":4,"color":"ffffff00"}]},"expup_back_glow copy":{"color":[{"time":0.8333,"color":"ffffffff","curve":[0.25,0,0.75,1]},{"time":1,"color":"ffffff00"}]},"expup_back_glow copy 2":{"color":[{"time":1.1666,"color":"ffffffff","curve":[0.25,0,0.75,1]},{"time":1.3333,"color":"ffffff00","curve":"stepped"},{"time":3.3,"color":"ffffff00","curve":[0.25,0,0.75,1]},{"time":3.3333,"color":"ffffffff","curve":"stepped"},{"time":3.8333,"color":"ffffffff","curve":[0.25,0,0.75,1]},{"time":4,"color":"ffffff00"}]},"expup_back_glow copy 3":{"color":[{"time":1.5,"color":"ffffffff","curve":[0.25,0,0.75,1]},{"time":1.6666,"color":"ffffff00","curve":"stepped"},{"time":1.8,"color":"ffffff00","curve":[0.25,0,0.75,1]},{"time":1.8333,"color":"ffffffff","curve":"stepped"},{"time":2.6666,"color":"ffffffff","curve":[0.25,0,0.75,1]},{"time":2.8333,"color":"ffffff00"}]},"expup_back_glow copy 4":{"color":[{"time":1.8333,"color":"ffffffff","curve":[0.25,0,0.75,1]},{"time":2,"color":"ffffff00","curve":"stepped"},{"time":2.3,"color":"ffffff00","curve":[0.25,0,0.75,1]},{"time":2.3333,"color":"ffffffff","curve":"stepped"},{"time":3.1666,"color":"ffffffff","curve":[0.25,0,0.75,1]},{"time":3.3333,"color":"ffffff00"}]},"expup_back_glow copy 5":{"color":[{"time":2.1666,"color":"ffffffff","curve":[0.25,0,0.75,1]},{"time":2.3333,"color":"ffffff00"}]},"expup_back_glow copy 6":{"color":[{"time":2.5,"color":"ffffffff","curve":[0.25,0,0.75,1]},{"time":2.6666,"color":"ffffff00"}]},"expup_back_glow copy 7":{"color":[{"time":2.3333,"color":"ffffffff","curve":[0.25,0,0.75,1]},{"time":2.5,"color":"ffffff00"}]},"expup_back_glow copy 8":{"color":[{"time":2.8333,"color":"ffffffff","curve":[0.25,0,0.75,1]},{"time":3,"color":"ffffff00"}]},"expup_back_glow copy 9":{"color":[{"time":3.1666,"color":"ffffffff","curve":[0.25,0,0.75,1]},{"time":3.3333,"color":"ffffff00"}]},"expup_back_glow copy 10":{"color":[{"time":1.6666,"color":"ffffffff","curve":[0.304,0,0.64,0.35]},{"time":1.8333,"color":"ffffff00","curve":"stepped"},{"time":2.6333,"color":"ffffff00","curve":[0.333,0.33,0.666,0.66]},{"time":2.6666,"color":"ffffffff","curve":"stepped"},{"time":3.5,"color":"ffffffff","curve":[0.25,0,0.75,1]},{"time":3.6666,"color":"ffffff00"}]},"expup_back_glow copy 11":{"color":[{"time":0.8333,"color":"ffffffff","curve":[0.316,0,0.65,0.34]},{"time":1,"color":"ffffff00","curve":"stepped"},{"time":2.9666,"color":"ffffff00","curve":[0.334,0.33,0.667,0.67]},{"time":3,"color":"ffffffff","curve":"stepped"},{"time":3.8333,"color":"ffffffff","curve":[0.25,0,0.75,1]},{"time":4,"color":"ffffff00"}]},"gold_back_glow copy":{"color":[{"time":0.8333,"color":"ffffffff","curve":[0.25,0,0.75,1]},{"time":1,"color":"ffffff00"}]},"gold_back_glow copy 2":{"color":[{"time":1.1666,"color":"ffffffff","curve":[0.25,0,0.75,1]},{"time":1.3333,"color":"ffffff00","curve":"stepped"},{"time":3.3,"color":"ffffff00","curve":[0.25,0,0.75,1]},{"time":3.3333,"color":"ffffffff","curve":"stepped"},{"time":3.8333,"color":"ffffffff","curve":[0.25,0,0.75,1]},{"time":4,"color":"ffffff00"}]},"gold_back_glow copy 3":{"color":[{"time":1.5,"color":"ffffffff","curve":[0.25,0,0.75,1]},{"time":1.6666,"color":"ffffff00","curve":"stepped"},{"time":1.8,"color":"ffffff00","curve":[0.25,0,0.75,1]},{"time":1.8333,"color":"ffffffff","curve":"stepped"},{"time":2.6666,"color":"ffffffff","curve":[0.25,0,0.75,1]},{"time":2.8333,"color":"ffffff00"}]},"gold_back_glow copy 4":{"color":[{"time":1.8333,"color":"ffffffff","curve":[0.25,0,0.75,1]},{"time":2,"color":"ffffff00","curve":"stepped"},{"time":2.3,"color":"ffffff00","curve":[0.25,0,0.75,1]},{"time":2.3333,"color":"ffffffff","curve":"stepped"},{"time":3.1666,"color":"ffffffff","curve":[0.25,0,0.75,1]},{"time":3.3333,"color":"ffffff00"}]},"gold_back_glow copy 5":{"color":[{"time":2.1666,"color":"ffffffff","curve":[0.25,0,0.75,1]},{"time":2.3333,"color":"ffffff00"}]},"gold_back_glow copy 6":{"color":[{"time":2.5,"color":"ffffffff","curve":[0.25,0,0.75,1]},{"time":2.6666,"color":"ffffff00"}]},"gold_back_glow copy 7":{"color":[{"time":2.3333,"color":"ffffffff","curve":[0.25,0,0.75,1]},{"time":2.5,"color":"ffffff00"}]},"gold_back_glow copy 8":{"color":[{"time":2.8333,"color":"ffffffff","curve":[0.25,0,0.75,1]},{"time":3,"color":"ffffff00"}]},"gold_back_glow copy 9":{"color":[{"time":3.1666,"color":"ffffffff","curve":[0.25,0,0.75,1]},{"time":3.3333,"color":"ffffff00"}]},"gold_back_glow copy 10":{"color":[{"time":1.6666,"color":"ffffffff","curve":[0.304,0,0.64,0.35]},{"time":1.8333,"color":"ffffff00","curve":"stepped"},{"time":2.6333,"color":"ffffff00","curve":[0.333,0.33,0.666,0.66]},{"time":2.6666,"color":"ffffffff","curve":"stepped"},{"time":3.5,"color":"ffffffff","curve":[0.25,0,0.75,1]},{"time":3.6666,"color":"ffffff00"}]},"gold_back_glow copy 11":{"color":[{"time":0.8333,"color":"ffffffff","curve":[0.316,0,0.65,0.34]},{"time":1,"color":"ffffff00","curve":"stepped"},{"time":2.9666,"color":"ffffff00","curve":[0.334,0.33,0.667,0.67]},{"time":3,"color":"ffffffff","curve":"stepped"},{"time":3.8333,"color":"ffffffff","curve":[0.25,0,0.75,1]},{"time":4,"color":"ffffff00"}]},"invi_back_glow copy":{"color":[{"time":0.8333,"color":"ffffffff","curve":[0.25,0,0.75,1]},{"time":1,"color":"ffffff00"}]},"invi_back_glow copy 2":{"color":[{"time":1.1666,"color":"ffffffff","curve":[0.25,0,0.75,1]},{"time":1.3333,"color":"ffffff00","curve":"stepped"},{"time":3.3,"color":"ffffff00","curve":[0.25,0,0.75,1]},{"time":3.3333,"color":"ffffffff","curve":"stepped"},{"time":3.8333,"color":"ffffffff","curve":[0.25,0,0.75,1]},{"time":4,"color":"ffffff00"}]},"invi_back_glow copy 3":{"color":[{"time":1.5,"color":"ffffffff","curve":[0.25,0,0.75,1]},{"time":1.6666,"color":"ffffff00","curve":"stepped"},{"time":1.8,"color":"ffffff00","curve":[0.25,0,0.75,1]},{"time":1.8333,"color":"ffffffff","curve":"stepped"},{"time":2.6666,"color":"ffffffff","curve":[0.25,0,0.75,1]},{"time":2.8333,"color":"ffffff00"}]},"invi_back_glow copy 4":{"color":[{"time":1.8333,"color":"ffffffff","curve":[0.25,0,0.75,1]},{"time":2,"color":"ffffff00","curve":"stepped"},{"time":2.3,"color":"ffffff00","curve":[0.25,0,0.75,1]},{"time":2.3333,"color":"ffffffff","curve":"stepped"},{"time":3.1666,"color":"ffffffff","curve":[0.25,0,0.75,1]},{"time":3.3333,"color":"ffffff00"}]},"invi_back_glow copy 5":{"color":[{"time":2.1666,"color":"ffffffff","curve":[0.25,0,0.75,1]},{"time":2.3333,"color":"ffffff00"}]},"invi_back_glow copy 6":{"color":[{"time":2.5,"color":"ffffffff","curve":[0.25,0,0.75,1]},{"time":2.6666,"color":"ffffff00"}]},"invi_back_glow copy 7":{"color":[{"time":2.3333,"color":"ffffffff","curve":[0.25,0,0.75,1]},{"time":2.5,"color":"ffffff00"}]},"invi_back_glow copy 8":{"color":[{"time":2.8333,"color":"ffffffff","curve":[0.25,0,0.75,1]},{"time":3,"color":"ffffff00"}]},"invi_back_glow copy 9":{"color":[{"time":3.1666,"color":"ffffffff","curve":[0.25,0,0.75,1]},{"time":3.3333,"color":"ffffff00"}]},"invi_back_glow copy 10":{"color":[{"time":1.6666,"color":"ffffffff","curve":[0.304,0,0.64,0.35]},{"time":1.8333,"color":"ffffff00","curve":"stepped"},{"time":2.6333,"color":"ffffff00","curve":[0.333,0.33,0.666,0.66]},{"time":2.6666,"color":"ffffffff","curve":"stepped"},{"time":3.5,"color":"ffffffff","curve":[0.25,0,0.75,1]},{"time":3.6666,"color":"ffffff00"}]},"invi_back_glow copy 11":{"color":[{"time":0.8333,"color":"ffffffff","curve":[0.316,0,0.65,0.34]},{"time":1,"color":"ffffff00","curve":"stepped"},{"time":2.9666,"color":"ffffff00","curve":[0.334,0.33,0.667,0.67]},{"time":3,"color":"ffffffff","curve":"stepped"},{"time":3.8333,"color":"ffffffff","curve":[0.25,0,0.75,1]},{"time":4,"color":"ffffff00"}]},"vuln_back_glow copy":{"color":[{"time":0.8333,"color":"ffffffff","curve":[0.25,0,0.75,1]},{"time":1,"color":"ffffff00"}]},"vuln_back_glow copy 2":{"color":[{"time":1.1666,"color":"ffffffff","curve":[0.25,0,0.75,1]},{"time":1.3333,"color":"ffffff00","curve":"stepped"},{"time":3.3,"color":"ffffff00","curve":[0.25,0,0.75,1]},{"time":3.3333,"color":"ffffffff","curve":"stepped"},{"time":3.8333,"color":"ffffffff","curve":[0.25,0,0.75,1]},{"time":4,"color":"ffffff00"}]},"vuln_back_glow copy 3":{"color":[{"time":1.5,"color":"ffffffff","curve":[0.25,0,0.75,1]},{"time":1.6666,"color":"ffffff00","curve":"stepped"},{"time":1.8,"color":"ffffff00","curve":[0.25,0,0.75,1]},{"time":1.8333,"color":"ffffffff","curve":"stepped"},{"time":2.6666,"color":"ffffffff","curve":[0.25,0,0.75,1]},{"time":2.8333,"color":"ffffff00"}]},"vuln_back_glow copy 4":{"color":[{"time":1.8333,"color":"ffffffff","curve":[0.25,0,0.75,1]},{"time":2,"color":"ffffff00","curve":"stepped"},{"time":2.3,"color":"ffffff00","curve":[0.25,0,0.75,1]},{"time":2.3333,"color":"ffffffff","curve":"stepped"},{"time":3.1666,"color":"ffffffff","curve":[0.25,0,0.75,1]},{"time":3.3333,"color":"ffffff00"}]},"vuln_back_glow copy 5":{"color":[{"time":2.1666,"color":"ffffffff","curve":[0.25,0,0.75,1]},{"time":2.3333,"color":"ffffff00"}]},"vuln_back_glow copy 6":{"color":[{"time":2.5,"color":"ffffffff","curve":[0.25,0,0.75,1]},{"time":2.6666,"color":"ffffff00"}]},"vuln_back_glow copy 7":{"color":[{"time":2.3333,"color":"ffffffff","curve":[0.25,0,0.75,1]},{"time":2.5,"color":"ffffff00"}]},"vuln_back_glow copy 8":{"color":[{"time":2.8333,"color":"ffffffff","curve":[0.25,0,0.75,1]},{"time":3,"color":"ffffff00"}]},"vuln_back_glow copy 9":{"color":[{"time":3.1666,"color":"ffffffff","curve":[0.25,0,0.75,1]},{"time":3.3333,"color":"ffffff00"}]},"vuln_back_glow copy 10":{"color":[{"time":1.6666,"color":"ffffffff","curve":[0.304,0,0.64,0.35]},{"time":1.8333,"color":"ffffff00","curve":"stepped"},{"time":2.6333,"color":"ffffff00","curve":[0.333,0.33,0.666,0.66]},{"time":2.6666,"color":"ffffffff","curve":"stepped"},{"time":3.5,"color":"ffffffff","curve":[0.25,0,0.75,1]},{"time":3.6666,"color":"ffffff00"}]},"vuln_back_glow copy 11":{"color":[{"time":0.8333,"color":"ffffffff","curve":[0.316,0,0.65,0.34]},{"time":1,"color":"ffffff00","curve":"stepped"},{"time":2.9666,"color":"ffffff00","curve":[0.334,0.33,0.667,0.67]},{"time":3,"color":"ffffffff","curve":"stepped"},{"time":3.8333,"color":"ffffffff","curve":[0.25,0,0.75,1]},{"time":4,"color":"ffffff00"}]}},"bones":{"Speed_back_glow":{"rotate":[{"time":0,"angle":0,"curve":"stepped"},{"time":4,"angle":0}],"translate":[{"time":0,"x":0,"y":0,"curve":"stepped"},{"time":4,"x":0,"y":0}],"scale":[{"time":0,"x":1,"y":1,"curve":[0.25,0,0.75,1]},{"time":1,"x":1.2,"y":1.2,"curve":[0.25,0,0.75,1]},{"time":2,"x":1,"y":1,"curve":[0.25,0,0.75,1]},{"time":3,"x":1.2,"y":1.2,"curve":[0.25,0,0.75,1]},{"time":4,"x":1,"y":1}]},"Speed_back_glow copy":{"translate":[{"time":0,"x":130.22,"y":-977.01,"curve":[0.25,0,0.75,1]},{"time":1,"x":-185.22,"y":720.36}],"scale":[{"time":0,"x":0,"y":0,"curve":[0.25,0,0.75,1]},{"time":1,"x":3,"y":3}]},"Speed_back_glow copy 2":{"translate":[{"time":0,"x":-449.44,"y":-1121.02,"curve":"stepped"},{"time":0.3333,"x":-449.44,"y":-1121.02,"curve":[0.25,0,0.75,1]},{"time":1.3333,"x":278.96,"y":273.79,"curve":[0.25,0,0.75,1]},{"time":3.3333,"x":-449.44,"y":-1121.02,"curve":[0.25,0,0.75,1]},{"time":4,"x":189.55,"y":471.97}],"scale":[{"time":0,"x":0,"y":0,"curve":"stepped"},{"time":0.3333,"x":0,"y":0,"curve":[0.25,0,0.75,1]},{"time":1.3333,"x":1,"y":1,"curve":[0.25,0,0.75,1]},{"time":3.3333,"x":0,"y":0,"curve":[0.25,0,0.75,1]},{"time":4,"x":1.5,"y":1.5}]},"Speed_back_glow copy 3":{"translate":[{"time":0,"x":20.66,"y":-1141.68,"curve":"stepped"},{"time":0.6666,"x":20.66,"y":-1141.68,"curve":[0.25,0,0.75,1]},{"time":1.6666,"x":20.66,"y":480.43,"curve":[0.25,0,0.75,1]},{"time":1.8333,"x":20.66,"y":-1141.68,"curve":[0.25,0,0.75,1]},{"time":2.8333,"x":-1482.01,"y":-255.27}],"scale":[{"time":0,"x":0,"y":0,"curve":"stepped"},{"time":0.6666,"x":0,"y":0,"curve":[0.25,0,0.75,1]},{"time":1.6666,"x":1,"y":1,"curve":[0.25,0,0.75,1]},{"time":1.8333,"x":0,"y":0,"curve":[0.25,0,0.75,1]},{"time":2.8333,"x":1,"y":1}]},"Speed_back_glow copy 4":{"translate":[{"time":0,"x":-523.64,"y":-408.11,"curve":"stepped"},{"time":1,"x":-523.64,"y":-408.11,"curve":[0.25,0,0.75,1]},{"time":2,"x":-20.48,"y":1813.74,"curve":[0.25,0,0.75,1]},{"time":2.3333,"x":-523.64,"y":-408.11,"curve":[0.25,0,0.75,1]},{"time":3.3333,"x":464.07,"y":613.36}],"scale":[{"time":0,"x":0,"y":0,"curve":"stepped"},{"time":1,"x":0,"y":0,"curve":[0.25,0,0.75,1]},{"time":2,"x":3,"y":3,"curve":[0.25,0,0.75,1]},{"time":2.3333,"x":0,"y":0,"curve":[0.25,0,0.75,1]},{"time":3.3333,"x":1.4,"y":1.4}]},"Speed_back_glow copy 5":{"translate":[{"time":0,"x":562.06,"y":0,"curve":"stepped"},{"time":1.3333,"x":562.06,"y":0,"curve":[0.25,0,0.75,1]},{"time":2.3333,"x":468.39,"y":2125.77}],"scale":[{"time":0,"x":0,"y":0,"curve":"stepped"},{"time":1.3333,"x":0,"y":0,"curve":[0.25,0,0.75,1]},{"time":2.3333,"x":1,"y":1}]},"Speed_back_glow copy 6":{"translate":[{"time":0,"x":916.6,"y":-613.53,"curve":"stepped"},{"time":1.6666,"x":916.6,"y":-613.53,"curve":[0.25,0,0.75,1]},{"time":2.6666,"x":938.78,"y":1848}],"scale":[{"time":0,"x":0,"y":0,"curve":"stepped"},{"time":1.6666,"x":0,"y":0,"curve":[0.25,0,0.75,1]},{"time":2.6666,"x":3,"y":3}]},"Speed_back_glow copy 7":{"translate":[{"time":0,"x":14.78,"y":-1530.14,"curve":"stepped"},{"time":1.5,"x":14.78,"y":-1530.14,"curve":[0.25,0,0.75,1]},{"time":2.5,"x":-362.2,"y":288.28}],"scale":[{"time":0,"x":0,"y":0,"curve":"stepped"},{"time":1.5,"x":0,"y":0,"curve":[0.25,0,0.75,1]},{"time":2.5,"x":1,"y":1}]},"Speed_back_glow copy 8":{"translate":[{"time":0,"x":791.28,"y":-1308.38,"curve":"stepped"},{"time":2,"x":791.28,"y":-1308.38,"curve":[0.25,0,0.75,1]},{"time":3,"x":881.28,"y":635.71}],"scale":[{"time":0,"x":0,"y":0,"curve":"stepped"},{"time":2,"x":0,"y":0,"curve":[0.25,0,0.75,1]},{"time":3,"x":1,"y":1}]},"Speed_back_glow copy 9":{"translate":[{"time":0,"x":-656.99,"y":-1421.99,"curve":"stepped"},{"time":2.3333,"x":-656.99,"y":-1421.99,"curve":[0.25,0,0.75,1]},{"time":3.3333,"x":-944.99,"y":1008}],"scale":[{"time":0,"x":0,"y":0,"curve":"stepped"},{"time":2.3333,"x":0,"y":0,"curve":[0.25,0,0.75,1]},{"time":3.3333,"x":2,"y":2}]},"Speed_back_glow copy 10":{"translate":[{"time":0,"x":-540,"y":-981,"curve":"stepped"},{"time":1,"x":-540,"y":-981,"curve":[0.333,0.33,0.687,0.73]},{"time":1.8333,"x":585,"y":-486,"curve":[0.379,0.59,0.724,1]},{"time":2.6666,"x":-540,"y":-981,"curve":[0.25,0,0.75,1]},{"time":3.6666,"x":-18,"y":791.99}],"scale":[{"time":0,"x":0,"y":0,"curve":"stepped"},{"time":1,"x":0,"y":0,"curve":[0.333,0.33,0.687,0.73]},{"time":1.8333,"x":1,"y":1,"curve":[0.379,0.59,0.724,1]},{"time":2.6666,"x":0,"y":0,"curve":[0.25,0,0.75,1]},{"time":3.6666,"x":1,"y":1}]},"Speed_back_glow copy 11":{"translate":[{"time":0,"x":566.99,"y":-1071,"curve":[0.264,0,0.617,0.42]},{"time":1,"x":-945,"y":-819,"curve":[0.351,0.4,0.756,1]},{"time":3,"x":566.99,"y":-1071,"curve":[0.25,0,0.75,1]},{"time":4,"x":404.99,"y":1232.99}],"scale":[{"time":0,"x":0,"y":0,"curve":[0.264,0,0.617,0.42]},{"time":1,"x":1,"y":1,"curve":[0.351,0.4,0.756,1]},{"time":3,"x":0,"y":0,"curve":[0.25,0,0.75,1]},{"time":4,"x":1,"y":1}]}}}}}