{"skeleton":{"hash":"zlG0/F3AlSDDbsw2XVK8TViINBo","spine":"3.4.02","width":2002,"height":1888,"images":""},"bones":[{"name":"root"},{"name":"Treasure chest","parent":"root","length":1666.78,"rotation":89.83,"x":-1.46,"y":27.4},{"name":"aura","parent":"root","length":1474.48,"rotation":89.89,"x":-0.42,"y":62.91},{"name":"glow 1","parent":"root","length":61.67,"rotation":89.06,"x":-472.33,"y":1079.96},{"name":"glow 2","parent":"root","length":57.73,"rotation":88.83,"x":-196.43,"y":1009.99},{"name":"glow 3","parent":"root","length":51.83,"rotation":90,"x":277.11,"y":1103.06},{"name":"glow 4","parent":"root","length":78.78,"rotation":89.99,"x":-273.07,"y":300.14},{"name":"glow 5","parent":"root","length":66.51,"rotation":92.12,"x":182.54,"y":614.63},{"name":"glow 6","parent":"root","length":66.65,"rotation":85.76,"x":532.78,"y":388.59}],"slots":[{"name":"Treasure chest","bone":"Treasure chest","attachment":"Treasure chest"},{"name":"aura","bone":"aura","attachment":"aura"},{"name":"glow 6","bone":"glow 6","attachment":"glow 6"},{"name":"glow 5","bone":"glow 5","attachment":"glow 5"},{"name":"glow 4","bone":"glow 4","attachment":"glow 4"},{"name":"glow 3","bone":"glow 3","attachment":"glow 3"},{"name":"glow 2","bone":"glow 2","attachment":"glow 2"},{"name":"glow 1","bone":"glow 1","attachment":"glow 1"}],"skins":{"default":{"Treasure chest":{"Treasure chest":{"path":"Tresure chest","x":822,"y":33.46,"rotation":-89.83,"width":1985,"height":1701}},"aura":{"aura":{"x":670.01,"y":39.78,"rotation":-89.89,"width":2002,"height":1842}},"glow 1":{"glow 1":{"x":-21.48,"y":0.81,"rotation":-89.06,"width":243,"height":195}},"glow 2":{"glow 2":{"x":-15.44,"y":-2.75,"rotation":-88.83,"width":252,"height":211}},"glow 3":{"glow 3":{"x":-18.56,"y":-2.88,"rotation":-90,"width":252,"height":211}},"glow 4":{"glow 4":{"x":-15.74,"y":5.4,"rotation":-89.99,"width":369,"height":355}},"glow 5":{"glow 5":{"x":124.25,"y":145.14,"rotation":-92.12,"width":710,"height":616}},"glow 6":{"glow 6":{"x":-17.54,"y":-3.51,"rotation":-85.76,"width":402,"height":345}}}},"animations":{"animation":{"slots":{"aura":{"color":[{"time":0,"color":"ffffff00"},{"time":0.7666,"color":"ffffffaa","curve":"stepped"},{"time":0.9,"color":"ffffffaa"},{"time":1.6666,"color":"ffffff00"}]},"glow 1":{"color":[{"time":0,"color":"ffffff00"},{"time":0.1666,"color":"ffffffff","curve":"stepped"},{"time":0.2666,"color":"ffffffff"},{"time":0.4333,"color":"ffffff00","curve":"stepped"},{"time":1.6666,"color":"ffffff00"}]},"glow 2":{"color":[{"time":0,"color":"ffffff00","curve":"stepped"},{"time":0.4333,"color":"ffffff00"},{"time":0.6,"color":"ffffffff","curve":"stepped"},{"time":0.7,"color":"ffffffff"},{"time":0.8666,"color":"ffffff00","curve":"stepped"},{"time":1.6666,"color":"ffffff00"}]},"glow 3":{"color":[{"time":0,"color":"ffffff00","curve":"stepped"},{"time":1.0333,"color":"ffffff00"},{"time":1.2,"color":"ffffffff","curve":"stepped"},{"time":1.3,"color":"ffffffff"},{"time":1.4666,"color":"ffffff00","curve":"stepped"},{"time":1.6666,"color":"ffffff00"}]},"glow 4":{"color":[{"time":0,"color":"ffffff00","curve":"stepped"},{"time":0.1666,"color":"ffffff00"},{"time":0.3333,"color":"ffffffff","curve":"stepped"},{"time":0.4333,"color":"ffffffff"},{"time":0.6,"color":"ffffff00","curve":"stepped"},{"time":1.6666,"color":"ffffff00"}]},"glow 5":{"color":[{"time":0,"color":"ffffff00","curve":"stepped"},{"time":1.2333,"color":"ffffff00"},{"time":1.4,"color":"ffffffff","curve":"stepped"},{"time":1.5,"color":"ffffffff"},{"time":1.6666,"color":"ffffff00"}]},"glow 6":{"color":[{"time":0,"color":"ffffff00","curve":"stepped"},{"time":0.7333,"color":"ffffff00"},{"time":0.9,"color":"ffffffff","curve":"stepped"},{"time":1,"color":"ffffffff"},{"time":1.1666,"color":"ffffff00","curve":"stepped"},{"time":1.6666,"color":"ffffff00"}]}},"bones":{"aura":{"rotate":[{"time":0,"angle":0,"curve":"stepped"},{"time":0.7666,"angle":0,"curve":"stepped"},{"time":0.9,"angle":0,"curve":"stepped"},{"time":1.6666,"angle":0}],"translate":[{"time":0,"x":0,"y":0,"curve":"stepped"},{"time":0.7666,"x":0,"y":0,"curve":"stepped"},{"time":0.9,"x":0,"y":0,"curve":"stepped"},{"time":1.6666,"x":0,"y":0}],"scale":[{"time":0,"x":0.94,"y":0.94},{"time":0.7666,"x":0.951,"y":0.951,"curve":"stepped"},{"time":0.9,"x":0.951,"y":0.951},{"time":1.6666,"x":0.94,"y":0.94}]},"glow 1":{"rotate":[{"time":0,"angle":0,"curve":"stepped"},{"time":0.1666,"angle":0,"curve":"stepped"},{"time":0.2666,"angle":0,"curve":"stepped"},{"time":0.4333,"angle":0,"curve":"stepped"},{"time":1.6666,"angle":0}],"translate":[{"time":0,"x":0,"y":0,"curve":"stepped"},{"time":0.1666,"x":0,"y":0,"curve":"stepped"},{"time":0.2666,"x":0,"y":0,"curve":"stepped"},{"time":0.4333,"x":0,"y":0,"curve":"stepped"},{"time":1.6666,"x":0,"y":0}],"scale":[{"time":0,"x":1.65,"y":1.65,"curve":"stepped"},{"time":0.1666,"x":1.65,"y":1.65,"curve":"stepped"},{"time":0.2666,"x":1.65,"y":1.65,"curve":"stepped"},{"time":0.4333,"x":1.65,"y":1.65,"curve":"stepped"},{"time":1.6666,"x":1.65,"y":1.65}]},"Treasure chest":{"rotate":[{"time":0,"angle":0}],"translate":[{"time":0,"x":0,"y":0}],"scale":[{"time":0,"x":1,"y":1}]},"glow 4":{"rotate":[{"time":0,"angle":0,"curve":"stepped"},{"time":0.1666,"angle":0,"curve":"stepped"},{"time":0.3333,"angle":0,"curve":"stepped"},{"time":0.4333,"angle":0,"curve":"stepped"},{"time":0.6,"angle":0,"curve":"stepped"},{"time":1.6666,"angle":0}],"translate":[{"time":0,"x":0,"y":0,"curve":"stepped"},{"time":0.1666,"x":0,"y":0,"curve":"stepped"},{"time":0.3333,"x":0,"y":0,"curve":"stepped"},{"time":0.4333,"x":0,"y":0,"curve":"stepped"},{"time":0.6,"x":0,"y":0,"curve":"stepped"},{"time":1.6666,"x":0,"y":0}],"scale":[{"time":0,"x":0.031,"y":0.031,"curve":"stepped"},{"time":0.1666,"x":0.031,"y":0.031},{"time":0.3333,"x":1.879,"y":1.879,"curve":"stepped"},{"time":0.4333,"x":1.879,"y":1.879},{"time":0.6,"x":0.031,"y":0.031,"curve":"stepped"},{"time":1.6666,"x":0.031,"y":0.031}]},"glow 6":{"rotate":[{"time":0,"angle":0,"curve":"stepped"},{"time":0.7333,"angle":0,"curve":"stepped"},{"time":0.9,"angle":0,"curve":"stepped"},{"time":1,"angle":0,"curve":"stepped"},{"time":1.1666,"angle":0,"curve":"stepped"},{"time":1.6666,"angle":0}],"translate":[{"time":0,"x":0,"y":0,"curve":"stepped"},{"time":0.7333,"x":0,"y":0,"curve":"stepped"},{"time":0.9,"x":0,"y":0,"curve":"stepped"},{"time":1,"x":0,"y":0,"curve":"stepped"},{"time":1.1666,"x":0,"y":0,"curve":"stepped"},{"time":1.6666,"x":0,"y":0}],"scale":[{"time":0,"x":0.016,"y":0.016},{"time":0.7333,"x":1,"y":1},{"time":0.9,"x":1.402,"y":1.402,"curve":"stepped"},{"time":1,"x":1.402,"y":1.402},{"time":1.1666,"x":1,"y":1,"curve":"stepped"},{"time":1.6666,"x":1,"y":1}]},"glow 5":{"rotate":[{"time":0,"angle":0,"curve":"stepped"},{"time":1.2333,"angle":0,"curve":"stepped"},{"time":1.4,"angle":0,"curve":"stepped"},{"time":1.5,"angle":0,"curve":"stepped"},{"time":1.6666,"angle":0}],"translate":[{"time":0,"x":0,"y":0,"curve":"stepped"},{"time":1.2333,"x":0,"y":0,"curve":"stepped"},{"time":1.4,"x":0,"y":0,"curve":"stepped"},{"time":1.5,"x":0,"y":0,"curve":"stepped"},{"time":1.6666,"x":0,"y":0}],"scale":[{"time":0,"x":0.011,"y":0.011,"curve":"stepped"},{"time":1.2333,"x":0.011,"y":0.011},{"time":1.4,"x":2.053,"y":2.053,"curve":"stepped"},{"time":1.5,"x":2.053,"y":2.053},{"time":1.6666,"x":0.011,"y":0.011}]},"glow 2":{"rotate":[{"time":0,"angle":0,"curve":"stepped"},{"time":0.4333,"angle":0,"curve":"stepped"},{"time":0.6,"angle":0,"curve":"stepped"},{"time":0.7,"angle":0,"curve":"stepped"},{"time":0.8666,"angle":0,"curve":"stepped"},{"time":1.6666,"angle":0}],"translate":[{"time":0,"x":0,"y":0,"curve":"stepped"},{"time":0.4333,"x":0,"y":0,"curve":"stepped"},{"time":0.6,"x":0,"y":0,"curve":"stepped"},{"time":0.7,"x":0,"y":0,"curve":"stepped"},{"time":0.8666,"x":0,"y":0,"curve":"stepped"},{"time":1.6666,"x":0,"y":0}],"scale":[{"time":0,"x":0.018,"y":0.018,"curve":"stepped"},{"time":0.4333,"x":0.018,"y":0.018},{"time":0.6,"x":2.744,"y":2.744,"curve":"stepped"},{"time":0.7,"x":2.744,"y":2.744},{"time":0.8666,"x":0.018,"y":0.018,"curve":"stepped"},{"time":1.6666,"x":0.018,"y":0.018}]},"glow 3":{"rotate":[{"time":0,"angle":0,"curve":"stepped"},{"time":1.0333,"angle":0,"curve":"stepped"},{"time":1.2,"angle":0,"curve":"stepped"},{"time":1.3,"angle":0,"curve":"stepped"},{"time":1.4666,"angle":0,"curve":"stepped"},{"time":1.6666,"angle":0}],"translate":[{"time":0,"x":0,"y":0,"curve":"stepped"},{"time":1.0333,"x":0,"y":0,"curve":"stepped"},{"time":1.2,"x":0,"y":0,"curve":"stepped"},{"time":1.3,"x":0,"y":0,"curve":"stepped"},{"time":1.4666,"x":0,"y":0,"curve":"stepped"},{"time":1.6666,"x":0,"y":0}],"scale":[{"time":0,"x":0.01,"y":0.01,"curve":"stepped"},{"time":1.0333,"x":0.01,"y":0.01},{"time":1.2,"x":2.169,"y":2.169,"curve":"stepped"},{"time":1.3,"x":2.169,"y":2.169},{"time":1.4666,"x":0.01,"y":0.01,"curve":"stepped"},{"time":1.6666,"x":0.01,"y":0.01}]}}}}}